-- phpMyAdmin SQL Dump
-- version 4.8.3
-- https://www.phpmyadmin.net/
--
-- Host: 127.0.0.1
-- Generation Time: Jun 15, 2020 at 09:40 AM
-- Server version: 10.1.35-MariaDB
-- PHP Version: 7.2.9

SET SQL_MODE = "NO_AUTO_VALUE_ON_ZERO";
SET AUTOCOMMIT = 0;
START TRANSACTION;
SET time_zone = "+00:00";


/*!40101 SET @OLD_CHARACTER_SET_CLIENT=@@CHARACTER_SET_CLIENT */;
/*!40101 SET @OLD_CHARACTER_SET_RESULTS=@@CHARACTER_SET_RESULTS */;
/*!40101 SET @OLD_COLLATION_CONNECTION=@@COLLATION_CONNECTION */;
/*!40101 SET NAMES utf8mb4 */;

--
-- Database: `mposyandu4`
--

-- --------------------------------------------------------

--
-- Table structure for table `admin`
--

CREATE TABLE `admin` (
  `id` int(11) NOT NULL,
  `role_id` int(11) NOT NULL,
  `email` varchar(255) COLLATE utf8_unicode_ci NOT NULL,
  `password` varchar(255) COLLATE utf8_unicode_ci NOT NULL,
  `active` int(1) NOT NULL,
  `created_at` timestamp NOT NULL DEFAULT CURRENT_TIMESTAMP ON UPDATE CURRENT_TIMESTAMP,
  `updated_at` timestamp NOT NULL DEFAULT CURRENT_TIMESTAMP ON UPDATE CURRENT_TIMESTAMP
) ENGINE=InnoDB DEFAULT CHARSET=utf8 COLLATE=utf8_unicode_ci;

--
-- Dumping data for table `admin`
--

INSERT INTO `admin` (`id`, `role_id`, `email`, `password`, `active`, `created_at`, `updated_at`) VALUES
(0, 1, 'admin@mobileposyandu.com', '$2y$12$NjyKqNxmBeMY/SV5eC1GYu8Jx4qv.egBIzqNd9ywPeML2xNBMv6F.', 1, '2019-08-03 05:02:37', '2019-08-03 05:02:37');

-- --------------------------------------------------------

--
-- Table structure for table `balita`
--

CREATE TABLE `balita` (
  `id` int(11) NOT NULL,
  `posyandu_id` int(11) NOT NULL,
  `nama` varchar(255) NOT NULL,
  `gender` varchar(1) NOT NULL,
  `alamat` varchar(255) NOT NULL,
  `tanggal_lahir` date NOT NULL,
  `ayah` varchar(255) NOT NULL,
  `ibu_id` int(11) NOT NULL,
  `photo` varchar(100) NOT NULL,
  `active` int(11) NOT NULL DEFAULT '1',
  `creator_id` int(11) NOT NULL,
  `id_qrcode` varchar(1000) NOT NULL,
  `qrcode` varchar(1000) NOT NULL,
  `created_at` timestamp NOT NULL DEFAULT CURRENT_TIMESTAMP,
  `updated_at` timestamp NOT NULL DEFAULT CURRENT_TIMESTAMP ON UPDATE CURRENT_TIMESTAMP
) ENGINE=InnoDB DEFAULT CHARSET=latin1;

--
-- Dumping data for table `balita`
--

INSERT INTO `balita` (`id`, `posyandu_id`, `nama`, `gender`, `alamat`, `tanggal_lahir`, `ayah`, `ibu_id`, `photo`, `active`, `creator_id`, `id_qrcode`, `qrcode`, `created_at`, `updated_at`) VALUES
(6, 1, 'Anya Finola Dienislami', 'P', 'Kinagara regency T8', '2014-09-26', 'Fasa Dienislami', 16, '0', 1, 13, 'B00001', 'B00360.png', '2017-12-15 21:48:42', '2020-06-11 02:03:48'),
(9, 1, 'Hasna kamila', 'L', 'Kunagara L11', '2013-08-26', 'Ifan kristiono', 17, '0', 1, 9, 'B00002', 'B00002.png', '2017-12-15 21:51:23', '2020-06-10 00:29:19'),
(15, 1, 'Shafa aghnia khalifa', 'P', 'Kinagara regency N12', '2012-12-29', 'H.sandi', 18, '0', 1, 7, 'B00003', 'B00003.png', '2017-12-15 21:53:44', '2020-06-10 00:29:19'),
(20, 1, 'Athallah Dzaki R', 'L', 'Kinagara Regency G61', '2014-03-01', 'Suluh', 19, '0', 1, 13, 'B00004', 'B00004.png', '2018-02-11 00:33:30', '2020-06-10 00:29:19'),
(22, 1, 'Abdillah Abqori Agam', 'L', 'Kinagara Regency N20', '2015-04-08', 'Rosikin', 20, '0', 1, 13, 'B00005', 'B00005.png', '2018-02-11 00:41:32', '2020-06-10 00:29:19'),
(23, 1, 'Alika Numa', 'P', 'Kinagara Regency H6', '2016-08-27', 'Hasan Buldani', 21, '0', 1, 13, 'B00006', 'B00006.png', '2018-02-11 00:43:44', '2020-06-10 00:29:19'),
(24, 1, 'Alvaro Abidzar', 'L', 'Kinagara Regency K42', '2013-09-21', 'Helmy', 22, '0', 1, 7, 'B00007', 'B00007.png', '2018-02-11 00:45:15', '2020-06-10 00:29:19'),
(25, 1, 'Arsylla Queeneta S', 'P', 'Kinagara Regency O3', '2016-07-08', 'Rudi', 23, '0', 1, 13, 'B00008', 'B00008.png', '2018-02-11 00:47:00', '2020-06-10 00:29:19'),
(26, 1, 'Adeeva', 'P', 'Kinagara Regency M19', '2016-03-27', 'Rully', 24, '0', 1, 13, 'B00009', 'B00009.png', '2018-02-11 00:48:56', '2020-06-10 00:29:19'),
(27, 1, 'Asya Shavana Alifa', 'P', 'Kinagara Regency M7', '2016-08-03', 'Aditya Kosumawardana', 25, '0', 1, 13, 'B00010', 'B00010.png', '2018-02-11 00:50:48', '2020-06-10 00:29:20'),
(28, 1, 'Arfan Siddiq', 'L', 'Kinagara Regency I3', '2015-09-06', 'Cecep', 26, '0', 1, 13, 'B00011', 'B00011.png', '2018-02-11 00:52:10', '2020-06-10 00:29:20'),
(29, 1, 'Azka Asiara R', 'L', 'Kinagara Regency O19', '2013-07-24', 'Taufik', 27, '0', 1, 13, 'B00012', 'B00012.png', '2018-02-11 00:53:55', '2020-06-10 00:29:20'),
(30, 1, 'Adrian Raine', 'L', 'Kinagara Regency N22', '2017-08-07', 'X. Hendi Tumonggor', 28, '0', 1, 13, 'B00013', 'B00013.png', '2018-02-11 00:55:48', '2020-06-10 00:29:20'),
(31, 1, 'Azdan Khalid', 'L', 'Kinagara Regency S1', '2016-07-29', 'Rastra', 29, '0', 1, 13, 'B00014', 'B00014.png', '2018-02-11 00:59:31', '2020-06-10 00:29:20'),
(32, 1, 'Almira Selena Dewi', 'P', 'Kinagara Regency I27', '2012-10-12', 'Untung', 30, '0', 1, 13, 'B00015', 'B00015.png', '2018-02-11 01:11:01', '2020-06-10 00:29:20'),
(33, 1, 'Arkan', 'L', 'Kinagara Regency K34', '2013-11-30', 'Yodi', 31, '0', 1, 13, 'B00016', 'B00016.png', '2018-02-11 01:12:18', '2020-06-10 00:29:20'),
(34, 1, 'Al Raira Jasmine', 'P', 'Kinagara Regency D14', '2013-09-04', 'Alfan', 32, '0', 1, 13, 'B00017', 'B00017.png', '2018-02-11 01:14:01', '2020-06-10 00:29:20'),
(35, 1, 'Avicena R. Z', 'L', 'Kinagara Regency A8', '2015-08-12', 'Rizal', 34, '0', 1, 13, 'B00018', 'B00018.png', '2018-02-11 01:15:13', '2020-06-10 00:29:21'),
(36, 1, 'Alula', 'P', 'Kinagara Regency I41', '2017-07-21', 'Rizal', 34, '0', 1, 13, 'B00019', 'B00019.png', '2018-02-11 01:16:26', '2020-06-10 00:29:21'),
(37, 1, 'Aliffiya Fathiya Aalina R', 'P', 'Kinagara Regency K40', '2011-12-04', 'Irsyad', 35, '0', 1, 13, 'B00020', 'B00020.png', '2018-02-11 01:18:19', '2020-06-10 00:29:21'),
(38, 1, 'Agnia Asha Saraswati', 'P', 'Kinagara Regency RAYA3', '2013-11-25', 'Wahyu Anggoro', 36, '0', 1, 13, 'B00021', 'B00021.png', '2018-02-11 01:20:49', '2020-06-10 00:29:21'),
(39, 1, 'Alvaro Gavviel', 'L', 'Kinagara Regency N13', '2013-04-15', 'Yudi', 37, '0', 1, 13, 'B00022', 'B00022.png', '2018-02-11 01:22:17', '2020-06-10 00:29:21'),
(40, 1, 'Alqeisya', 'P', 'Kinagara Regency D110', '2016-07-19', 'Erwin', 38, '0', 1, 13, 'B00023', 'B00023.png', '2018-02-11 01:24:01', '2020-06-10 00:29:21'),
(41, 1, 'Alqueensya', 'P', 'Kinagara Regency D110', '2014-06-06', 'Erwin', 40, '0', 1, 13, 'B00024', 'B00024.png', '2018-02-11 01:25:33', '2020-06-10 00:29:21'),
(42, 1, 'Arlicha Mubarakatah', 'P', 'Kinagara Regency A9', '2016-02-10', 'Dian', 41, '0', 1, 13, 'B00025', 'B00025.png', '2018-02-11 01:28:21', '2020-06-10 00:29:22'),
(43, 1, 'Abdurrahman Arwyn', 'L', 'Kinagara Regency N19', '2017-04-17', 'Ismail', 41, '0', 1, 13, 'B00026', 'B00026.png', '2018-02-11 01:29:53', '2020-06-10 00:29:22'),
(44, 1, 'Adriana Thalitha Zahrani', 'P', 'Kinagara Regency N4', '2017-02-26', 'Iyan', 42, '0', 1, 13, 'B00027', 'B00027.png', '2018-02-11 01:31:14', '2020-06-10 00:29:22'),
(45, 1, 'Arfa Pranaja Gunantio', 'L', 'Kinagara Regency G21', '2015-11-02', 'D. Handung', 43, '0', 1, 13, 'B00028', 'B00028.png', '2018-02-11 01:32:36', '2020-06-10 00:29:22'),
(46, 1, 'Aqeela Khanza', 'P', 'Kianagara Regency G21', '2013-02-09', 'D. Handung', 45, '0', 1, 13, 'B00029', 'B00029.png', '2018-02-11 01:34:15', '2020-06-10 00:29:22'),
(47, 1, 'Aisha Nada Syakira', 'P', 'Kinagara Regency N6', '2012-04-25', 'Dicky', 45, '0', 1, 13, 'B00030', 'B00030.png', '2018-02-11 01:35:37', '2020-06-10 00:29:22'),
(48, 1, 'Anisa', 'P', 'Kinagara Regency K48', '2016-11-18', 'Dede', 46, '0', 1, 13, 'B00031', 'B00031.png', '2018-02-11 01:36:42', '2020-06-10 00:29:22'),
(49, 1, 'Althaf', 'L', 'Kinagara Regency G12', '2013-07-27', 'Miftah', 47, '0', 1, 13, 'B00032', 'B00032.png', '2018-02-11 01:37:55', '2020-06-10 00:29:22'),
(50, 1, 'Ahtar Alayubi', 'L', 'Kinagara Regency K22', '2015-04-13', 'Aditya', 48, '0', 1, 13, 'B00033', 'B00033.png', '2018-02-11 01:39:17', '2020-06-10 00:29:22'),
(51, 1, 'Azka H', 'L', 'Kinagara Regengy H4', '2012-01-01', 'Yordan', 49, '0', 1, 13, 'B00034', 'B00034.png', '2018-02-11 01:41:40', '2020-06-10 00:29:22'),
(52, 1, 'Azalea Laiqa Karina R', 'P', 'Kinagara Regency K40', '2013-10-06', 'Irsyad', 51, '0', 1, 13, 'B00035', 'B00035.png', '2018-02-11 01:43:47', '2020-06-10 00:29:23'),
(53, 1, 'Abichail Jeanoah Monchunian L', 'P', 'Kinagara Regency R18', '2013-10-11', 'Januar Pratama', 51, '0', 1, 13, 'B00036', 'B00036.png', '2018-02-11 01:45:52', '2020-06-10 00:29:23'),
(54, 1, 'Andira Kayla', 'P', 'Kinagara Regency I24', '2015-04-10', 'Andi', 52, '0', 1, 13, 'B00037', 'B00037.png', '2018-02-11 01:49:55', '2020-06-10 00:29:23'),
(55, 1, 'Rania Haura Alesha', 'P', 'Kinagara regency N2', '2015-12-06', 'Dadan Nur Ramadan', 53, 'img/NoffiLestari@gmail.com/baby/Rania Haura Alesha/20190802_074118.jpg', 1, 9, 'B00038', 'B00038.png', '2018-02-11 01:51:05', '2020-06-10 00:29:23'),
(56, 1, 'Lathisa', 'P', 'Kinagara Regency D11', '2015-03-19', 'Reza', 54, '0', 1, 13, 'B00039', 'B00039.png', '2018-02-11 01:52:24', '2020-06-10 00:29:23'),
(57, 1, 'Khadijah Puti Ghaliyah', 'P', 'Kinagara Regency A5', '2015-02-20', 'Itus', 55, '0', 1, 13, 'B00040', 'B00040.png', '2018-02-11 01:53:47', '2020-06-10 00:29:23'),
(58, 1, 'M. Rasya Mahardika', 'L', 'Kinagara Regency B5', '2017-07-07', 'Apik', 56, '0', 1, 13, 'B00041', 'B00041.png', '2018-02-11 01:55:16', '2020-06-10 00:29:23'),
(59, 1, 'Kiandra Anaia', 'P', 'Kinagara Regency Q1', '2014-07-23', 'Aldi', 57, '0', 1, 13, 'B00042', 'B00042.png', '2018-02-11 01:56:44', '2020-06-10 00:29:23'),
(60, 1, 'Kaisha Putri', 'P', 'Kinagara Regency B124', '2014-09-07', 'Kresna', 58, '0', 1, 13, 'B00043', 'B00043.png', '2018-02-11 02:00:10', '2020-06-10 00:29:24'),
(61, 1, 'Kenzie Naizar .F', 'L', 'Kinagara Regency J10', '2013-05-17', 'Imat', 60, '0', 1, 13, 'B00044', 'B00044.png', '2018-02-11 02:03:12', '2020-06-10 00:29:24'),
(62, 1, 'Keenan Athala S', 'L', 'Kinagara Regency I9', '2017-09-08', 'Deni', 61, '0', 1, 13, 'B00045', 'B00045.png', '2018-02-11 02:05:56', '2020-06-10 00:29:24'),
(63, 1, 'Kainan Tahta Pratama Aji', 'L', 'Kinagara Regency K7', '2016-07-22', 'Kurnia Randanu Aji', 61, '0', 1, 13, 'B00046', 'B00046.png', '2018-02-11 02:09:35', '2020-06-10 00:29:24'),
(64, 1, 'Keiko Putri', 'P', 'KINAGARA REGENCY G37', '2014-01-04', 'Ari Yanuar', 62, '0', 1, 13, 'B00047', 'B00047.png', '2018-02-11 02:13:35', '2020-06-10 00:29:24'),
(65, 1, 'Kilau Bulan H', 'P', 'Kinagara Regency L24', '2013-09-08', 'A. Habibi', 63, '0', 1, 13, 'B00048', 'B00048.png', '2018-02-11 02:15:52', '2020-06-10 00:29:24'),
(66, 1, 'Kanza Abidah', 'P', 'Kinagara Regency I34', '2014-04-16', 'Kuswanto', 64, '0', 1, 13, 'B00049', 'B00049.png', '2018-02-11 02:17:58', '2020-06-10 00:29:24'),
(67, 1, 'Kumarayyan Farhanisa', 'P', 'Kinagara Regency O9', '2017-07-21', 'Monterico', 65, '0', 1, 13, 'B00050', 'B00050.png', '2018-02-11 02:19:32', '2020-06-10 00:29:24'),
(68, 1, 'Kiminara Khasavi', 'P', 'Kinagara Regency I36', '2013-03-11', 'Hanif', 66, '0', 1, 13, 'B00051', 'B00051.png', '2018-02-11 02:21:01', '2020-06-10 00:29:24'),
(69, 1, 'Kirana Adia', 'P', 'Kinagara Regency G51', '2015-06-22', 'Diki', 68, '0', 1, 13, 'B00052', 'B00052.png', '2018-02-11 02:22:28', '2020-06-10 00:29:24'),
(70, 1, 'Keinara', 'P', 'Kinagara Regency G63', '2017-01-24', 'Dedi', 68, '0', 1, 13, 'B00053', 'B00053.png', '2018-02-11 02:23:53', '2020-06-10 00:29:24'),
(71, 1, 'Keyvaan', 'L', 'Kinagara Regency RAYA5', '2014-12-16', 'Iman', 69, '0', 1, 13, 'B00054', 'B00054.png', '2018-02-11 02:25:10', '2020-06-10 00:29:24'),
(72, 1, 'Tengku Arsyi Azhar', 'L', 'Kinagara Regency I59', '2015-06-23', 'Zulfahmi Hendra', 70, '0', 1, 13, 'B00055', 'B00055.png', '2018-02-11 02:27:10', '2020-06-10 00:29:24'),
(73, 1, 'Tabina Askana S', 'P', 'Kinagara Regency H15', '2014-07-15', 'Iwan K', 71, '0', 1, 13, 'B00056', 'B00056.png', '2018-02-11 02:28:35', '2020-06-10 00:29:24'),
(74, 1, 'Mika Senewe', 'L', 'Kinagara Regency L6', '2017-02-20', 'Franki Senewe', 72, '0', 1, 13, 'B00057', 'B00057.png', '2018-02-11 02:30:21', '2020-06-10 00:29:25'),
(75, 1, 'M. Faqqih A', 'L', 'Kinagara Regency B18', '2017-05-25', 'Arief', 73, '0', 1, 13, 'B00058', 'B00058.png', '2018-02-11 02:31:49', '2020-06-10 00:29:25'),
(76, 1, 'Brian Pranata', 'L', 'Kinagara Regency K6', '2017-02-04', 'Yocke', 75, '0', 1, 13, 'B00059', 'B00059.png', '2018-02-11 02:33:09', '2020-06-10 00:29:25'),
(77, 1, 'Raihan Afnan Raditya', 'L', 'Kinagara Regency L13', '2017-04-17', 'Hendardi', 75, '0', 1, 13, 'B00060', 'B00060.png', '2018-02-11 02:34:53', '2020-06-10 00:29:25'),
(78, 1, 'Zhafira', 'P', 'Kinagara Regency ROW 95', '2016-03-31', 'Agus', 76, '0', 1, 13, 'B00061', 'B00061.png', '2018-02-11 02:36:54', '2020-06-10 00:29:25'),
(79, 1, 'Zahra Amira', 'P', 'KInagara RegencyC C18', '2014-06-26', 'Deni', 77, '0', 1, 13, 'B00062', 'B00062.png', '2018-02-11 02:38:21', '2020-06-10 00:29:25'),
(80, 1, 'Zaidan Bilfaqih', 'L', 'Kinagara Regency ROW 95', '2013-06-03', 'Agus S', 78, '0', 1, 13, 'B00063', 'B00063.png', '2018-02-11 02:39:43', '2020-06-10 00:29:25'),
(81, 1, 'Zalfa Thufailah', 'P', 'Kinagara Regency G75', '2012-08-19', 'Dani', 79, '0', 1, 13, 'B00064', 'B00064.png', '2018-02-11 02:41:07', '2020-06-10 00:29:25'),
(82, 1, 'Wirga Abrisam', 'L', 'Kinagara Regency K2', '2015-09-12', 'Agus', 80, '0', 1, 13, 'B00065', 'B00065.png', '2018-02-11 02:42:29', '2020-06-10 00:29:25'),
(83, 1, 'Daniswara Pranaja', 'L', 'Kinagara Regency B130', '2016-04-29', 'Safrudin', 81, '0', 1, 13, 'B00066', 'B00066.png', '2018-02-11 02:43:52', '2020-06-10 00:29:26'),
(84, 1, 'Danish Faldi M', 'L', 'Kinagara Regency C9', '2014-03-23', 'Benny', 83, '0', 1, 13, 'B00067', 'B00067.png', '2018-02-11 02:45:17', '2020-06-10 00:29:26'),
(85, 1, 'Debo', 'L', 'Kinagara Regency K14', '2014-04-30', 'Andri', 84, '0', 1, 13, 'B00068', 'B00068.png', '2018-02-11 02:46:29', '2020-06-10 00:29:26'),
(86, 1, 'Deandra Almafira', 'P', 'KInagara Regency T12', '2014-12-11', 'Dena Redo', 84, '0', 1, 13, 'B00069', 'B00069.png', '2018-02-11 02:48:11', '2020-06-10 00:29:26'),
(87, 1, 'Diandra Arfa Mahesa', 'L', 'Kinagara Regency K46', '2016-01-07', 'Peny', 86, '0', 1, 13, 'B00070', 'B00070.png', '2018-02-11 02:50:18', '2020-06-10 00:29:26'),
(88, 1, 'Cheivo Arsa Putra', 'L', 'Kinagara Regency C27', '2014-05-26', 'Febby', 86, '0', 1, 13, 'B00071', 'B00071.png', '2018-02-11 02:51:56', '2020-06-10 00:29:26'),
(89, 1, 'Bilqis Syakila S', 'P', 'Kinagara Regency B20', '2014-02-09', 'Felix', 87, '0', 1, 13, 'B00072', 'B00072.png', '2018-02-11 02:53:52', '2020-06-10 00:29:26'),
(90, 1, 'Rakai Pikatan Wangisuta', 'L', 'Kinagara Regency K17', '2017-05-27', 'Tizar', 88, '0', 1, 13, 'B00073', 'B00073.png', '2018-02-11 02:55:30', '2020-06-10 00:29:26'),
(91, 1, 'Hilwa Shovia ADN', 'P', 'Kinagara Regency J17', '2017-09-09', 'Sofari Nurul Fauzi', 89, '0', 1, 13, 'B00074', 'B00074.png', '2018-02-11 02:56:58', '2020-06-10 00:29:27'),
(92, 1, 'Aufar Barra Fatih', 'L', 'Kinagara Regency A22', '2017-10-27', 'Bese', 90, '0', 1, 13, 'B00075', 'B00075.png', '2018-02-11 02:58:29', '2020-06-10 00:29:27'),
(93, 1, 'Fakhrizal Imam', 'L', 'Kinagara Regency B6', '2017-12-21', 'Aziz', 91, '0', 1, 13, 'B00076', 'B00076.png', '2018-02-11 03:00:03', '2020-06-10 00:29:27'),
(94, 1, 'M. Rasyid Zahiru Shah', 'L', 'Kinagara Regency T4', '2017-10-01', 'Zahrul', 92, '0', 1, 13, 'B00077', 'B00077.png', '2018-02-11 03:01:43', '2020-06-10 00:29:27'),
(95, 1, 'Frisanino Atthahir M', 'L', 'Kinagara Regency M15', '2016-09-24', 'Karel', 93, '0', 1, 13, 'B00078', 'B00078.png', '2018-02-11 03:03:46', '2020-06-10 00:29:27'),
(96, 1, 'M. Zibran A', 'L', 'Kinagara Regency Q13', '2016-04-27', 'Icon', 94, '0', 1, 13, 'B00079', 'B00079.png', '2018-02-11 03:05:13', '2020-06-10 00:29:27'),
(97, 1, 'Saktika Achmad', 'L', 'Kinagara Regency C115', '2016-06-01', 'Guruh', 95, '0', 1, 13, 'B00080', 'B00080.png', '2018-02-11 03:06:42', '2020-06-10 00:29:27'),
(98, 1, 'M. Gaozan', 'L', 'Kinagara Regency B3', '2016-02-24', 'Wahyu', 96, '0', 1, 13, 'B00081', 'B00081.png', '2018-02-11 03:08:02', '2020-06-10 00:29:27'),
(99, 1, 'Sabiq Abdurahman', 'L', 'Kinagara Regency A5', '2016-11-28', 'Itus', 98, '0', 1, 13, 'B00082', 'B00082.png', '2018-02-11 03:09:19', '2020-06-10 00:29:28'),
(100, 1, 'Nabihan', 'L', 'Kinagara Regency I21', '2016-10-04', 'Benny', 98, '0', 1, 13, 'B00083', 'B00083.png', '2018-02-11 03:10:27', '2020-06-10 00:29:28'),
(101, 1, 'Keifano Aqmar Pramana', 'L', 'Kinagara Regency P4', '2016-02-19', 'Ari Pramana', 99, '0', 1, 13, 'B00084', 'B00084.png', '2018-02-11 03:11:38', '2020-06-10 00:29:28'),
(102, 1, 'Zhafran Wiratama B', 'L', 'Kinagara Regency R17', '2016-02-12', 'Alf', 100, '0', 1, 13, 'B00085', 'B00085.png', '2018-02-11 03:13:04', '2020-06-10 00:29:28'),
(103, 1, 'Hamiz Krisna A', 'L', 'Kinagara Regency Q6', '2016-07-15', 'Febri', 101, '0', 1, 13, 'B00086', 'B00086.png', '2018-02-11 04:22:36', '2020-06-10 00:29:28'),
(104, 1, 'Caessar Ayrakalil', 'L', 'Kinagara Regency J23', '2016-03-29', 'Candra', 102, '0', 1, 13, 'B00087', 'B00087.png', '2018-02-11 04:27:45', '2020-06-10 00:29:28'),
(105, 1, 'Regha Arsenio', 'L', 'Kinagara Regency H34', '2017-01-18', 'Yudi', 103, '0', 1, 13, 'B00088', 'B00088.png', '2018-02-11 04:32:36', '2020-06-10 00:29:28'),
(106, 1, 'Sultan muhammad alfatih', 'L', 'Kinagara Regency N12', '2016-06-13', 'Sandy', 105, '0', 1, 7, 'B00089', 'B00089.png', '2018-02-11 05:35:00', '2020-06-10 00:29:28'),
(107, 1, 'Aria Gohan', 'L', 'Kinagara Regency E5', '2016-05-20', 'Alex Simatupang', 105, '0', 1, 13, 'B00090', 'B00090.png', '2018-02-11 05:38:09', '2020-06-10 00:29:28'),
(108, 1, 'Haikal Almari Fauzan', 'L', 'Kinagara Regency C7', '2016-06-10', 'mufty', 106, '0', 1, 13, 'B00091', 'B00091.png', '2018-02-11 05:42:28', '2020-06-10 00:29:29'),
(109, 1, 'Nafeeza Aira Kirani', 'P', 'Kinagara Regency E7', '2017-03-13', 'Firman', 108, '0', 1, 13, 'B00092', 'B00092.png', '2018-02-11 05:50:04', '2020-06-10 00:29:29'),
(110, 1, 'Malika Deana', 'P', 'Kinagara Regency G24', '2017-04-23', 'Iqbal', 109, '0', 1, 13, 'B00093', 'B00093.png', '2018-02-11 05:52:43', '2020-06-10 00:29:29'),
(111, 1, 'Gwensanveda Kanza Ordelina', 'P', 'Kinagara Regency K3', '2017-04-23', 'Vickra Yara Khanza', 109, '0', 1, 13, 'B00094', 'B00094.png', '2018-02-11 05:58:00', '2020-06-10 00:29:29'),
(112, 1, 'Lashira', 'P', 'Kinagara Regency Q11', '2017-05-23', 'Rena', 110, '0', 1, 13, 'B00095', 'B00095.png', '2018-02-11 07:20:29', '2020-06-10 00:29:29'),
(113, 1, 'Arshaka', 'L', 'Kinagara Regency Q8', '2015-12-09', 'Andreanto', 111, '0', 1, 13, 'B00096', 'B00096.png', '2018-02-11 07:22:59', '2020-06-10 00:29:29'),
(114, 1, 'Shafina Atmalia', 'P', 'Kinagara Regency I19', '2016-06-18', 'Ratri', 112, '0', 1, 13, 'B00097', 'B00097.png', '2018-02-11 08:36:11', '2020-06-10 00:29:29'),
(115, 1, 'Khairunnisa', 'P', 'Kinagara Regency P2', '2015-09-27', 'Andra', 113, '0', 1, 13, 'B00098', 'B00098.png', '2018-02-11 08:38:09', '2020-06-10 00:29:30'),
(116, 1, 'Deandra Aika Rahma', 'P', 'Kinagara Regency O8', '2016-06-09', 'Rivan R', 114, '0', 1, 13, 'B00099', 'B00099.png', '2018-02-11 08:40:09', '2020-06-10 00:29:30'),
(117, 1, 'Jessica', 'P', 'Kinagara Regency K24', '2016-06-16', 'Heryadi', 116, '0', 1, 13, 'B00100', 'B00100.png', '2018-02-11 08:42:12', '2020-06-10 00:29:30'),
(118, 1, 'Shofi Salsabila', 'P', 'Kinagara Regency C11', '2016-02-16', 'Sonny', 116, '0', 1, 13, 'B00101', 'B00101.png', '2018-02-11 08:44:10', '2020-06-10 00:29:30'),
(119, 1, 'Yumna Khairina', 'P', 'Kinagara Regency M16', '2015-12-28', 'Nidi', 117, '0', 1, 13, 'B00102', 'B00102.png', '2018-02-11 08:45:31', '2020-06-10 00:29:30'),
(120, 1, 'Keyshevia Zevanna', 'P', 'Kinagara Regency O12', '2016-03-15', 'Indra', 119, '0', 1, 13, 'B00103', 'B00103.png', '2018-02-11 08:47:13', '2020-06-10 00:29:30'),
(121, 1, 'M. Raziq Hanan', 'L', 'Kinagara Regency A19', '2014-11-05', 'Handry Tatar', 119, '0', 1, 13, 'B00104', 'B00104.png', '2018-02-11 08:48:56', '2020-06-10 00:29:30'),
(122, 1, 'Reynand Adrian Akbar', 'L', 'Kinagara Regency J27', '2015-05-21', 'Iman', 120, '0', 1, 13, 'B00105', 'B00105.png', '2018-02-11 08:50:42', '2020-06-10 00:29:30'),
(123, 1, 'M. Nafis', 'L', 'Kinagara Regency A5', '2013-12-12', 'Itus', 122, '0', 1, 13, 'B00106', 'B00106.png', '2018-02-11 08:51:55', '2020-06-10 00:29:31'),
(124, 1, 'M. Lathief', 'L', 'Kinagara Regency P2', '2013-09-27', 'Andra', 123, '0', 1, 13, 'B00107', 'B00107.png', '2018-02-11 08:53:43', '2020-06-10 00:29:31'),
(125, 1, 'Milan Mahran', 'L', 'Kinagara Regency I14', '2015-11-12', 'Adit', 123, '0', 1, 13, 'B00108', 'B00108.png', '2018-02-11 08:55:01', '2020-06-10 00:29:31'),
(126, 1, 'Abimanyu Syahmi Prasetyo', 'L', 'Kinagara Regency G20', '2014-11-30', 'Erfan', 124, '0', 1, 13, 'B00109', 'B00109.png', '2018-02-11 08:56:56', '2020-06-10 00:29:31'),
(127, 1, 'M. Rakha Cavalera', 'L', 'Kinagara Regency T17', '2015-04-29', 'M. Irman', 125, '0', 1, 13, 'B00110', 'B00110.png', '2018-02-11 08:59:02', '2020-06-10 00:29:31'),
(128, 1, 'Valen Ganesa', 'L', 'Kinagara Regency Q9', '2014-02-14', 'Fajar Pramono', 126, '0', 1, 13, 'B00111', 'B00111.png', '2018-02-11 09:00:38', '2020-06-10 00:29:31'),
(129, 1, 'Azka Aldric Alkhalifi Zikri', 'L', 'Kinagara Regency D22', '2014-03-11', 'Dwiyanto', 127, '0', 1, 13, 'B00112', 'B00112.png', '2018-02-11 09:03:28', '2020-06-10 00:29:31'),
(130, 1, 'M. Azlan Rayshiva T', 'L', 'Kinagara Regency J25', '2017-08-22', 'Cepi', 128, '0', 1, 13, 'B00113', 'B00113.png', '2018-02-11 09:04:56', '2020-06-10 00:29:31'),
(131, 1, 'Naufal Afkar', 'L', 'Kinagara Regency L13', '2014-07-29', 'Hendardi', 129, '0', 1, 13, 'B00114', 'B00114.png', '2018-02-11 09:06:16', '2020-06-10 00:29:32'),
(132, 1, 'Qalbi', 'L', 'Kinagara Regency H27', '2015-11-01', 'Iqbal', 130, '0', 1, 13, 'B00115', 'B00115.png', '2018-02-11 09:08:11', '2020-06-10 00:29:32'),
(133, 1, 'Kenzie  Althaff Pramana', 'L', 'Kinagara Regency P4', '2013-05-05', 'Ari Pramana', 132, '0', 1, 13, 'B00116', 'B00116.png', '2018-02-11 09:09:48', '2020-06-10 00:29:32'),
(134, 1, 'M. Khafid Zayyan', 'L', 'Kinagara Regency G41', '2015-05-26', 'Ahamad Fikri', 132, '0', 1, 13, 'B00117', 'B00117.png', '2018-02-11 09:12:30', '2020-06-10 00:29:32'),
(135, 1, 'Aldan Danadyaksa B', 'L', 'Kinagara Regency R17', '2013-09-05', 'Alf', 134, '0', 1, 13, 'B00118', 'B00118.png', '2018-02-11 09:14:17', '2020-06-10 00:29:32'),
(136, 1, 'M. Ghani Krisna A', 'L', 'Kiangara Regency Q6', '2014-11-01', 'Febri', 135, '0', 1, 13, 'B00119', 'B00119.png', '2018-02-11 09:15:48', '2020-06-10 00:29:32'),
(137, 1, 'Zhafran Faith wafi Alvaro', 'L', 'Kinagara Regency M17', '2014-11-28', 'Setio Darmawan', 135, '0', 1, 13, 'B00120', 'B00120.png', '2018-02-11 09:17:36', '2020-06-10 00:29:32'),
(138, 1, 'Abyaz Ghifary', 'L', 'Kinagara Regency ROW 91', '2014-08-06', 'Dedi Mulyadi', 136, '0', 1, 13, 'B00121', 'B00121.png', '2018-02-11 09:19:38', '2020-06-10 00:29:32'),
(139, 1, 'Pradipta Aditya', 'L', 'Kunagara Regency J27', '2013-02-12', 'Iman', 138, '0', 1, 13, 'B00122', 'B00122.png', '2018-02-11 09:20:43', '2020-06-10 00:29:33'),
(140, 1, 'Mayaza Aisyah', 'P', 'Kinagara Regency C17', '2016-05-24', 'Hadi', 138, '0', 1, 13, 'B00123', 'B00123.png', '2018-02-11 09:22:08', '2020-06-10 00:29:33'),
(141, 1, 'Moch. Adzlan Harisandi', 'L', 'Kinagara Regency B7', '2015-03-09', 'Dicky Risandi', 139, '0', 1, 13, 'B00124', 'B00124.png', '2018-02-11 09:23:30', '2020-06-10 00:29:33'),
(142, 1, 'Sultan Adzkilani', 'L', 'Kinagara Regency B15', '2015-05-01', 'Agus', 140, '0', 1, 13, 'B00125', 'B00125.png', '2018-02-11 09:25:19', '2020-06-10 00:29:33'),
(143, 1, 'Andrea Al Gibran Satria ', 'L', 'Kinagara Regency P14', '2017-09-20', 'Satya Widiatama', 141, '0', 1, 13, 'B00126', 'B00126.png', '2018-02-11 09:28:28', '2020-06-10 00:29:33'),
(144, 1, 'Asyraf Rasyid A', 'L', 'Kinagara Regency C114', '2015-05-30', 'Anang', 142, '0', 1, 13, 'B00127', 'B00127.png', '2018-02-11 09:29:52', '2020-06-10 00:29:33'),
(145, 1, 'Bhama', 'L', 'Kinagara Regency C111', '2013-04-05', 'Budi', 143, '0', 1, 13, 'B00128', 'B00128.png', '2018-02-11 09:31:01', '2020-06-10 00:29:33'),
(146, 1, 'Tsabit M. Zhafran', 'L', 'Kinagara Regency R14', '2015-12-04', 'Hamzah', 144, '0', 1, 13, 'B00129', 'B00129.png', '2018-02-11 09:32:28', '2020-06-10 00:29:33'),
(147, 1, 'Izzy Bilbir Gausani', 'L', 'Kinagara Regency J5', '2013-02-06', 'Hisyam Murtaqi Makarima', 145, '0', 1, 13, 'B00130', 'B00130.png', '2018-02-11 09:33:48', '2020-06-10 00:29:33'),
(148, 1, 'Leticia Jocelin A', 'P', 'Kinagara Regency A19', '2016-11-25', 'Kuntoro Beny', 146, '0', 1, 13, 'B00131', 'B00131.png', '2018-02-11 09:36:08', '2020-06-10 00:29:34'),
(149, 1, 'Raisa Putri Kirana', 'P', 'KInagara Regency R16', '2016-08-26', 'Oki', 147, '0', 1, 13, 'B00132', 'B00132.png', '2018-02-11 09:37:22', '2020-06-10 00:29:34'),
(150, 1, 'Adriel Putra Pradipta', 'L', 'Kinagara Regency K5', '2015-05-04', 'Erwin Daryanto', 148, '0', 1, 13, 'B00133', 'B00133.png', '2018-02-11 09:38:46', '2020-06-10 00:29:34'),
(151, 1, 'Via Alveena Frinka', 'P', 'Kinagara Regency A11', '2014-10-23', 'Effi', 149, '0', 1, 13, 'B00134', 'B00134.png', '2018-02-11 09:40:17', '2020-06-10 00:29:34'),
(152, 1, 'Almeera Hafsya F', 'P', 'Kinagara Regency P16', '2015-04-29', 'Rizal', 150, '0', 1, 13, 'B00135', 'B00135.png', '2018-02-11 09:41:51', '2020-06-10 00:29:34'),
(153, 1, 'Nadine Alzira', 'P', 'Kinagara Regency I5', '2014-07-06', 'Ridwan', 151, '0', 1, 13, 'B00136', 'B00136.png', '2018-02-11 09:43:07', '2020-06-10 00:29:34'),
(154, 1, 'Ivoura Trianindra Permata', 'P', 'Kinagara Regency T14', '2014-04-13', 'Indra', 152, '0', 1, 13, 'B00137', 'B00137.png', '2018-02-11 09:44:59', '2020-06-10 00:29:34'),
(155, 1, 'Mutiara Balqis', 'P', 'Kinagara Regency A22', '2013-10-31', 'Bese', 154, '0', 1, 13, 'B00138', 'B00138.png', '2018-02-11 09:46:10', '2020-06-10 00:29:35'),
(156, 1, 'Sevgi Taqiya Nadhifa', 'P', 'Kinagara Regency J5', '2015-05-08', 'Hisyam Murtaqi Makarima', 155, '0', 1, 13, 'B00139', 'B00139.png', '2018-02-11 09:47:30', '2020-06-10 00:29:35'),
(157, 1, 'Sevde Taqiyya Nadhifa', 'P', 'Kinagara Regency J5', '2015-05-08', 'Hisyam Murtaqi Makarima', 156, '0', 1, 13, 'B00140', 'B00140.png', '2018-02-11 09:48:37', '2020-06-10 00:29:35'),
(158, 1, 'Maudy Alisya Ginaa', 'P', 'Kinagara Regency R15', '2014-06-26', 'Budi', 156, '0', 1, 13, 'B00141', 'B00141.png', '2018-02-11 09:50:02', '2020-06-10 00:29:35'),
(159, 1, 'Azzkia Fathiya Atmaja', 'P', 'Kinagara Regency E4', '2014-07-22', 'Komara', 157, '0', 1, 13, 'B00142', 'B00142.png', '2018-02-11 09:51:26', '2020-06-10 00:29:35'),
(160, 1, 'Ilmira Aulia', 'P', 'Kinagara Regency I19', '2014-08-08', 'Ratri', 159, '0', 1, 13, 'B00143', 'B00143.png', '2018-02-11 09:52:31', '2020-06-10 00:29:35'),
(161, 1, 'Earlytha', 'P', 'Kinagara Regency K6', '2013-12-27', 'Yocke', 160, '0', 1, 13, 'B00144', 'B00144.png', '2018-02-11 09:53:47', '2020-06-10 00:29:35'),
(162, 1, 'Nabila Rasyadira Nurodin', 'P', 'Kinagara Regency P1', '2015-12-14', 'Bambang Nurodin', 160, '0', 1, 13, 'B00145', 'B00145.png', '2018-02-11 09:54:57', '2020-06-10 00:29:35'),
(163, 1, 'Marwah Kamila Yasmine', 'P', 'Kinagara Regency N12', '2014-05-13', 'H. Sandi', 162, '0', 1, 13, 'B00146', 'B00146.png', '2018-02-11 09:56:32', '2020-06-10 00:29:35'),
(164, 1, 'Askana Sakhi', 'P', 'Kinagara Regency B3', '2013-06-22', 'Wahyu', 163, '0', 1, 13, 'B00147', 'B00147.png', '2018-02-11 09:57:54', '2020-06-10 00:29:36'),
(165, 1, 'Syakira Rafaniar Pasha', 'P', 'Kinagara Regency A21', '2014-06-12', 'Randy Pasha', 163, '0', 1, 13, 'B00148', 'B00148.png', '2018-02-11 09:59:19', '2020-06-10 00:29:36'),
(166, 1, 'Nadine Azkaniar Pasha', 'P', 'Kinagara Regency A21', '2015-12-05', 'Randy Pasha', 165, '0', 1, 13, 'B00149', 'B00149.png', '2018-02-11 10:00:38', '2020-06-10 00:29:36'),
(167, 1, 'Amabelle', 'P', 'Kinagara Regency K36', '2013-08-09', 'Rachmat', 165, '0', 1, 13, 'B00150', 'B00150.png', '2018-02-11 10:01:44', '2020-06-10 00:29:36'),
(168, 1, 'Kayyisah Salsabila M', 'P', 'Kinagara Regency K30', '2014-04-11', 'Luginardi', 166, '0', 1, 13, 'B00151', 'B00151.png', '2018-02-11 10:03:06', '2020-06-10 00:29:36'),
(169, 1, 'Dianda Alia Maritza', 'P', 'Kinagara Regency K30', '2015-12-07', 'Luginardi', 168, '0', 1, 13, 'B00152', 'B00152.png', '2018-02-11 10:04:22', '2020-06-10 00:29:36'),
(170, 1, 'Marina Jenar', 'P', 'Kinagara Regency B132', '2015-12-25', 'Febby', 168, '0', 1, 9, 'B00153', 'B00153.png', '2018-02-11 10:05:29', '2020-06-10 00:29:36'),
(171, 1, 'Ellery', 'P', 'Kinagara Regency K18', '2015-07-15', 'Hendry', 169, '0', 1, 13, 'B00154', 'B00154.png', '2018-02-11 10:06:50', '2020-06-10 00:29:36'),
(172, 1, 'Nirmala Almira Mumtazah', 'P', 'Kinagara Regency G69', '2015-02-14', 'M. Zaki', 170, '0', 1, 13, 'B00155', 'B00155.png', '2018-02-11 10:08:31', '2020-06-10 00:29:37'),
(173, 1, 'Adzkia Najla Akhsarani', 'P', 'Kinagara Regency Q14', '2014-11-01', 'Gelar', 171, '0', 1, 13, 'B00156', 'B00156.png', '2018-02-11 10:09:56', '2020-06-10 00:29:37'),
(174, 1, 'Diara Ilma Hasya', 'P', 'Kinagara Regency Q12', '2015-11-04', 'Iyan Nurjaman', 172, '0', 1, 13, 'B00157', 'B00157.png', '2018-02-11 10:11:17', '2020-06-10 00:29:37'),
(175, 1, 'Khanza Ulumyusra', 'P', 'Kinagara Regency Q11', '2015-03-30', 'Rena', 174, '0', 1, 13, 'B00158', 'B00158.png', '2018-02-11 10:13:09', '2020-06-10 00:29:37'),
(176, 1, 'Arissa Rifaya Wijaya', 'P', 'KInagara regency H33', '2014-05-06', 'Ridwan', 175, '0', 1, 7, 'B00159', 'B00159.png', '2018-02-11 10:14:30', '2020-06-10 00:29:37'),
(177, 1, 'Dira Felis Tumonggor', 'P', 'Kinagara Regency N22', '2015-11-20', 'X. Hendi Tumonggor', 176, '0', 1, 9, 'B00160', 'B00160.png', '2018-02-11 10:16:46', '2020-06-10 00:29:37'),
(178, 1, 'Nizam', 'L', 'Kinagara Regency G69', '2013-02-24', 'M. Zaki', 176, '0', 1, 13, 'B00161', 'B00161.png', '2018-02-12 03:02:21', '2020-06-10 00:29:37'),
(179, 1, 'Ijlya Astrulabi', 'P', 'Kinagara Regency B2', '2014-01-02', 'Kunta', 177, '0', 1, 13, 'B00162', 'B00162.png', '2018-02-12 03:06:24', '2020-06-10 00:29:37'),
(180, 1, 'Rafathar', 'L', 'Kinagara Regency M27', '2015-08-16', 'Riky', 178, '0', 1, 13, 'B00163', 'B00163.png', '2018-02-12 03:08:25', '2020-06-10 00:29:38'),
(181, 1, 'Rayyan Sultan Fahrezi', 'L', 'Kinagara Regeny T6', '2013-08-27', 'Nanang Dwicahyo', 179, '0', 1, 13, 'B00164', 'B00164.png', '2018-02-12 03:11:26', '2020-06-10 00:29:38'),
(182, 1, 'Raziq', 'L', 'Kinagara RegencyA1 A19', '2014-12-15', 'Handri', 181, '0', 1, 13, 'B00165', 'B00165.png', '2018-02-12 03:13:21', '2020-06-10 00:29:38'),
(183, 1, 'Rafif Naufal', 'L', 'Kinagara Regency L12', '2013-03-31', 'Topan', 181, '0', 1, 13, 'B00166', 'B00166.png', '2018-02-12 03:14:42', '2020-06-10 00:29:38'),
(184, 1, 'Rivana', 'P', 'Kinagara Regency D14', '2013-05-08', 'Irwan', 182, '0', 1, 13, 'B00167', 'B00167.png', '2018-02-12 03:15:53', '2020-06-10 00:29:38'),
(185, 1, 'Razqia Naemah', 'P', 'Kinagara Regency H34', '2012-09-20', 'Yudi', 184, '0', 1, 13, 'B00168', 'B00168.png', '2018-02-12 03:17:29', '2020-06-10 00:29:38'),
(186, 1, 'Rezki', 'L', 'Kinagara Regency M1', '2014-07-28', 'Syamsul', 184, '0', 1, 13, 'B00169', 'B00169.png', '2018-02-12 03:19:01', '2020-06-10 00:29:38'),
(187, 1, 'Hasna Kamila', 'P', 'Kinagara Regency L11', '2013-08-26', 'Ifan Kristiono', 186, '0', 1, 13, 'B00170', 'B00170.png', '2018-02-12 03:20:45', '2020-06-10 00:29:38'),
(188, 1, 'Hashi Nodya sabrina', 'P', 'Kinagara Regency N6', '2014-07-13', 'Dicky', 186, '0', 1, 13, 'B00171', 'B00171.png', '2018-02-12 03:22:30', '2020-06-10 00:29:39'),
(189, 1, 'Haura Batari Sunarya', 'P', 'Kinagara Regency I37', '2017-08-10', 'Unang Sunarya', 187, '0', 1, 13, 'B00172', 'B00172.png', '2018-02-12 03:24:06', '2020-06-10 00:29:39'),
(190, 1, 'Haura Jasmine', 'P', 'Kinagara Regency I61', '2014-07-30', 'Rachman Lukman Saputra', 188, '0', 1, 13, 'B00173', 'B00173.png', '2018-02-12 03:25:26', '2020-06-10 00:29:39'),
(191, 1, 'Husq Delia', 'P', 'Kinagara Regency H18', '2014-02-06', 'Fajar', 190, '0', 1, 13, 'B00174', 'B00174.png', '2018-02-12 03:27:03', '2020-06-10 00:29:39'),
(192, 1, 'Hanan Muslih', 'L', 'Kinagara Regency C25', '2016-09-25', 'Faisal', 190, '0', 1, 13, 'B00175', 'B00175.png', '2018-02-12 03:28:15', '2020-06-10 00:29:39'),
(193, 1, 'Hanzel Alvaro R', 'L', 'Kinagara Regency B8', '2016-02-05', 'Febri', 191, '0', 1, 13, 'B00176', 'B00176.png', '2018-02-12 03:29:42', '2020-06-10 00:29:39'),
(194, 1, 'Yuda Sakti', 'L', 'Kinagara Regency L2', '2015-04-28', 'Habibi', 193, '0', 1, 13, 'B00177', 'B00177.png', '2018-02-12 03:31:19', '2020-06-10 00:29:39'),
(195, 1, 'M. Yassar Al-Ghazali', 'L', 'Kinagara Regency S4', '2015-09-09', 'Ghani', 193, '0', 1, 9, 'B00178', 'B00178.png', '2018-02-12 03:42:47', '2020-06-10 00:29:39'),
(196, 1, 'M. Ghaisan', 'L', 'Kinagara Regency S13', '2015-12-27', 'Julianto', 195, '0', 1, 13, 'B00179', 'B00179.png', '2018-02-12 03:44:22', '2020-06-10 00:29:40'),
(197, 1, 'M. Asyraf Sutawijaya', 'L', 'KInagara Regency J7', '2016-02-10', 'Sunu Puguh', 195, '0', 1, 13, 'B00180', 'B00180.png', '2018-02-12 03:46:10', '2020-06-10 00:29:40'),
(198, 1, 'M. Arfa', 'L', 'Kinagara Regency A23', '2015-04-24', 'Efnu', 196, '0', 1, 13, 'B00181', 'B00181.png', '2018-02-12 03:47:39', '2020-06-10 00:29:40'),
(199, 1, 'M. Fathan Ramadhan', 'L', 'Kinagara Regency K20', '2017-06-05', 'Heri', 197, '0', 1, 13, 'B00182', 'B00182.png', '2018-02-12 03:50:03', '2020-06-10 00:29:40'),
(200, 1, 'Malik Akbar', 'L', 'Kinagara Regency J4', '2017-01-01', 'Irfan', 198, '0', 1, 13, 'B00183', 'B00183.png', '2018-02-12 03:51:25', '2020-06-10 00:29:40'),
(201, 1, 'Mikail Liam', 'L', 'Kinagara Regency R7', '2014-10-05', 'Bayu', 199, '0', 1, 13, 'B00184', 'B00184.png', '2018-02-12 03:52:46', '2020-06-10 00:29:40'),
(202, 1, 'M. Gibran', 'L', 'Kinagara Regency M24', '2016-05-10', 'Hadrian', 200, '0', 1, 13, 'B00185', 'B00185.png', '2018-02-12 03:54:13', '2020-06-10 00:29:41'),
(203, 1, 'Mazaya', 'P', 'Kinagara Regency H19', '2016-09-29', 'Novendri', 201, '0', 1, 13, 'B00186', 'B00186.png', '2018-02-12 04:16:51', '2020-06-10 00:29:41'),
(204, 1, 'Mariyam', 'P', 'Kinagara Regency I34', '2016-01-17', 'Kuswanto', 203, '0', 1, 13, 'B00187', 'B00187.png', '2018-02-12 04:18:12', '2020-06-10 00:29:41'),
(205, 1, 'Myiesha', 'P', 'Kinagara Regency D19', '2014-04-30', 'Ari Budiman', 203, '0', 1, 13, 'B00188', 'B00188.png', '2018-02-12 04:19:39', '2020-06-10 00:29:41'),
(206, 1, 'M. Alzam Fardzan', 'L', 'Kinagara Regency G45', '2014-08-24', 'M. Abdullah Ibrahim', 204, '0', 1, 13, 'B00189', 'B00189.png', '2018-02-12 04:21:33', '2020-06-10 00:29:41'),
(207, 1, 'Moch. Latief', 'L', 'Kinagara Regency M22', '2015-01-05', 'Juanda', 206, '0', 1, 13, 'B00190', 'B00190.png', '2018-02-12 04:23:19', '2020-06-10 00:29:41'),
(208, 1, 'M. Raqilla Alfaiq A', 'L', 'Kinagara Regency Q2', '2013-02-14', 'Fadli', 206, '0', 1, 13, 'B00191', 'B00191.png', '2018-02-12 04:24:57', '2020-06-10 00:29:42'),
(209, 1, 'M. Azzikra Rizkia', 'L', 'Kinagara Regency D124', '2014-09-30', 'Ryan', 207, '0', 1, 13, 'B00192', 'B00192.png', '2018-02-12 04:26:46', '2020-06-10 00:29:42'),
(210, 1, 'M. Aqshel Al-Hakim Wibowo', 'L', 'Kinagara Regency Q4', '2013-12-19', 'Nurdianto Prasetyo Wibowo', 208, '0', 1, 13, 'B00193', 'B00193.png', '2018-02-12 04:30:05', '2020-06-10 00:29:42'),
(211, 1, 'M. Fathan', 'L', 'Kinagara Regency H8', '2013-11-02', 'Fadjar', 210, '0', 1, 13, 'B00194', 'B00194.png', '2018-02-12 04:31:41', '2020-06-10 00:29:42'),
(212, 1, 'M. Raka Kharaid', 'L', 'Kinagara Regency A15', '2016-11-25', 'Indra Kurnia', 210, '0', 1, 13, 'B00195', 'B00195.png', '2018-02-12 04:33:44', '2020-06-10 00:29:42'),
(213, 1, 'M. Syabil Akbar', 'L', 'Kinagara Regency D124', '2017-02-21', 'Ryan', 212, '0', 1, 13, 'B00196', 'B00196.png', '2018-02-12 04:35:14', '2020-06-10 00:29:42'),
(214, 1, 'Mahreen', 'P', 'Kinagara Regency I3', '2017-01-06', 'Cecep', 213, '0', 1, 13, 'B00197', 'B00197.png', '2018-02-12 04:36:41', '2020-06-10 00:29:42'),
(215, 1, 'Maheswari', 'P', 'Kinagara Regency N10', '2016-06-30', 'Prabowo', 213, '0', 1, 13, 'B00198', 'B00198.png', '2018-02-12 04:39:19', '2020-06-10 00:29:43'),
(216, 1, 'M. Hezarfen Al Kunah', 'L', 'Kinagara eRgency B2', '2016-12-12', 'Kunta Mustaqin', 215, '0', 1, 13, 'B00199', 'B00199.png', '2018-02-12 04:41:20', '2020-06-10 00:29:43'),
(217, 1, 'M. Emir', 'L', 'Kinagara Regency I17', '2013-07-28', 'Budi', 216, '0', 1, 13, 'B00200', 'B00200.png', '2018-02-12 04:43:50', '2020-06-10 00:29:43'),
(218, 1, 'M. Zulkarnaen', 'L', 'Kinagara Regency G59', '2016-04-12', 'Teuku Bustami', 217, '0', 1, 13, 'B00201', 'B00201.png', '2018-02-12 04:45:32', '2020-06-10 00:29:43'),
(219, 1, 'M. Zulfikar', 'L', 'Kinagara Regency G50', '2013-07-18', 'Teuku Bustami', 218, '0', 1, 13, 'B00202', 'B00202.png', '2018-02-12 04:47:42', '2020-06-10 00:29:43'),
(220, 1, 'M. Hikaru Ats Tsaury', 'L', 'Kinagara Regency O20', '2013-05-08', 'Sumiardi', 218, '0', 1, 13, 'B00203', 'B00203.png', '2018-02-12 04:50:28', '2020-06-10 00:29:43'),
(221, 1, 'M. Ferrel Ahnaf', 'L', 'Kinagara Regency A124', '2016-02-08', 'Reza Novaldi', 219, '0', 1, 13, 'B00204', 'B00204.png', '2018-02-12 04:52:40', '2020-06-10 00:29:43'),
(222, 1, 'M. Wafri Amani', 'L', 'Kinagara Regency D9', '2015-08-20', 'Ardi', 220, '0', 1, 13, 'B00205', 'B00205.png', '2018-02-12 04:54:14', '2020-06-10 00:29:43'),
(223, 1, 'M. Aqlan', 'L', 'Kinagara Regency O17', '2014-04-21', 'Indarum', 221, '0', 1, 13, 'B00206', 'B00206.png', '2018-02-12 04:55:36', '2020-06-10 00:29:44'),
(224, 1, 'M. Nabhan Al-Fayyumi', 'L', 'Kinagara Regency C29', '2014-10-19', 'Rusli', 222, '0', 1, 13, 'B00207', 'B00207.png', '2018-02-12 04:57:17', '2020-06-10 00:29:44'),
(225, 1, 'Nadira Azmya P', 'P', 'Kinagara Regency G12', '2015-12-25', 'Miftah', 224, '0', 1, 13, 'B00208', 'B00208.png', '2018-02-12 04:59:04', '2020-06-10 00:29:44'),
(226, 1, 'Naura Andinia', 'P', 'Kinagara Regency J8', '2015-08-10', 'Yitno', 224, '0', 1, 13, 'B00209', 'B00209.png', '2018-02-12 05:00:25', '2020-06-10 00:29:44'),
(227, 1, 'Naufal Maulana A', 'L', 'Kinagara Regency G6', '2016-04-02', 'Hendrik', 225, '0', 1, 13, 'B00210', 'B00210.png', '2018-02-12 05:01:56', '2020-06-10 00:29:44'),
(228, 1, 'Nadhif Mahardika', 'L', 'Kinagara Regency D13', '2013-05-17', 'Slamet', 226, '0', 1, 13, 'B00211', 'B00211.png', '2018-02-12 05:03:06', '2020-06-10 00:29:44'),
(229, 1, 'Nafisha', 'P', 'Kinagara Regency O17', '2013-10-27', 'Valinio', 227, '0', 1, 13, 'B00212', 'B00212.png', '2018-02-12 05:04:24', '2020-06-10 00:29:44'),
(230, 1, 'Shareen', 'P', 'Kinagara Regency C16', '2016-09-08', 'Mardhani', 228, '0', 1, 13, 'B00213', 'B00213.png', '2018-02-12 05:06:13', '2020-06-10 00:29:44'),
(231, 1, 'Syakila Najwa Rahma', 'P', 'Kinagara Regency G30', '2016-01-16', 'Fajry', 230, '0', 1, 13, 'B00214', 'B00214.png', '2018-02-12 05:08:22', '2020-06-10 00:29:45'),
(232, 1, 'Satya Anggara', 'L', 'Kinagara Regency A112', '2013-12-21', 'Angga', 230, '0', 1, 13, 'B00215', 'B00215.png', '2018-02-12 05:09:33', '2020-06-10 00:29:45'),
(233, 1, 'Salma Ordelia Rahma', 'P', 'KInagara Regency M14', '2013-10-01', 'Ade S', 231, '0', 1, 13, 'B00216', 'B00216.png', '2018-02-12 05:11:02', '2020-06-10 00:29:45'),
(234, 1, 'Salma Syafiya Alfamira', 'P', 'Kinagara Regency J3', '2014-05-22', 'Yanwar', 233, '0', 1, 13, 'B00217', 'B00217.png', '2018-02-12 05:12:53', '2020-06-10 00:29:45'),
(235, 1, 'Syam Ibrahim', 'L', 'Kinagara Regency J3', '2015-11-28', 'Yanwar', 234, '0', 1, 13, 'B00218', 'B00218.png', '2018-02-12 05:14:13', '2020-06-10 00:29:45'),
(236, 1, 'Enilivta', 'P', 'Kinagara Regency G75', '2016-06-07', 'Dani', 235, '0', 1, 13, 'B00219', 'B00219.png', '2018-02-12 05:17:38', '2020-06-10 00:29:45'),
(237, 1, 'Eleanar', 'P', 'Kinagara Regency I28', '2017-01-25', 'Indra', 236, '0', 1, 13, 'B00220', 'B00220.png', '2018-02-12 05:22:57', '2020-06-10 00:29:45'),
(238, 1, 'Fayash Arsyad Hamada', 'L', 'Kinagara Regency N6', '2016-11-14', 'Dicky', 237, '0', 1, 13, 'B00221', 'B00221.png', '2018-02-12 05:25:26', '2020-06-10 00:29:45'),
(239, 1, 'Fiore Fatimah R', 'P', 'Kinagara Regency G61', '2016-04-18', 'Suluh', 238, '0', 1, 13, 'B00222', 'B00222.png', '2018-02-12 05:27:05', '2020-06-10 00:29:45'),
(240, 1, 'Faeyza Arsya', 'L', 'Kinagara Regency M1', '2016-11-22', 'Samsul Rizal', 239, '0', 1, 13, 'B00223', 'B00223.png', '2018-02-12 05:28:42', '2020-06-10 00:29:46'),
(241, 1, 'Freiya', 'P', 'Kinagara Regency D24', '2014-06-03', 'Erwin', 240, '0', 1, 13, 'B00224', 'B00224.png', '2018-02-12 05:29:52', '2020-06-10 00:29:46'),
(242, 1, 'Faeyza Arkananta', 'L', 'Kinagara Regency M25', '2015-03-10', 'Lukman', 240, '0', 1, 13, 'B00225', 'B00225.png', '2018-02-12 05:31:41', '2020-06-10 00:29:46'),
(243, 1, 'Fahreza Rizki', 'L', 'Kinagara Regency B13', '2015-02-13', 'Amin', 241, '0', 1, 13, 'B00226', 'B00226.png', '2018-02-12 05:33:10', '2020-06-10 00:29:46'),
(244, 1, 'Felisha Aqeela', 'P', 'Kinagara Regency K48', '2016-01-25', 'Heryadi', 242, '0', 1, 13, 'B00227', 'B00227.png', '2018-02-12 05:34:30', '2020-06-10 00:29:46'),
(245, 1, 'Fazila Hasna Gumilar', 'P', 'Kinagara Regency D3', '2015-09-10', 'Febby', 243, '0', 1, 13, 'B00228', 'B00228.png', '2018-02-12 05:35:50', '2020-06-10 00:29:46'),
(246, 1, 'Farid Rayyan', 'L', 'Kinagara Regency E8', '2014-09-07', 'Sugondo Hadiyoso', 244, '0', 1, 13, 'B00229', 'B00229.png', '2018-02-12 05:37:20', '2020-06-10 00:29:47'),
(247, 1, 'Farhana', 'P', 'Kinagara Regency H8', '2015-05-31', 'Fadjar', 246, '0', 1, 13, 'B00230', 'B00230.png', '2018-02-12 05:38:39', '2020-06-10 00:29:47'),
(248, 1, 'Ferisha Ghiska Rafansa', 'P', 'Kinagara Regency A116', '2015-07-05', 'Oskareza Febriano', 246, '0', 1, 13, 'B00231', 'B00231.png', '2018-02-12 05:40:53', '2020-06-10 00:29:47'),
(249, 1, 'Aisyah Ayudia', 'P', 'KInagara Regency B15', '2015-12-13', 'Endra', 247, '0', 1, 13, 'B00232', 'B00232.png', '2018-02-13 05:48:27', '2020-06-10 00:29:47'),
(250, 1, 'Ali Athaullah', 'L', 'Kinagara Regency D15', '2014-12-13', 'Ramadhan', 249, '0', 1, 13, 'B00233', 'B00233.png', '2018-02-13 05:51:10', '2020-06-10 00:29:47'),
(251, 1, 'Attaliya Alyana Daru', 'L', 'KInagara Regency B22', '2013-02-16', 'Susilo', 250, '0', 1, 13, 'B00234', 'B00234.png', '2018-02-13 05:56:08', '2020-06-10 00:29:48'),
(252, 1, 'Aurora', 'P', 'Kinagara Regency C4', '2013-01-01', 'Utsman', 251, '0', 1, 13, 'B00235', 'B00235.png', '2018-02-13 05:58:24', '2020-06-10 00:29:48'),
(253, 1, 'Radeva Ananda Alhanan', 'L', 'Kinagara Regency O5', '2017-12-21', 'Werda', 251, '0', 1, 13, 'B00236', 'B00236.png', '2018-02-23 18:11:50', '2020-06-10 00:29:48'),
(254, 1, 'Mazaya Aisyah', 'P', 'Kinagara REgency C17', '2016-05-24', 'Hadi', 253, '0', 1, 13, 'B00237', 'B00237.png', '2018-02-23 18:48:37', '2020-06-10 00:29:48'),
(255, 1, 'Putri Tiffani', 'P', 'Kinagara Regency J4', '2018-02-24', 'Irfan', 254, '0', 1, 13, 'B00238', 'B00238.png', '2018-02-23 18:50:43', '2020-06-10 00:29:48'),
(256, 1, 'Alvina Dealona', 'P', 'Kinagara Regency C110', '2016-06-23', 'Dedi Mulyadi', 254, '0', 1, 13, 'B00239', 'B00239.png', '2018-02-23 19:05:56', '2020-06-10 00:29:53'),
(257, 1, 'Jessica Hanjaya', 'P', 'Kinagara Regency O6', '2016-09-09', 'Johan', 255, '0', 1, 13, 'B00240', 'B00240.png', '2018-02-23 19:22:47', '2020-06-10 00:29:53'),
(258, 1, 'Marsha Priskyla', 'P', 'Kinagara Regency R2', '2014-04-01', 'Akiam', 256, '0', 1, 13, 'B00241', 'B00241.png', '2018-02-23 19:25:26', '2020-06-10 00:29:53'),
(259, 1, 'Najma Ainayya Zahra', 'P', 'Kinagara Regency G69', '2018-01-21', 'M.Zaki', 257, '0', 1, 13, 'B00242', 'B00242.png', '2018-02-23 19:56:17', '2020-06-10 00:29:53'),
(260, 1, 'Aslan Andreasena Kasyun', 'L', 'Kinagara Regency S10', '2017-11-18', 'Harlis Suardana Kasyun', 258, '0', 1, 13, 'B00243', 'B00243.png', '2018-02-23 19:59:00', '2020-06-10 00:29:53'),
(261, 1, 'Alesha Fazila', 'P', 'Kinagara Rgency C32', '2017-10-31', 'Hawan Mughni', 259, '0', 1, 13, 'B00244', 'B00244.png', '2018-02-23 20:43:56', '2020-06-10 00:29:53'),
(262, 1, 'Adzkia Fathiya Atmaja', 'P', 'Kinagara Regency E4', '2014-07-22', 'Komara Atmaja', 260, '0', 1, 13, 'B00245', 'B00245.png', '2018-02-23 20:48:02', '2020-06-10 00:29:53'),
(263, 1, 'Damara Shafa Syahriza', 'P', 'KInagara Regency I18', '2014-09-15', 'Dika Syahriza', 261, '0', 1, 13, 'B00246', 'B00246.png', '2018-02-23 20:54:46', '2020-06-10 00:29:54'),
(264, 1, 'Kunarayan Farhanisa', 'P', 'Kinagara Regency 09', '2017-07-21', 'Monterico', 263, '0', 1, 13, 'B00247', 'B00247.png', '2018-03-16 19:02:22', '2020-06-10 00:29:54'),
(265, 1, 'Mazaya Zharifatul Ulya', 'P', 'Kinagara Regency H19', '2016-09-29', 'Nopendri', 264, '0', 1, 13, 'B00248', 'B00248.png', '2018-03-16 19:06:03', '2020-06-10 00:29:54'),
(266, 1, 'Ghani Albaihaki', 'L', 'Kinagara Regency N16', '2015-09-16', 'M. Fitriandi', 264, '0', 1, 13, 'B00249', 'B00249.png', '2018-03-16 19:18:37', '2020-06-10 00:29:54'),
(267, 1, 'Athafariz Hisyam', 'L', 'Kingara Regency P16', '2017-08-25', 'Rizal', 266, '0', 1, 13, 'B00250', 'B00250.png', '2018-03-16 19:28:27', '2020-06-10 00:29:54'),
(268, 1, 'Rafanza S. Widianto', 'L', 'Kinagara Regency H3', '2017-09-20', 'Hendrio', 267, '0', 1, 13, 'B00251', 'B00251.png', '2018-03-16 19:47:30', '2020-06-10 00:29:54'),
(269, 1, 'Shakila Abidah Widianto', 'P', 'Kinagara Regency H3', '2015-11-18', 'Hendrio', 268, '0', 1, 13, 'B00252', 'B00252.png', '2018-03-16 19:49:13', '2020-06-10 00:29:54'),
(270, 1, 'Arumi Btari Putri', 'P', 'KInagra Regency N11', '2018-02-14', 'Aditya', 268, '0', 1, 13, 'B00253', 'B00253.png', '2018-03-16 20:01:52', '2020-06-10 00:29:54'),
(271, 1, 'Kaisa Putri Assyabiya', 'P', 'Kinagara Regency B124', '2014-09-07', 'Kresna', 270, '0', 1, 9, 'B00254', 'B00254.png', '2018-03-16 20:13:46', '2020-06-10 00:29:55'),
(272, 1, 'Maryam Humaira hamilatul Rizky', 'P', 'Kinagara Regency A5', '2017-12-21', 'Itus', 271, '0', 1, 13, 'B00255', 'B00255.png', '2018-03-16 20:31:27', '2020-06-10 00:29:55'),
(273, 1, 'shafeeya ayu humaira', 'P', 'kinagara regency N20', '2018-01-26', 'rosikin', 272, '0', 1, 9, 'B00256', 'B00256.png', '2018-03-16 20:53:03', '2020-06-10 00:29:55'),
(274, 1, 'Ar Rahman Hanan Ahmad', 'L', 'Kinagara Regency I31', '2013-08-26', 'Iman Ahmad Setyawan', 272, '0', 1, 13, 'B00257', 'B00257.png', '2018-04-27 18:47:12', '2020-06-10 00:29:55'),
(275, 1, 'As Siddiq Hasanuddin Ahmad', 'L', 'Kinagara Regency I31', '2015-01-19', 'Iman Ahmad Setyawan', 274, '0', 1, 13, 'B00258', 'B00258.png', '2018-04-27 18:49:26', '2020-06-10 00:29:55'),
(276, 1, 'M. Zachary Putera Sultansyah', 'L', 'Kinagara Regency M22', '2017-11-07', 'Dika Agustin', 274, '0', 1, 13, 'B00259', 'B00259.png', '2018-04-27 18:57:08', '2020-06-10 00:29:55'),
(278, 1, 'M. Adzlan Harisandi', 'L', 'Kingara Regency B7', '2015-03-09', 'Dicky Risandi', 276, '0', 1, 13, 'B00260', 'B00260.png', '2018-04-27 20:01:24', '2020-06-10 00:29:55'),
(279, 1, 'Nasyilla Azkiya', 'P', 'Kinagara Regency H39', '2015-07-15', 'Rezeki Panca Wardana', 276, '0', 1, 13, 'B00261', 'B00261.png', '2018-04-27 20:10:05', '2020-06-10 00:29:55'),
(280, 1, 'Nafisa Irgi Tallysta', 'P', 'Kinagara Regency ROW 920', '2017-08-11', 'Yustiegi. AK', 277, '0', 1, 14, 'B00262', 'B00262.png', '2018-04-27 20:20:29', '2020-06-10 00:29:55'),
(281, 1, 'Aluna Khairunisa', 'P', 'Kinagara Regency Q4', '2017-10-26', 'N. Prasetyo Wibowo', 280, '0', 1, 13, 'B00263', 'B00263.png', '2018-04-27 20:29:57', '2020-06-10 00:29:56'),
(282, 1, 'Muhammad Farhan Hermawan', 'L', 'Kinagara Regency K12', '2017-10-26', 'Dadan Hermawan', 279, '0', 1, 13, 'B00264', 'B00264.png', '2018-04-27 20:37:34', '2020-06-10 00:29:56'),
(283, 1, 'muhammad lathief', 'L', 'kinagara regency A6', '2013-09-27', 'andra', 282, '0', 1, 13, 'B00265', 'B00265.png', '2018-05-11 22:29:52', '2020-06-10 00:29:56'),
(284, 1, 'khadiza qismika almahyra', 'P', 'kinagara regency K16', '2017-12-20', 'Arie Megantara', 281, '0', 1, 13, 'B00266', 'B00266.png', '2018-05-11 22:44:58', '2020-06-10 00:29:56'),
(285, 1, 'Meika Azalea', 'P', 'kinagara regency M14', '2018-05-10', 'Ade.S', 282, '0', 1, 13, 'B00267', 'B00267.png', '2018-05-11 22:51:41', '2020-06-10 00:29:56'),
(286, 1, 'Najwan Aidil Kareem', 'L', 'kinagara regency E7', '2018-06-11', 'Firman Kuswandana', 283, '0', 1, 13, 'B00268', 'B00268.png', '2018-05-11 23:14:04', '2020-06-10 00:29:56'),
(287, 1, 'Daisy Aghnia Santana', 'P', 'kinagara regency L54', '2018-05-19', 'Jaka Santana', 284, '0', 1, 13, 'B00269', 'B00269.png', '2018-05-11 23:33:31', '2020-06-10 00:29:56'),
(288, 1, 'Adeva Reina Kurnia', 'P', 'kinagara regency K26', '2017-09-21', 'Robbie', 285, '0', 1, 13, 'B00270', 'B00270.png', '2018-05-12 01:12:04', '2020-06-10 00:29:56'),
(289, 1, 'M. Rayyan Al-Fatih', 'L', 'Kinagara Regency H15', '2018-07-28', 'Iwan', 286, '0', 1, 13, 'B00271', 'B00271.png', '2018-05-12 01:15:41', '2020-06-10 00:29:56'),
(290, 1, 'Muhammad Ghazian Azmi', 'L', 'Kinagara Regency M13', '2018-07-28', 'Kairuz Azmi', 287, '0', 1, 13, 'B00272', 'B00272.png', '2018-05-12 01:17:28', '2020-06-10 00:29:57'),
(291, 1, 'Razka Rafasya Elezar', 'L', 'Kinagara Regency J24', '2017-08-11', 'Gery Rahmani', 288, '0', 1, 13, 'B00273', 'B00273.png', '2018-05-12 09:44:09', '2020-06-10 00:29:57'),
(292, 1, 'Muhammaad Alfatih Rizkya Hady', 'L', 'Kinagara Regency C25', '2017-06-08', 'M. Purnama Hady', 289, '0', 1, 13, 'B00274', 'B00274.png', '2018-05-12 09:54:06', '2020-06-10 00:29:57'),
(293, 1, 'Kaimana Akalanka', 'L', 'Kinagara Regency H37', '2018-02-05', 'Ganjar Rahmat Taufik', 290, '0', 1, 13, 'B00275', 'B00275.png', '2018-05-12 10:20:50', '2020-06-10 00:29:57'),
(294, 1, 'Adam Abdillah', 'L', 'Kinagara Regency G9', '2017-12-19', 'Chandra', 291, '0', 1, 13, 'B00276', 'B00276.png', '2018-05-12 10:24:51', '2020-06-10 00:29:57'),
(295, 1, 'Moazzam Karim', 'L', 'Kinagara Regency O4', '2016-12-23', 'Martin', 292, '0', 1, 13, 'B00277', 'B00277.png', '2018-05-12 10:34:51', '2020-06-10 00:29:57'),
(296, 1, 'Khairunisa', 'P', 'Kinagara Regency P2', '2015-09-27', 'Andra', 295, '0', 1, 13, 'B00278', 'B00278.png', '2018-05-12 10:45:25', '2020-06-10 00:29:57'),
(297, 1, 'Hilya Qonita Zafira', 'P', 'Kinagara Regency K28', '2015-09-14', 'Indra', 294, '0', 1, 13, 'B00279', 'B00279.png', '2018-05-12 10:55:02', '2020-06-10 00:29:57'),
(298, 1, 'M. Abqari Hafidzan', 'L', 'Kinagara Regency M4', '2018-05-21', 'R. Maulana S', 295, '0', 1, 13, 'B00280', 'B00280.png', '2018-05-12 11:10:33', '2020-06-10 00:29:58'),
(299, 1, 'Haura Aksa Aliandria', 'P', 'Kinagara regency Q10', '2015-06-18', 'Erry Dwi Kurniawan', 296, '0', 1, 13, 'B00281', 'B00281.png', '2018-05-12 11:15:04', '2020-06-10 00:29:58'),
(300, 1, 'Zyhair Haitamy Rahman', 'L', 'Kinagara Regency A16', '2018-03-29', 'M. Fadli Rahman', 297, '0', 1, 13, 'B00282', 'B00282.png', '2018-05-12 11:22:55', '2020-06-10 00:29:58'),
(301, 1, 'Rafaeyza Cetta', 'L', 'Kinagara Regency O16', '2016-09-12', 'Ari', 298, '0', 1, 13, 'B00283', 'B00283.png', '2018-05-12 11:31:47', '2020-06-10 00:29:58'),
(302, 1, 'Alfaridzi Cetta', 'L', 'Kinagara regency O16', '2018-04-19', 'Ari', 301, '0', 1, 13, 'B00284', 'B00284.png', '2018-05-12 11:33:54', '2020-06-10 00:29:58'),
(303, 1, 'Jocelyn', 'P', 'Kinagara Regency N15', '2017-12-12', 'John Tikoalu', 300, '0', 1, 13, 'B00285', 'B00285.png', '2018-05-12 12:05:29', '2020-06-10 00:29:58'),
(304, 1, 'Alezia Alula Salsa', 'P', 'Kinagara Regency I41', '2017-07-21', 'Salsa', 303, '0', 1, 13, 'B00286', 'B00286.png', '2018-05-12 12:10:43', '2020-06-10 00:29:58'),
(305, 1, 'M. Alfatih', 'L', 'kinagara regency C25', '2018-08-06', 'M. purnama', 302, '0', 1, 9, 'B00287', 'B00287.png', '2018-05-12 14:44:36', '2020-06-10 00:29:59'),
(307, 1, 'Damar Ali Z', 'L', 'kinagara regency N9', '2018-03-26', 'Andi', 303, '0', 1, 9, 'B00288', 'B00288.png', '2018-05-12 16:38:36', '2020-06-10 00:29:59'),
(308, 1, 'Arsyila Romeesha', 'P', 'kinagara regency R12', '2018-04-03', 'Dadang', 304, '0', 1, 9, 'B00289', 'B00289.png', '2018-05-12 16:41:21', '2020-06-10 00:29:59'),
(309, 1, 'Missy Adeeva Jannah', 'P', 'kinagara regency N18', '2018-05-20', 'Dimas', 305, '0', 1, 13, 'B00290', 'B00290.png', '2018-05-12 16:43:21', '2020-06-10 00:29:59'),
(310, 1, 'Aulian Mashandaru Keanu', 'L', 'kinagara regency B9', '2018-01-01', 'Wawan', 306, '0', 1, 9, 'B00291', 'B00291.png', '2018-05-12 16:44:52', '2020-06-10 00:29:59'),
(311, 1, 'Sarah Mikhayla A', 'P', 'kinagara regency A8', '2018-06-12', 'Rizal', 310, '0', 1, 13, 'B00292', 'B00292.png', '2018-05-12 16:46:26', '2020-06-10 00:29:59'),
(312, 1, 'M. Akhtar Rusydan F', 'L', 'kinagara regency T9', '2013-09-11', 'M. Faris', 311, '0', 1, 13, 'B00293', 'B00293.png', '2018-05-12 16:48:09', '2020-06-10 00:29:59'),
(313, 1, 'Juanita Hanjaya', 'P', 'kinagara regency O6', '2018-05-13', 'Johan', 312, '0', 1, 9, 'B00294', 'B00294.png', '2018-05-12 16:50:01', '2020-06-10 00:30:00'),
(314, 1, 'Ibrahim Malik F', 'L', 'kinagara regency T9', '2017-04-24', 'Faris', 313, '0', 1, 13, 'B00295', 'B00295.png', '2018-05-12 16:52:00', '2020-06-10 00:30:00');
INSERT INTO `balita` (`id`, `posyandu_id`, `nama`, `gender`, `alamat`, `tanggal_lahir`, `ayah`, `ibu_id`, `photo`, `active`, `creator_id`, `id_qrcode`, `qrcode`, `created_at`, `updated_at`) VALUES
(315, 1, 'Caera Fayyola Nadhifa', 'P', 'kinagara regency J23', '2018-07-25', 'Chandra', 314, '0', 1, 14, 'B00296', 'B00296.png', '2018-10-19 19:29:14', '2020-06-10 00:30:00'),
(316, 1, 'Fatih Shakeel Elzahrowl', 'L', 'kinagara regency E8', '2018-10-02', 'Sugondo', 312, '0', 1, 14, 'B00297', 'B00297.png', '2018-10-19 19:44:58', '2020-06-10 00:30:00'),
(317, 1, 'Prindiana Shima A', 'P', 'kinagara regency M7', '2017-12-12', 'Prastiy Eko', 313, '0', 1, 14, 'B00298', 'B00298.png', '2018-10-19 20:10:05', '2020-06-10 00:30:00'),
(318, 1, 'Makayla Lara Bente', 'P', 'kinagara regency Q5', '2018-04-22', 'Aidil', 314, '0', 1, 14, 'B00299', 'B00299.png', '2018-10-19 20:17:59', '2020-06-10 00:30:00'),
(319, 1, 'Aldrie M. Y', 'L', 'Kinagara Regency B20', '2018-11-17', 'Felix', 315, '0', 1, 9, 'B00300', 'B00300.png', '2018-11-16 19:48:20', '2020-06-10 00:30:00'),
(320, 1, 'Navsa Putri Pratama F', 'P', 'Kinagara Regency L5', '2018-07-05', 'Dimas Tri Wahyu', 316, '0', 1, 9, 'B00301', 'B00301.png', '2018-11-16 20:37:31', '2020-06-10 00:30:00'),
(321, 1, 'M. Ezhar Rusli', 'L', 'Kinagara Regency D1', '2018-04-13', 'Rusli Surahman', 317, '0', 1, 13, 'B00302', 'B00302.png', '2018-12-21 20:33:45', '2020-06-10 00:30:00'),
(322, 1, 'Zoeya Izz Vanya', 'P', 'Kinagara Regency P10', '2018-07-30', 'M. Ikhsan Maulana M.I', 318, '0', 1, 13, 'B00303', 'B00303.png', '2018-12-21 20:36:47', '2020-06-10 00:30:00'),
(323, 1, 'Hafiz', 'L', '0 00', '2019-01-19', '', 319, '0', 1, 13, 'B00304', 'B00304.png', '2019-01-18 18:41:39', '2020-06-10 00:30:01'),
(324, 1, 'Abqary Kahfi Atharauf', 'L', 'Kinagara Regency N4', '2018-07-29', 'Helmy', 320, '0', 1, 13, 'B00305', 'B00305.png', '2019-01-18 19:55:57', '2020-06-10 00:30:01'),
(325, 1, 'Alifa Qisthi Maheera', 'P', 'Kinagara Regency N3', '2017-04-26', 'Defrizal', 321, '0', 1, 13, 'B00306', 'B00306.png', '2019-01-18 20:22:01', '2020-06-10 00:30:01'),
(326, 1, 'Sagara Aruna  Anargya', 'L', 'Kingara Regency J2', '2018-11-12', 'Hiro', 325, '0', 1, 13, 'B00307', 'B00307.png', '2019-01-18 20:30:25', '2020-06-10 00:30:01'),
(327, 1, 'Sheza Anindira Fahma', 'P', 'Kinagara Regency O5', '2019-01-19', 'Werda', 326, '0', 1, 13, 'B00308', 'B00308.png', '2019-03-15 19:19:41', '2020-06-10 00:30:01'),
(328, 1, 'Raufa Harry Zavier', 'L', 'Kinagara Regency L13', '2018-12-12', 'Hari', 327, '0', 1, 13, 'B00309', 'B00309.png', '2019-03-15 19:30:38', '2020-06-10 00:30:01'),
(329, 1, 'Binar Lintang Kinanti', 'P', 'Kinagara Regency O14', '2018-09-13', 'Herdian', 325, '0', 1, 13, 'B00310', 'B00310.png', '2019-03-15 19:51:45', '2020-06-10 00:30:01'),
(330, 1, 'El Luna Maulana M', 'P', 'Kinagara Regency R13', '2018-07-27', 'Rully Maulana', 326, '0', 1, 13, 'B00311', 'B00311.png', '2019-04-12 19:13:46', '2020-06-10 00:30:01'),
(331, 1, 'M Rafif Adlan', 'L', 'Kinagara Regency K1', '2019-01-01', 'Galih', 327, '0', 1, 13, 'B00312', 'B00312.png', '2019-04-12 19:24:14', '2020-06-10 00:30:02'),
(332, 1, 'Ghaniyya Hanifa K', 'P', 'Kinagara Regency N21', '2018-08-21', 'Aji Khamsul', 328, '0', 1, 13, 'B00313', 'B00313.png', '2019-04-12 19:42:14', '2020-06-10 00:30:02'),
(333, 1, 'Ghazia Hafiza K', 'P', 'KInagara Regency N12', '2016-11-25', 'Aji Khamsul', 332, '0', 1, 13, 'B00314', 'B00314.png', '2019-04-12 19:44:41', '2020-06-10 00:30:02'),
(334, 1, 'Sofia Azahra Rismawati', 'P', 'Kinagara Regency P15', '2018-02-02', 'Isman Reliawan', 330, '0', 1, 13, 'B00315', 'B00315.png', '2019-04-12 20:50:24', '2020-06-10 00:30:02'),
(335, 1, 'Rajendra', 'L', 'Kinagara Regency G73', '2015-07-21', '-', 331, '0', 1, 13, 'B00316', 'B00316.png', '2019-04-12 20:52:28', '2020-06-10 00:30:02'),
(336, 1, 'Khaila Nadira', 'P', '0 00', '2019-03-28', '', 335, '0', 1, 13, 'B00317', 'B00317.png', '2019-06-25 19:30:12', '2020-06-10 00:30:03'),
(337, 1, 'Faisha Maryam Taqiya', 'P', '0 N6', '2019-05-09', 'Dicky Fria Senjaya', 333, '0', 1, 13, 'B00318', 'B00318.png', '2019-06-25 19:40:09', '2020-06-10 00:30:03'),
(338, 1, 'Sean Matthew Widiantoro', 'L', 'Kinagara Regency G19', '2019-05-11', 'Yudi Widiantoro', 334, '0', 1, 13, 'B00319', 'B00319.png', '2019-06-25 19:42:21', '2020-06-10 00:30:03'),
(339, 1, 'Zafran Wiratama Briatna', 'L', 'Kinagara Regency 00', '2019-06-26', '', 338, '0', 1, 13, 'B00320', 'B00320.png', '2019-06-25 20:26:20', '2020-06-10 00:30:03'),
(340, 1, 'Muhammad Ezhar Rusli', 'L', 'Kinagara Regency 00', '2018-04-13', '', 339, '0', 1, 13, 'B00321', 'B00321.png', '2019-06-25 21:10:01', '2020-06-10 00:30:03'),
(341, 1, 'Jesica', 'P', '0 00', '0001-01-01', '', 340, '0', 1, 13, 'B00322', 'B00322.png', '2019-06-25 21:12:11', '2020-06-10 00:30:03'),
(342, 1, 'M. Ibrahim', 'L', 'Kinagara Regency 00', '2018-06-01', '', 341, '0', 1, 13, 'B00323', 'B00323.png', '2019-06-25 23:06:31', '2020-06-10 00:30:04'),
(343, 1, 'Farrellio H. S', 'P', 'Kinagara Regency M26', '2019-06-18', 'Atep', 339, '0', 1, 13, 'B00324', 'B00324.png', '2019-06-26 04:08:11', '2020-06-10 00:30:04'),
(344, 1, 'Bima Syam Airlangga', 'L', 'Kinagara Regency M26', '2015-06-15', 'Atep', 343, '0', 1, 13, 'B00325', 'B00325.png', '2019-06-26 04:17:18', '2020-06-10 00:30:04'),
(345, 1, 'Rafidan Rais', 'L', 'Kinagara Regency G9', '2019-06-18', 'Chandra', 291, '0', 1, 1, 'B00326', 'B00326.png', '2019-08-24 01:32:50', '2020-06-10 00:30:04'),
(346, 1, 'syauqina zelmirazea quinzha', 'P', 'kianagara revency T-2', '2019-01-22', 'edi sutoyo', 343, '0', 1, 1, 'B00327', 'B00327.png', '2019-08-24 01:44:08', '2020-06-10 00:30:04'),
(347, 1, 'Ghazia Hafiza', 'P', 'Kinagara  N-21', '2016-11-25', 'Aji Khamsul', 328, '0', 1, 3, 'B00328', 'B00328.png', '2019-08-24 02:23:01', '2020-06-10 00:30:04'),
(348, 1, 'Muhammad Alfatih Rizkya Hady\n', 'L', 'Kinagara Regency  C-25', '2017-06-08', 'Muhammad Purnama Hady\n', 346, '0', 1, 3, 'B00329', 'B00329.png', '2019-08-24 02:31:05', '2020-06-10 00:30:04'),
(349, 1, 'Muhammad Alvis Ahzafani Hady', 'L', 'Kinagara Regency C25', '2019-01-16', 'Muhammad Purnama Hady', 289, '0', 1, 3, 'B00330', 'B00330.png', '2019-08-24 02:32:41', '2020-06-10 00:30:05'),
(350, 1, 'Zafran Wiratama Briatna', 'L', 'Kinagara Regency R-17', '2016-02-16', 'Alf Briatna\n\n', 347, '0', 1, 3, 'B00331', 'B00331.png', '2019-08-24 02:56:14', '2020-06-10 00:30:05'),
(351, 1, 'Nafeeza Aira Kirani', 'P', 'Kinagara Regency  E-7', '2017-03-13', 'Firman Kuswandana', 348, '0', 1, 3, 'B00332', 'B00332.png', '2019-08-24 03:04:02', '2020-06-10 00:30:05'),
(352, 1, 'Najwan Aidil Kareem', 'L', 'Kinagara Regency  E-7', '2018-06-11', 'Firman Kuswandana', 348, '0', 1, 3, 'B00333', 'B00333.png', '2019-08-24 03:06:40', '2020-06-10 00:30:05'),
(353, 1, 'Clara Asyifa Xaviera', 'P', 'Kinagara Regency p-7', '2019-04-29', 'Syaeful', 349, '0', 1, 1, 'B00334', 'B00334.png', '2019-08-24 05:16:25', '2020-06-10 00:30:05'),
(354, 1, 'Khayla Nadira', 'P', 'kinagara Regency Q-1', '2019-03-28', 'Aldi', 350, '0', 1, 9, 'B00335', 'B00335.png', '2019-08-24 05:20:29', '2020-06-10 00:30:06'),
(355, 1, 'Felicia Sheza', 'P', 'kinagara regency  s-12', '2016-10-12', 'Wahyudi', 351, '0', 1, 8, 'B00336', 'B00336.png', '2019-08-24 05:23:57', '2020-06-10 00:30:06'),
(356, 1, 'tsa vina haira', 'P', 'kinagara i-29', '2019-07-01', 'aditya ginanjar', 354, '0', 1, 5, 'B00337', 'B00337.png', '2019-09-21 01:41:05', '2020-06-10 00:30:06'),
(357, 1, 'M.Faeyza', 'L', 'kinagara T-3', '2015-11-14', 'Doni', 355, '0', 1, 5, 'B00338', 'B00338.png', '2019-09-21 02:19:16', '2020-06-10 00:30:06'),
(358, 1, 'Arrazka', 'L', 'kinagara T-3', '2019-06-11', 'Doni', 355, '0', 1, 5, 'B00339', 'B00339.png', '2019-09-21 02:20:27', '2020-06-10 00:30:06'),
(359, 1, 'arfan siddiq', 'L', 'kinagara I-3', '2015-09-06', 'cecep ramdhani', 356, '0', 1, 5, 'B00340', 'B00340.png', '2019-09-21 02:31:42', '2020-06-10 00:30:06'),
(360, 1, 'mahreen', 'P', 'kinagara I-3', '2017-01-06', 'cecep ramdhani', 356, '0', 1, 5, 'B00341', 'B00341.png', '2019-09-21 02:33:43', '2020-06-10 00:30:06'),
(361, 1, 'Mafaza Azkadina', 'P', 'kinagara  h -19', '2019-08-03', 'Nopendri', 201, '0', 1, 5, 'B00342', 'B00342.png', '2019-09-21 02:44:21', '2020-06-10 00:30:06'),
(362, 1, 'Belvya', 'P', 'kinagara A-2', '2017-06-08', 'Sudarsono', 357, '0', 1, 5, 'B00343', 'B00343.png', '2019-09-21 02:48:49', '2020-06-10 00:30:06'),
(363, 1, 'Avicena', 'L', 'kinagara  A-8', '2015-08-12', 'Rizal', 358, '0', 1, 5, 'B00344', 'B00344.png', '2019-09-21 02:57:53', '2020-06-10 00:30:07'),
(364, 1, 'sarah mikayla', 'P', 'kinagara  A-8', '2018-06-12', 'Rizal', 358, '0', 1, 5, 'B00345', 'B00345.png', '2019-09-21 02:58:54', '2020-06-10 00:30:07'),
(365, 1, 'khanza ulum yusra', 'P', 'kinagara  q-11', '2015-03-30', 'Reva', 110, '0', 1, 1, 'B00346', 'B00346.png', '2019-09-21 03:12:52', '2020-06-10 00:30:07'),
(366, 1, 'juanita', 'P', 'kinagara O-06', '2015-09-21', 'juan', 255, '0', 1, 1, 'B00347', 'B00347.png', '2019-09-21 03:16:23', '2020-06-10 00:30:07'),
(367, 1, 'alyssa', 'P', 'Kinagara Regency D3', '2019-07-28', 'vebby', 243, '0', 1, 1, 'B00348', 'B00348.png', '2019-09-21 03:21:16', '2020-06-10 00:30:07'),
(368, 1, 'Athafariz hisyam', 'L', 'kinagara p-16', '2017-08-25', 'Rizal', 150, '0', 1, 5, 'B00349', 'B00349.png', '2019-09-21 03:50:15', '2020-06-10 00:30:08'),
(369, 1, 'M. Tsaqif ar rayhan', 'L', 'kinagara B1-8', '2019-08-06', 'Arief', 73, '0', 1, 5, 'B00350', 'B00350.png', '2019-09-21 03:54:09', '2020-06-10 00:30:08'),
(370, 1, 'Azka Manha', 'L', 'Kinagara J-8', '2018-09-09', 'M Wiwiek', 359, '0', 1, 1, 'B00351', 'B00351.png', '2019-09-21 04:08:51', '2020-06-10 00:30:08'),
(371, 1, 'khayra malaika.A', 'P', 'kinagara  k -16', '2019-03-04', 'Arie megantara', 360, '0', 1, 5, 'B00352', 'B00352.png', '2019-10-19 02:03:51', '2020-06-10 00:30:08'),
(372, 1, 'lubna khaira sanjaya', 'P', 'Kinagara Regency M16', '2019-07-17', 'nidi sanjaya', 117, '0', 1, 5, 'B00353', 'B00353.png', '2019-10-19 02:32:17', '2020-06-10 00:30:08'),
(373, 0, 'zbmz', 'P', 'hvjhv', '0000-00-00', 'hgfgh', 0, '', 1, 0, 'B00354', 'B00354.png', '2020-05-29 15:23:43', '2020-06-10 00:30:08'),
(377, 0, 'kocil', 'L', 'hvjhv', '0000-00-00', 'mkmk', 0, '', 1, 0, 'B00355', 'B00355.png', '2020-05-30 07:14:02', '2020-06-10 00:30:08'),
(378, 0, 'komeng', 'P', 'telkom university, jl sukabirus no 40 bandung', '0000-00-00', 'mkmk', 0, '', 1, 0, 'B00356', 'B00356.png', '2020-05-30 07:14:38', '2020-06-10 00:30:08'),
(379, 0, '6705170008', 'P', 'hvjhv', '0000-00-00', 'hgfgh', 0, '', 1, 0, 'B00357', 'B00357.png', '2020-05-30 07:18:24', '2020-06-10 00:30:09'),
(381, 1, '6705170008', 'L', 'nnnnnnnnn -', '2020-06-26', 'UYUG', 0, '0', 1, 0, 'B00359', 'B00359.png', '2020-06-09 19:31:05', '2020-06-09 19:31:05'),
(386, 1, 'nnnnnnnnnnnnn', 'L', 'hvjhv -', '0000-00-00', 'hgfgh', 0, '0', 1, 0, 'B00360', 'B00360.jpg', '2020-06-11 22:30:34', '2020-06-11 22:30:34'),
(387, 1, 'bocil', 'L', 'nnnn -', '0000-00-00', 'hgfgh', 0, '0', 1, 0, 'B00362', 'B00361.jpg', '2020-06-11 22:32:26', '2020-06-11 22:49:25');

-- --------------------------------------------------------

--
-- Table structure for table `balita_imunisasi`
--

CREATE TABLE `balita_imunisasi` (
  `id` int(11) NOT NULL,
  `balita_id` int(11) NOT NULL,
  `imun_id` int(11) NOT NULL,
  `petugas_id` int(11) NOT NULL,
  `posyandu_id` int(11) NOT NULL,
  `tanggal_input` date NOT NULL,
  `created_at` timestamp NOT NULL DEFAULT CURRENT_TIMESTAMP,
  `updated_at` timestamp NOT NULL DEFAULT CURRENT_TIMESTAMP ON UPDATE CURRENT_TIMESTAMP
) ENGINE=InnoDB DEFAULT CHARSET=latin1;

--
-- Dumping data for table `balita_imunisasi`
--

INSERT INTO `balita_imunisasi` (`id`, `balita_id`, `imun_id`, `petugas_id`, `posyandu_id`, `tanggal_input`, `created_at`, `updated_at`) VALUES
(1, 4, 11, 3, 1, '2015-07-18', '2017-12-15 21:42:12', '2017-12-15 21:53:31'),
(3, 9, 1, 9, 1, '2017-12-16', '2017-12-15 21:54:00', '2017-12-15 21:54:00'),
(4, 174, 1, 13, 1, '2015-11-05', '2018-02-23 19:12:24', '2018-02-23 19:12:24'),
(5, 174, 3, 13, 1, '2015-12-02', '2018-02-23 19:14:00', '2018-02-23 19:14:00'),
(6, 174, 5, 13, 1, '2016-01-05', '2018-02-23 19:14:44', '2018-02-23 19:14:44'),
(7, 174, 7, 13, 1, '2016-02-06', '2018-02-23 19:15:24', '2018-02-23 19:15:24'),
(8, 174, 11, 13, 1, '2016-08-13', '2018-02-23 19:16:17', '2018-02-23 19:16:17'),
(9, 259, 1, 13, 1, '2018-01-22', '2018-02-23 19:56:47', '2018-02-23 19:56:47'),
(10, 300, 1, 13, 1, '2018-03-29', '2018-12-21 18:55:35', '2018-12-21 18:55:35'),
(11, 300, 4, 13, 1, '2018-05-13', '2018-12-21 18:56:11', '2018-12-21 18:56:11'),
(12, 300, 3, 13, 1, '2018-05-13', '2018-12-21 18:57:44', '2018-12-21 18:57:44'),
(13, 300, 5, 13, 1, '2018-06-24', '2018-12-21 18:58:22', '2018-12-21 18:58:22'),
(14, 300, 6, 13, 1, '2018-06-24', '2018-12-21 18:58:49', '2018-12-21 18:58:49'),
(15, 300, 7, 13, 1, '2018-07-29', '2018-12-21 18:59:32', '2018-12-21 18:59:32'),
(16, 300, 8, 13, 1, '2018-07-29', '2018-12-21 19:00:23', '2018-12-21 19:00:23'),
(17, 300, 9, 13, 1, '2018-09-02', '2018-12-21 19:01:11', '2018-12-21 19:01:11'),
(18, 300, 10, 13, 1, '2018-09-02', '2018-12-21 19:01:52', '2018-12-21 19:01:52'),
(19, 130, 1, 13, 1, '2017-08-22', '2018-12-21 19:10:12', '2018-12-21 19:12:28'),
(20, 130, 3, 13, 1, '2017-09-13', '2018-12-21 19:10:44', '2018-12-21 19:10:44'),
(21, 130, 4, 13, 1, '2017-08-29', '2018-12-21 19:12:07', '2018-12-21 19:12:07'),
(22, 130, 5, 13, 1, '2017-10-26', '2018-12-21 19:12:51', '2018-12-21 19:12:51'),
(23, 130, 6, 13, 1, '2017-10-21', '2018-12-21 19:13:15', '2018-12-21 19:13:15'),
(24, 130, 7, 13, 1, '2017-11-29', '2018-12-21 19:13:55', '2018-12-21 19:13:55'),
(25, 130, 8, 13, 1, '2017-11-22', '2018-12-21 19:14:24', '2018-12-21 19:14:24'),
(26, 130, 9, 13, 1, '2018-01-05', '2018-12-21 19:14:54', '2018-12-21 19:14:54'),
(27, 130, 10, 13, 1, '2017-12-22', '2018-12-21 19:15:34', '2018-12-21 19:15:34'),
(28, 93, 3, 13, 1, '2018-01-27', '2018-12-21 19:16:43', '2018-12-21 19:16:43'),
(29, 93, 5, 13, 1, '2018-03-22', '2018-12-21 19:18:05', '2018-12-21 19:18:05'),
(30, 93, 7, 13, 1, '2018-03-21', '2018-12-21 19:19:20', '2018-12-21 19:19:20'),
(31, 93, 8, 13, 1, '2018-05-02', '2018-12-21 19:19:59', '2018-12-21 19:19:59'),
(32, 93, 2, 13, 1, '2017-12-24', '2018-12-21 19:21:11', '2018-12-21 19:21:11'),
(33, 93, 4, 13, 1, '2018-03-21', '2018-12-21 19:21:47', '2018-12-21 19:21:47'),
(34, 93, 11, 13, 1, '2018-10-14', '2018-12-21 19:24:25', '2018-12-21 19:24:25'),
(35, 93, 9, 13, 1, '2018-05-12', '2018-12-21 19:25:51', '2018-12-21 19:25:51'),
(36, 23, 3, 13, 1, '2017-02-07', '2018-12-21 20:13:21', '2018-12-21 20:13:21'),
(37, 212, 3, 13, 1, '2017-02-07', '2018-12-21 20:15:15', '2018-12-21 20:15:15'),
(38, 322, 3, 13, 1, '2018-09-04', '2018-12-21 20:40:29', '2018-12-21 20:40:29'),
(39, 322, 1, 13, 1, '2018-07-31', '2018-12-21 20:41:06', '2018-12-21 20:41:06'),
(40, 322, 2, 13, 1, '2018-07-08', '2018-12-21 20:41:43', '2018-12-21 20:41:43'),
(41, 322, 5, 13, 1, '2018-12-03', '2018-12-21 20:42:29', '2018-12-21 20:42:29'),
(42, 322, 4, 13, 1, '2018-10-03', '2018-12-21 20:43:36', '2018-12-21 20:43:36'),
(43, 322, 6, 13, 1, '2018-12-01', '2018-12-21 20:45:07', '2018-12-21 20:45:07'),
(44, 338, 3, 13, 1, '2019-06-16', '2019-06-25 19:44:05', '2019-06-25 19:44:05'),
(45, 338, 1, 13, 1, '2019-05-12', '2019-06-25 19:46:15', '2019-06-25 19:46:15'),
(46, 55, 1, 13, 1, '2015-12-19', '2019-06-25 21:05:08', '2019-06-25 21:05:08'),
(47, 55, 2, 13, 1, '2015-12-26', '2019-06-25 21:05:49', '2019-06-25 21:05:49'),
(48, 70, 1, 13, 1, '2017-02-07', '2019-06-26 00:05:05', '2019-06-26 00:05:05'),
(50, 70, 3, 13, 1, '2017-03-16', '2019-06-26 00:06:13', '2019-06-26 00:06:13'),
(51, 70, 4, 13, 1, '2017-02-07', '2019-06-26 00:07:39', '2019-06-26 00:07:39'),
(52, 214, 1, 13, 1, '2017-01-06', '2019-06-26 00:11:02', '2019-06-26 00:11:02'),
(53, 214, 3, 13, 1, '2017-02-11', '2019-06-26 00:12:05', '2019-06-26 00:12:05'),
(54, 214, 5, 13, 1, '2017-03-11', '2019-06-26 00:12:40', '2019-06-26 00:12:40'),
(55, 214, 7, 13, 1, '2017-04-15', '2019-06-26 00:13:07', '2019-06-26 00:13:07'),
(56, 214, 9, 13, 1, '2017-05-29', '2019-06-26 00:13:36', '2019-06-26 00:13:36'),
(57, 214, 11, 13, 1, '2017-10-28', '2019-06-26 00:14:02', '2019-06-26 00:14:02'),
(58, 28, 1, 13, 1, '2015-09-11', '2019-06-26 00:16:04', '2019-06-26 00:16:04'),
(59, 28, 3, 13, 1, '2015-09-26', '2019-06-26 00:16:35', '2019-06-26 00:16:35'),
(60, 28, 5, 13, 1, '2015-11-14', '2019-06-26 00:16:59', '2019-06-26 00:16:59'),
(61, 28, 7, 13, 1, '2015-12-17', '2019-06-26 00:17:35', '2019-06-26 00:17:35'),
(62, 28, 9, 13, 1, '2016-11-08', '2019-06-26 00:18:02', '2019-06-26 00:18:02'),
(63, 28, 11, 13, 1, '2016-06-11', '2019-06-26 00:18:23', '2019-06-26 00:18:23'),
(64, 55, 3, 13, 1, '2016-02-02', '2019-06-26 00:22:35', '2019-06-26 00:22:35'),
(65, 55, 4, 13, 1, '2016-01-19', '2019-06-26 00:23:04', '2019-06-26 00:23:04'),
(66, 55, 5, 13, 1, '2016-02-27', '2019-06-26 00:23:38', '2019-06-26 00:23:38'),
(67, 55, 6, 13, 1, '2016-02-27', '2019-06-26 00:24:18', '2019-06-26 00:24:18'),
(68, 55, 7, 13, 1, '2016-04-12', '2019-06-26 00:25:03', '2019-06-26 00:25:03'),
(69, 55, 8, 13, 1, '2016-04-12', '2019-06-26 00:25:30', '2019-06-26 00:25:30'),
(70, 55, 9, 13, 1, '2016-06-01', '2019-06-26 00:26:12', '2019-06-26 00:26:12'),
(71, 55, 11, 13, 1, '2016-11-26', '2019-06-26 00:26:35', '2019-06-26 00:26:35'),
(72, 323, 1, 1, 1, '2019-02-14', '2019-08-23 18:28:16', '0000-00-00 00:00:00');

-- --------------------------------------------------------

--
-- Table structure for table `balita_kondisi`
--

CREATE TABLE `balita_kondisi` (
  `id` int(11) NOT NULL,
  `balita_id` int(11) NOT NULL,
  `berat` float NOT NULL,
  `tinggi` float NOT NULL,
  `lingkar_kepala` float DEFAULT NULL,
  `petugas_id` int(11) NOT NULL,
  `posyandu_id` int(11) NOT NULL,
  `tanggal_input` date NOT NULL,
  `created_at` timestamp NOT NULL DEFAULT CURRENT_TIMESTAMP,
  `updated_at` timestamp NOT NULL DEFAULT CURRENT_TIMESTAMP ON UPDATE CURRENT_TIMESTAMP
) ENGINE=InnoDB DEFAULT CHARSET=latin1;

--
-- Dumping data for table `balita_kondisi`
--

INSERT INTO `balita_kondisi` (`id`, `balita_id`, `berat`, `tinggi`, `lingkar_kepala`, `petugas_id`, `posyandu_id`, `tanggal_input`, `created_at`, `updated_at`) VALUES
(9, 5, 3.5, 48, 0, 8, 1, '2013-08-27', '2017-12-15 21:45:29', '2017-12-15 21:45:29'),
(10, 5, 15.6, 103.5, 0, 8, 1, '2017-08-16', '2017-12-15 21:46:50', '2017-12-15 21:46:50'),
(12, 5, 16, 104.2, 0, 8, 1, '2017-09-16', '2017-12-15 21:47:49', '2017-12-15 21:47:49'),
(13, 5, 15.7, 104.2, 0, 8, 1, '2017-10-16', '2017-12-15 21:48:33', '2017-12-15 21:48:33'),
(16, 5, 15.6, 105.2, 0, 8, 1, '2017-12-01', '2017-12-15 21:49:14', '2019-09-21 12:10:38'),
(21, 9, 2.8, 49, 0, 9, 1, '2013-08-26', '2017-12-15 21:51:23', '2017-12-15 21:51:23'),
(24, 15, 3.14, 0, 0, 7, 1, '2012-12-29', '2017-12-15 21:53:44', '2017-12-15 21:53:44'),
(32, 15, 14.7, 99.8, 0, 7, 1, '2017-01-21', '2017-12-15 21:57:28', '2017-12-15 22:17:53'),
(47, 15, 15, 101.5, 0, 7, 1, '2017-02-18', '2017-12-15 22:15:57', '2017-12-15 22:15:57'),
(50, 6, 12.1, 88, 0, 10, 1, '2017-06-17', '2017-12-15 22:17:22', '2017-12-15 22:17:22'),
(51, 6, 12.3, 88.5, 0, 10, 1, '2017-07-22', '2017-12-15 22:17:59', '2017-12-15 22:17:59'),
(52, 15, 15.2, 100, 0, 7, 1, '2017-03-18', '2017-12-15 22:19:02', '2017-12-15 22:19:02'),
(53, 6, 12.4, 88.5, 0, 10, 1, '2017-08-19', '2017-12-15 22:19:14', '2017-12-15 22:19:14'),
(54, 6, 12.4, 89.1, 0, 10, 1, '2017-09-23', '2017-12-15 22:19:51', '2017-12-15 22:19:51'),
(56, 15, 15.4, 102, 0, 7, 1, '2017-04-15', '2017-12-15 22:20:01', '2017-12-15 22:20:01'),
(58, 6, 12.5, 91, 0, 10, 1, '2017-10-21', '2017-12-15 22:20:32', '2017-12-15 22:20:32'),
(59, 6, 13.3, 92, 0, 10, 1, '2017-12-16', '2017-12-15 22:21:05', '2017-12-15 22:21:05'),
(61, 15, 15.3, 104, 0, 7, 1, '2017-05-20', '2017-12-15 22:21:28', '2017-12-15 22:21:28'),
(62, 15, 104.5, 15.2, 0, 7, 1, '2017-06-17', '2017-12-15 22:22:07', '2017-12-15 22:22:07'),
(64, 15, 15.2, 104.5, 0, 7, 1, '2017-07-15', '2017-12-15 22:22:41', '2017-12-15 22:22:41'),
(65, 15, 15.5, 105, 0, 7, 1, '2017-08-19', '2017-12-15 22:23:25', '2017-12-15 22:23:25'),
(66, 20, 3.2, 0, 0, 13, 1, '2014-01-03', '2018-02-11 00:33:30', '2018-02-11 00:33:30'),
(68, 22, 2.8, 0, 0, 13, 1, '2015-04-08', '2018-02-11 00:41:33', '2018-02-11 00:41:33'),
(69, 23, 3.2, 0, 0, 13, 1, '2016-08-27', '2018-02-11 00:43:44', '2018-02-11 00:43:44'),
(70, 24, 3.3, 0, 0, 13, 1, '2013-09-21', '2018-02-11 00:45:16', '2018-02-11 00:45:16'),
(71, 25, 2.6, 0, 0, 13, 1, '2016-07-08', '2018-02-11 00:47:00', '2018-02-11 00:47:00'),
(72, 26, 2.4, 0, 0, 13, 1, '2016-03-27', '2018-02-11 00:48:56', '2018-02-11 00:48:56'),
(73, 27, 3.2, 0, 0, 13, 1, '2016-08-03', '2018-02-11 00:50:48', '2018-02-11 00:50:48'),
(74, 28, 3.2, 0, 0, 13, 1, '2015-09-06', '2018-02-11 00:52:10', '2018-02-11 00:52:10'),
(75, 29, 0, 0, 0, 13, 1, '2013-07-24', '2018-02-11 00:53:55', '2018-02-11 00:53:55'),
(76, 30, 3.4, 0, 0, 13, 1, '2017-08-07', '2018-02-11 00:55:48', '2018-02-11 00:55:48'),
(77, 31, 3.3, 0, 0, 13, 1, '2016-07-29', '2018-02-11 00:59:31', '2018-02-11 00:59:31'),
(78, 32, 4.3, 0, 0, 13, 1, '2012-10-12', '2018-02-11 01:11:01', '2018-02-11 01:11:01'),
(79, 33, 0, 0, 0, 13, 1, '2013-11-30', '2018-02-11 01:12:18', '2018-02-11 01:12:18'),
(80, 34, 3.4, 0, 0, 13, 1, '2013-09-04', '2018-02-11 01:14:01', '2018-02-11 01:14:01'),
(81, 35, 2.8, 0, 0, 13, 1, '2015-08-12', '2018-02-11 01:15:13', '2018-02-11 01:15:13'),
(82, 36, 2.9, 0, 0, 13, 1, '2017-07-21', '2018-02-11 01:16:26', '2018-02-11 01:16:26'),
(83, 37, 3.1, 0, 0, 13, 1, '2011-12-04', '2018-02-11 01:18:19', '2018-02-11 01:18:19'),
(84, 38, 2.75, 51, 0, 13, 1, '2013-11-25', '2018-02-11 01:20:49', '2018-02-23 20:33:06'),
(85, 39, 3.4, 0, 0, 13, 1, '2013-04-15', '2018-02-11 01:22:17', '2018-02-11 01:22:17'),
(86, 40, 3.2, 0, 0, 13, 1, '2016-07-19', '2018-02-11 01:24:01', '2018-02-11 01:24:01'),
(87, 41, 3.5, 0, 0, 13, 1, '2014-06-06', '2018-02-11 01:25:33', '2018-02-11 01:25:33'),
(88, 42, 0, 0, 0, 13, 1, '2016-02-10', '2018-02-11 01:28:21', '2018-02-11 01:28:21'),
(89, 43, 3.25, 0, 0, 13, 1, '2017-04-17', '2018-02-11 01:29:53', '2018-02-11 01:29:53'),
(90, 44, 2.2, 0, 0, 13, 1, '2017-02-26', '2018-02-11 01:31:14', '2018-02-11 01:31:14'),
(91, 45, 0, 0, 0, 13, 1, '2015-11-02', '2018-02-11 01:32:36', '2018-02-11 01:32:36'),
(92, 46, 0, 0, 0, 13, 1, '2013-02-09', '2018-02-11 01:34:16', '2018-02-11 01:34:16'),
(93, 47, 2.8, 0, 0, 13, 1, '2012-04-25', '2018-02-11 01:35:37', '2018-02-11 01:35:37'),
(94, 48, 0, 0, 0, 13, 1, '2016-11-18', '2018-02-11 01:36:42', '2018-02-11 01:36:42'),
(95, 49, 3.05, 0, 0, 13, 1, '2013-07-27', '2018-02-11 01:37:55', '2018-02-11 01:37:55'),
(96, 50, 2.7, 0, 0, 13, 1, '2015-04-13', '2018-02-11 01:39:17', '2018-02-11 01:39:17'),
(97, 51, 0, 0, 0, 13, 1, '2012-01-01', '2018-02-11 01:41:40', '2018-02-11 01:41:40'),
(98, 52, 3.8, 0, 0, 13, 1, '2013-10-06', '2018-02-11 01:43:47', '2018-02-11 01:43:47'),
(99, 53, 2.9, 0, 0, 13, 1, '2013-10-11', '2018-02-11 01:45:53', '2018-02-11 01:45:53'),
(100, 54, 2.9, 51, 0, 13, 1, '2015-04-10', '2018-02-11 01:49:55', '2018-02-23 20:55:36'),
(101, 55, 2.65, 47, 0, 13, 1, '2015-12-06', '2018-02-11 01:51:05', '2018-02-23 20:08:08'),
(102, 56, 3.2, 0, 0, 13, 1, '2015-03-19', '2018-02-11 01:52:24', '2018-02-11 01:52:24'),
(103, 57, 3.3, 0, 0, 13, 1, '2015-02-20', '2018-02-11 01:53:47', '2018-02-11 01:53:47'),
(104, 58, 3.15, 0, 0, 13, 1, '2017-07-07', '2018-02-11 01:55:16', '2018-02-11 01:55:16'),
(105, 59, 2.75, 49, 0, 13, 1, '2014-07-23', '2018-02-11 01:56:44', '2018-02-23 19:51:30'),
(106, 60, 3.4, 0, 0, 13, 1, '2014-09-07', '2018-02-11 02:00:10', '2018-02-11 02:00:10'),
(107, 61, 3.1, 48, 0, 13, 1, '2013-05-17', '2018-02-11 02:03:12', '2018-03-16 19:34:57'),
(108, 62, 3.4, 0, 0, 13, 1, '2017-09-08', '2018-02-11 02:05:56', '2018-02-11 02:05:56'),
(109, 63, 3.2, 0, 0, 13, 1, '2016-07-22', '2018-02-11 02:09:36', '2018-02-11 02:09:36'),
(110, 64, 3.05, 0, 0, 13, 1, '2014-01-04', '2018-02-11 02:13:35', '2018-02-11 02:13:35'),
(111, 65, 3.3, 0, 0, 13, 1, '2013-09-08', '2018-02-11 02:15:52', '2018-02-11 02:15:52'),
(112, 66, 3.1, 0, 0, 13, 1, '2014-04-16', '2018-02-11 02:17:58', '2018-02-11 02:17:58'),
(113, 67, 2.79, 0, 0, 13, 1, '2017-07-21', '2018-02-11 02:19:32', '2018-02-11 02:19:32'),
(114, 68, 2, 0, 0, 13, 1, '2013-03-11', '2018-02-11 02:21:01', '2018-02-11 02:21:01'),
(115, 69, 2.9, 0, 0, 13, 1, '2015-06-22', '2018-02-11 02:22:28', '2018-02-11 02:22:28'),
(116, 70, 2.4, 0, 0, 13, 1, '2017-01-24', '2018-02-11 02:23:53', '2018-02-11 02:23:53'),
(117, 71, 0, 0, 0, 13, 1, '2014-12-16', '2018-02-11 02:25:10', '2018-02-11 02:25:10'),
(118, 72, 3.5, 0, 0, 13, 1, '2015-06-23', '2018-02-11 02:27:10', '2018-02-11 02:27:10'),
(119, 73, 3.1, 0, 0, 13, 1, '2014-07-15', '2018-02-11 02:28:35', '2018-02-11 02:28:35'),
(120, 74, 0, 0, 0, 13, 1, '2017-02-20', '2018-02-11 02:30:21', '2018-02-11 02:30:21'),
(121, 75, 2.79, 0, 0, 13, 1, '2017-05-25', '2018-02-11 02:31:49', '2018-02-11 02:31:49'),
(122, 76, 0, 0, 0, 13, 1, '2017-02-04', '2018-02-11 02:33:09', '2018-02-11 02:33:09'),
(123, 77, 0, 0, 0, 13, 1, '2017-04-17', '2018-02-11 02:34:53', '2018-02-11 02:34:53'),
(124, 78, 2.8, 49, 0, 13, 1, '2016-03-31', '2018-02-11 02:36:54', '2018-02-23 19:32:12'),
(125, 79, 3.8, 0, 0, 13, 1, '2014-06-26', '2018-02-11 02:38:21', '2018-02-11 02:38:21'),
(126, 80, 2.8, 0, 0, 13, 1, '2013-06-03', '2018-02-11 02:39:43', '2018-02-11 02:39:43'),
(127, 81, 0, 0, 0, 13, 1, '2012-08-19', '2018-02-11 02:41:07', '2018-02-11 02:41:07'),
(128, 82, 2.45, 0, 0, 13, 1, '2015-09-12', '2018-02-11 02:42:29', '2018-02-11 02:42:29'),
(129, 83, 3.3, 0, 0, 13, 1, '2016-04-29', '2018-02-11 02:43:52', '2018-02-11 02:43:52'),
(130, 84, 0, 0, 0, 13, 1, '2014-03-23', '2018-02-11 02:45:18', '2018-02-11 02:45:18'),
(131, 85, 3.8, 0, 0, 13, 1, '2014-04-30', '2018-02-11 02:46:29', '2018-02-11 02:46:29'),
(132, 86, 2.5, 0, 0, 13, 1, '2014-12-11', '2018-02-11 02:48:11', '2018-02-11 02:48:11'),
(133, 87, 3.5, 0, 0, 13, 1, '2016-01-07', '2018-02-11 02:50:18', '2018-02-11 02:50:18'),
(134, 88, 3.2, 0, 0, 13, 1, '2014-05-26', '2018-02-11 02:51:56', '2018-02-11 02:51:56'),
(135, 89, 3.25, 0, 0, 13, 1, '2014-02-09', '2018-02-11 02:53:52', '2018-02-11 02:53:52'),
(136, 90, 3.98, 51, 0, 13, 1, '2017-05-27', '2018-02-11 02:55:30', '2018-02-23 20:09:44'),
(137, 91, 3.4, 52, 0, 13, 1, '2017-09-09', '2018-02-11 02:56:58', '2018-02-23 20:36:58'),
(138, 92, 3.4, 0, 0, 13, 1, '2017-10-27', '2018-02-11 02:58:30', '2018-02-11 02:58:30'),
(139, 93, 3.4, 0, 0, 13, 1, '2017-12-21', '2018-02-11 03:00:03', '2018-02-11 03:00:03'),
(140, 94, 3, 49, 0, 13, 1, '2017-10-01', '2018-02-11 03:01:43', '2018-02-23 20:01:21'),
(141, 95, 2.3, 0, 0, 13, 1, '2016-09-24', '2018-02-11 03:03:47', '2018-02-11 03:03:47'),
(142, 96, 0, 0, 0, 13, 1, '2016-04-27', '2018-02-11 03:05:14', '2018-02-11 03:05:14'),
(143, 97, 3.7, 0, 0, 13, 1, '2016-06-01', '2018-02-11 03:06:42', '2018-02-11 03:06:42'),
(144, 98, 3.5, 0, 0, 13, 1, '2016-02-24', '2018-02-11 03:08:02', '2018-02-11 03:08:02'),
(145, 99, 3.5, 0, 0, 13, 1, '2016-11-28', '2018-02-11 03:09:19', '2018-02-11 03:09:19'),
(146, 100, 3.4, 0, 0, 13, 1, '2016-10-04', '2018-02-11 03:10:27', '2018-02-11 03:10:27'),
(147, 101, 28, 49, 0, 13, 1, '2016-02-19', '2018-02-11 03:11:38', '2018-02-23 20:18:56'),
(148, 102, 2.35, 0, 0, 13, 1, '2016-02-12', '2018-02-11 03:13:04', '2018-02-11 03:13:04'),
(149, 103, 3.1, 0, 0, 13, 1, '2016-07-15', '2018-02-11 04:22:36', '2018-02-11 04:22:36'),
(150, 104, 3.35, 0, 0, 13, 1, '2016-03-29', '2018-02-11 04:27:46', '2018-02-11 04:27:46'),
(151, 105, 0, 0, 0, 13, 1, '2017-01-18', '2018-02-11 04:32:36', '2018-02-11 04:32:36'),
(152, 106, 3.8, 0, 0, 13, 1, '2016-06-13', '2018-02-11 05:35:00', '2018-02-11 05:35:00'),
(153, 107, 3, 49, 0, 13, 1, '2016-05-20', '2018-02-11 05:38:09', '2018-02-23 20:31:15'),
(154, 108, 2.8, 0, 0, 13, 1, '2016-06-10', '2018-02-11 05:42:28', '2018-02-11 05:42:28'),
(155, 109, 3.18, 0, 0, 13, 1, '2017-03-13', '2018-02-11 05:50:04', '2018-02-11 05:50:04'),
(156, 110, 2.6, 49, 0, 13, 1, '2017-04-23', '2018-02-11 05:52:43', '2018-02-23 19:52:51'),
(157, 111, 2.9, 0, 0, 13, 1, '2017-04-23', '2018-02-11 05:58:00', '2018-02-11 05:58:00'),
(158, 112, 3.3, 0, 0, 13, 1, '2017-05-23', '2018-02-11 07:20:29', '2018-02-11 07:20:29'),
(159, 113, 3.1, 0, 0, 13, 1, '2015-12-09', '2018-02-11 07:22:59', '2018-02-11 07:22:59'),
(160, 114, 3.3, 0, 0, 13, 1, '2016-06-18', '2018-02-11 08:36:11', '2018-02-11 08:36:11'),
(161, 115, 2.8, 0, 0, 13, 1, '2015-09-27', '2018-02-11 08:38:09', '2018-02-11 08:38:09'),
(162, 116, 0, 0, 0, 13, 1, '2016-06-09', '2018-02-11 08:40:09', '2018-02-11 08:40:09'),
(163, 117, 0, 0, 0, 13, 1, '2016-06-16', '2018-02-11 08:42:12', '2018-02-11 08:42:12'),
(164, 118, 0, 0, 0, 13, 1, '2016-02-16', '2018-02-11 08:44:10', '2018-02-11 08:44:10'),
(165, 119, 0, 0, 0, 13, 1, '2015-12-28', '2018-02-11 08:45:31', '2018-03-16 19:09:20'),
(166, 120, 3.4, 0, 0, 13, 1, '2016-03-15', '2018-02-11 08:47:13', '2018-02-11 08:47:13'),
(167, 121, 2.6, 0, 0, 13, 1, '2014-11-05', '2018-02-11 08:48:56', '2018-02-11 08:48:56'),
(168, 122, 3.4, 52, 0, 13, 1, '2015-05-21', '2018-02-11 08:50:42', '2018-02-23 19:37:46'),
(169, 123, 3.5, 0, 0, 13, 1, '2013-12-12', '2018-02-11 08:51:56', '2018-02-11 08:51:56'),
(170, 124, 2.9, 0, 0, 13, 1, '2013-09-27', '2018-02-11 08:53:43', '2018-02-11 08:53:43'),
(171, 125, 2.7, 0, 0, 13, 1, '2015-11-12', '2018-02-11 08:55:01', '2018-02-11 08:55:01'),
(172, 126, 3.3, 49, 0, 13, 1, '2014-11-30', '2018-02-11 08:56:56', '2018-03-16 19:21:39'),
(173, 127, 2.6, 0, 0, 13, 1, '2015-04-29', '2018-02-11 08:59:02', '2018-02-11 08:59:02'),
(174, 128, 3.1, 0, 0, 13, 1, '2014-02-14', '2018-02-11 09:00:38', '2018-02-11 09:00:38'),
(175, 129, 3.4, 0, 0, 13, 1, '2014-03-11', '2018-02-11 09:03:28', '2018-02-11 09:03:28'),
(176, 130, 3.3, 50, 0, 13, 1, '2017-08-22', '2018-02-11 09:04:56', '2018-02-23 20:02:38'),
(177, 131, 0, 0, 0, 13, 1, '2014-07-29', '2018-02-11 09:06:16', '2018-02-11 09:06:16'),
(178, 132, 2.9, 0, 0, 13, 1, '2015-11-01', '2018-02-11 09:08:11', '2018-02-11 09:08:11'),
(179, 133, 26, 50, 0, 13, 1, '2013-05-05', '2018-02-11 09:09:48', '2018-02-23 20:20:37'),
(180, 134, 2.75, 0, 0, 13, 1, '2015-05-26', '2018-02-11 09:12:30', '2018-02-11 09:12:30'),
(181, 135, 0, 0, 0, 13, 1, '2013-09-05', '2018-02-11 09:14:17', '2018-02-11 09:14:17'),
(182, 136, 2.9, 0, 0, 13, 1, '2014-11-01', '2018-02-11 09:15:48', '2018-02-11 09:15:48'),
(183, 137, 3.65, 50, 0, 13, 1, '2014-11-28', '2018-02-11 09:17:36', '2018-02-23 20:11:33'),
(184, 138, 3.3, 0, 0, 13, 1, '2014-08-06', '2018-02-11 09:19:38', '2018-02-11 09:19:38'),
(185, 139, 3.1, 0, 0, 13, 1, '2013-02-12', '2018-02-11 09:20:43', '2018-02-11 09:20:43'),
(186, 140, 3.01, 0, 0, 13, 1, '2016-05-24', '2018-02-11 09:22:08', '2018-02-11 09:22:08'),
(187, 141, 3.3, 52, 0, 13, 1, '2015-03-09', '2018-02-11 09:23:30', '2018-02-23 20:13:32'),
(188, 142, 3.08, 0, 0, 13, 1, '2015-05-01', '2018-02-11 09:25:19', '2018-02-11 09:25:19'),
(189, 143, 3.06, 51, 0, 13, 1, '2017-09-20', '2018-02-11 09:28:28', '2018-02-23 20:06:26'),
(190, 144, 3, 0, 0, 13, 1, '2015-05-30', '2018-02-11 09:29:52', '2018-02-11 09:29:52'),
(191, 145, 3, 0, 0, 13, 1, '2013-04-05', '2018-02-11 09:31:01', '2018-02-11 09:31:01'),
(192, 146, 1.9, 0, 0, 13, 1, '2015-12-04', '2018-02-11 09:32:28', '2018-02-11 09:32:28'),
(193, 147, 2.7, 48, 0, 13, 1, '2013-02-06', '2018-02-11 09:33:48', '2018-02-23 20:25:03'),
(194, 148, 2.5, 0, 0, 13, 1, '2016-11-25', '2018-02-11 09:36:08', '2018-02-11 09:36:08'),
(195, 149, 4, 50, 0, 13, 1, '2016-08-26', '2018-02-11 09:37:22', '2018-02-23 19:49:57'),
(196, 150, 1.8, 42, 0, 13, 1, '2015-05-04', '2018-02-11 09:38:46', '2018-02-23 20:17:12'),
(197, 151, 2.9, 0, 0, 13, 1, '2014-10-23', '2018-02-11 09:40:17', '2018-02-11 09:40:17'),
(198, 152, 2.8, 0, 0, 13, 1, '2015-04-29', '2018-02-11 09:41:51', '2018-02-11 09:41:51'),
(199, 153, 3.6, 0, 0, 13, 1, '2014-07-06', '2018-02-11 09:43:07', '2018-02-11 09:43:07'),
(200, 154, 0, 0, 0, 13, 1, '2014-04-13', '2018-02-11 09:44:59', '2018-02-11 09:44:59'),
(201, 155, 3.28, 0, 0, 13, 1, '2013-10-31', '2018-02-11 09:46:10', '2018-02-11 09:46:10'),
(202, 156, 2.2, 48, 0, 13, 1, '2015-05-08', '2018-02-11 09:47:30', '2018-02-23 20:27:46'),
(203, 157, 2, 46, 0, 13, 1, '2015-05-08', '2018-02-11 09:48:37', '2018-02-23 20:29:42'),
(204, 158, 3.1, 0, 0, 13, 1, '2014-06-26', '2018-02-11 09:50:02', '2018-02-11 09:50:02'),
(205, 159, 3.1, 0, 0, 13, 1, '2014-07-22', '2018-02-11 09:51:26', '2018-02-11 09:51:26'),
(206, 160, 3.57, 0, 0, 13, 1, '2014-08-08', '2018-02-11 09:52:31', '2018-02-11 09:52:31'),
(207, 161, 2.2, 0, 0, 13, 1, '2013-12-27', '2018-02-11 09:53:47', '2018-02-11 09:53:47'),
(208, 162, 2.95, 49, 0, 13, 1, '2015-12-14', '2018-02-11 09:54:57', '2018-02-23 21:27:12'),
(209, 163, 3.3, 0, 0, 13, 1, '2014-05-13', '2018-02-11 09:56:33', '2018-02-11 09:56:33'),
(210, 164, 2.8, 0, 0, 13, 1, '2013-06-22', '2018-02-11 09:57:54', '2018-02-11 09:57:54'),
(211, 165, 3.05, 48, 0, 13, 1, '2014-06-12', '2018-02-11 09:59:20', '2018-02-23 19:28:44'),
(212, 166, 2.88, 51, 0, 13, 1, '2015-12-05', '2018-02-11 10:00:38', '2018-02-23 19:29:46'),
(213, 167, 3.3, 51, 0, 13, 1, '2013-08-09', '2018-02-11 10:01:44', '2018-02-23 19:30:38'),
(214, 168, 4.5, 54, 0, 13, 1, '2014-04-11', '2018-02-11 10:03:06', '2018-02-23 19:35:11'),
(215, 169, 3.89, 52, 0, 13, 1, '2015-12-07', '2018-02-11 10:04:22', '2018-02-23 19:36:29'),
(216, 170, 3.1, 0, 0, 13, 1, '2015-12-25', '2018-02-11 10:05:29', '2018-02-11 10:05:29'),
(217, 171, 2.8, 0, 0, 13, 1, '2015-05-15', '2018-02-11 10:06:50', '2018-02-11 10:06:50'),
(218, 172, 2.39, 49, 0, 13, 1, '2015-02-14', '2018-02-11 10:08:31', '2018-02-23 19:54:15'),
(219, 173, 2.9, 0, 0, 13, 1, '2014-11-01', '2018-02-11 10:09:56', '2018-02-11 10:09:56'),
(220, 174, 2.6, 48, 0, 13, 1, '2015-11-04', '2018-02-11 10:11:17', '2018-02-23 19:11:33'),
(221, 175, 3.2, 0, 0, 13, 1, '2015-03-30', '2018-02-11 10:13:09', '2018-02-11 10:13:09'),
(222, 176, 0, 0, 0, 13, 1, '2014-05-06', '2018-02-11 10:14:30', '2018-02-11 10:14:30'),
(223, 177, 3.1, 0, 0, 13, 1, '2015-11-20', '2018-02-11 10:16:46', '2018-02-11 10:16:46'),
(224, 178, 2.9, 0, 0, 13, 1, '2013-02-24', '2018-02-12 03:02:21', '2018-02-12 03:02:21'),
(225, 179, 3.04, 0, 0, 13, 1, '2014-01-02', '2018-02-12 03:06:24', '2018-02-12 03:06:24'),
(226, 180, 3.5, 0, 0, 13, 1, '2015-08-16', '2018-02-12 03:08:25', '2018-02-12 03:08:25'),
(227, 181, 3.5, 50, 0, 13, 1, '2013-08-27', '2018-02-12 03:11:26', '2018-02-23 20:15:14'),
(228, 182, 2.6, 0, 0, 13, 1, '2014-12-15', '2018-02-12 03:13:21', '2018-02-12 03:13:21'),
(229, 183, 3.9, 0, 0, 13, 1, '2013-03-31', '2018-02-12 03:14:42', '2018-02-12 03:14:42'),
(230, 184, 2.7, 0, 0, 13, 1, '2013-05-08', '2018-02-12 03:15:53', '2018-02-12 03:15:53'),
(231, 185, 0, 0, 0, 13, 1, '2012-09-20', '2018-02-12 03:17:29', '2018-02-12 03:17:29'),
(232, 186, 3, 0, 0, 13, 1, '2014-07-28', '2018-02-12 03:19:01', '2018-02-12 03:19:01'),
(233, 187, 2.8, 0, 0, 13, 1, '2013-08-26', '2018-02-12 03:20:45', '2018-02-12 03:20:45'),
(234, 188, 3, 0, 0, 13, 1, '2014-07-13', '2018-02-12 03:22:30', '2018-02-12 03:22:30'),
(235, 189, 3.4, 48, 0, 13, 1, '2017-08-10', '2018-02-12 03:24:06', '2018-02-23 20:00:02'),
(236, 190, 3.3, 54, 0, 13, 1, '2014-07-30', '2018-02-12 03:25:26', '2018-02-23 20:38:51'),
(237, 191, 0, 0, 0, 13, 1, '2014-02-06', '2018-02-12 03:27:03', '2018-02-12 03:27:03'),
(238, 192, 3.21, 0, 0, 13, 1, '2016-09-25', '2018-02-12 03:28:15', '2018-02-12 03:28:15'),
(239, 193, 3.5, 0, 0, 13, 1, '2016-02-05', '2018-02-12 03:29:42', '2018-02-12 03:29:42'),
(240, 194, 3.9, 0, 0, 13, 1, '2015-04-28', '2018-02-12 03:31:19', '2018-02-12 03:31:19'),
(241, 195, 0, 0, 0, 13, 1, '2015-09-09', '2018-02-12 03:42:47', '2018-02-12 03:42:47'),
(242, 196, 3.2, 51, 0, 13, 1, '2015-12-27', '2018-02-12 03:44:22', '2018-02-23 18:59:02'),
(243, 197, 3.1, 51, 0, 13, 1, '2016-02-10', '2018-02-12 03:46:10', '2018-02-23 20:22:23'),
(244, 198, 3.9, 0, 0, 13, 1, '2015-04-24', '2018-02-12 03:47:39', '2018-02-12 03:47:39'),
(245, 199, 3, 50, 0, 13, 1, '2017-06-05', '2018-02-12 03:50:03', '2018-02-23 19:27:16'),
(246, 200, 0, 0, 0, 13, 1, '2017-01-01', '2018-02-12 03:51:25', '2018-02-12 03:51:25'),
(247, 201, 3.4, 50, 0, 13, 1, '2014-10-05', '2018-02-12 03:52:46', '2018-02-23 19:33:49'),
(248, 202, 0, 0, 0, 13, 1, '2016-05-10', '2018-02-12 03:54:13', '2018-02-12 03:54:13'),
(249, 203, 2.87, 0, 0, 13, 1, '2016-09-29', '2018-02-12 04:16:51', '2018-02-12 04:16:51'),
(250, 204, 3.3, 0, 0, 13, 1, '2016-01-17', '2018-02-12 04:18:12', '2018-02-12 04:18:12'),
(251, 205, 3.1, 0, 0, 13, 1, '2014-04-30', '2018-02-12 04:19:39', '2018-02-12 04:19:39'),
(252, 206, 2.91, 0, 0, 13, 1, '2014-08-24', '2018-02-12 04:21:34', '2018-02-12 04:21:34'),
(253, 207, 3.2, 0, 0, 13, 1, '2015-01-05', '2018-02-12 04:23:19', '2018-02-12 04:23:19'),
(254, 208, 0, 0, 0, 13, 1, '2013-02-14', '2018-02-12 04:24:57', '2018-02-12 04:24:57'),
(255, 209, 2.75, 0, 0, 13, 1, '2014-09-30', '2018-02-12 04:26:46', '2018-02-12 04:26:46'),
(256, 210, 2.9, 0, 0, 13, 1, '2013-12-19', '2018-02-12 04:30:06', '2018-02-12 04:30:06'),
(257, 211, 2.8, 0, 0, 13, 1, '2013-11-02', '2018-02-12 04:31:41', '2018-02-12 04:31:41'),
(258, 212, 3.5, 0, 0, 13, 1, '2016-11-25', '2018-02-12 04:33:45', '2018-02-12 04:33:45'),
(259, 213, 3.3, 0, 0, 13, 1, '2017-02-21', '2018-02-12 04:35:15', '2018-02-12 04:35:15'),
(260, 214, 2.85, 0, 0, 13, 1, '2017-01-06', '2018-02-12 04:36:41', '2018-02-12 04:36:41'),
(261, 215, 3.77, 0, 0, 13, 1, '2016-06-30', '2018-02-12 04:39:19', '2018-02-12 04:39:19'),
(262, 216, 2.4, 0, 0, 13, 1, '2016-12-12', '2018-02-12 04:41:20', '2018-02-12 04:41:20'),
(263, 217, 0, 0, 0, 13, 1, '2013-07-28', '2018-02-12 04:43:51', '2018-02-12 04:43:51'),
(264, 218, 3.8, 0, 0, 13, 1, '2016-04-12', '2018-02-12 04:45:33', '2018-02-12 04:45:33'),
(265, 219, 3.3, 0, 0, 13, 1, '2013-07-18', '2018-02-12 04:47:43', '2018-02-12 04:47:43'),
(266, 220, 3.2, 0, 0, 13, 1, '2013-05-08', '2018-02-12 04:50:29', '2018-02-12 04:50:29'),
(267, 221, 2.9, 0, 0, 13, 1, '2016-02-08', '2018-02-12 04:52:40', '2018-02-12 04:52:40'),
(268, 222, 2.85, 0, 0, 13, 1, '2015-08-20', '2018-02-12 04:54:14', '2018-02-12 04:54:14'),
(269, 223, 3.1, 0, 0, 13, 1, '2014-04-21', '2018-02-12 04:55:37', '2018-02-12 04:55:37'),
(270, 224, 3.1, 0, 0, 13, 1, '2014-10-19', '2018-02-12 04:57:17', '2018-02-12 04:57:17'),
(271, 225, 3.5, 0, 0, 13, 1, '2015-12-25', '2018-02-12 04:59:04', '2018-02-12 04:59:04'),
(272, 226, 2.85, 0, 0, 13, 1, '2015-08-10', '2018-02-12 05:00:25', '2018-02-12 05:00:25'),
(273, 227, 2.6, 0, 0, 13, 1, '2016-04-02', '2018-02-12 05:01:56', '2018-02-12 05:01:56'),
(274, 228, 3.1, 0, 0, 13, 1, '2013-05-17', '2018-02-12 05:03:06', '2018-02-12 05:03:06'),
(275, 229, 4.3, 0, 0, 13, 1, '2013-10-27', '2018-02-12 05:04:24', '2018-02-12 05:04:24'),
(276, 230, 3.5, 0, 0, 13, 1, '2016-09-08', '2018-02-12 05:06:13', '2018-02-12 05:06:13'),
(277, 231, 2.9, 0, 0, 13, 1, '2016-01-16', '2018-02-12 05:08:22', '2018-02-12 05:08:22'),
(278, 232, 3.1, 0, 0, 13, 1, '2013-12-21', '2018-02-12 05:09:33', '2018-02-12 05:09:33'),
(279, 233, 3, 0, 0, 13, 1, '2013-10-01', '2018-02-12 05:11:02', '2018-02-12 05:11:02'),
(280, 234, 2.8, 0, 0, 13, 1, '2014-05-22', '2018-02-12 05:12:53', '2018-02-12 05:12:53'),
(281, 235, 2.6, 0, 0, 13, 1, '2015-11-28', '2018-02-12 05:14:13', '2018-02-12 05:14:13'),
(282, 236, 0, 0, 0, 13, 1, '2015-10-01', '2018-02-12 05:17:38', '2018-02-12 05:17:38'),
(283, 237, 1.8, 0, 0, 13, 1, '2017-01-25', '2018-02-12 05:22:57', '2018-02-12 05:22:57'),
(284, 238, 3.15, 0, 0, 13, 1, '2016-11-14', '2018-02-12 05:25:27', '2018-02-12 05:25:27'),
(285, 239, 3.4, 0, 0, 13, 1, '2016-04-18', '2018-02-12 05:27:05', '2018-02-12 05:27:05'),
(286, 240, 3.4, 0, 0, 13, 1, '2016-11-22', '2018-02-12 05:28:42', '2018-02-12 05:28:42'),
(287, 241, 3.2, 0, 0, 13, 1, '2014-06-03', '2018-02-12 05:29:52', '2018-02-12 05:29:52'),
(289, 243, 3.9, 0, 0, 13, 1, '2015-02-13', '2018-02-12 05:33:10', '2018-02-12 05:33:10'),
(290, 244, 0, 0, 0, 13, 1, '2016-01-25', '2018-02-12 05:34:30', '2018-02-12 05:34:30'),
(291, 245, 2, 0, 0, 13, 1, '2015-09-10', '2018-02-12 05:35:50', '2018-02-12 05:35:50'),
(292, 246, 3.01, 50, 0, 13, 1, '2014-09-07', '2018-02-12 05:37:20', '2018-02-23 20:34:43'),
(293, 247, 2.8, 0, 0, 13, 1, '2015-05-31', '2018-02-12 05:38:39', '2018-02-12 05:38:39'),
(294, 248, 3.75, 0, 0, 13, 1, '2015-07-05', '2018-02-12 05:40:53', '2018-02-12 05:40:53'),
(297, 112, 8.2, 66, 0, 13, 1, '2018-01-27', '2018-02-13 03:59:38', '2018-02-13 03:59:38'),
(298, 113, 11.9, 85, 0, 13, 1, '2018-01-27', '2018-02-13 04:14:35', '2018-02-13 04:14:35'),
(299, 112, 8.2, 66, 0, 13, 1, '2018-02-07', '2018-02-13 04:21:26', '2018-02-13 04:21:26'),
(300, 111, 7.9, 68, 0, 13, 1, '2018-01-27', '2018-02-13 04:22:44', '2018-02-13 04:22:44'),
(301, 110, 9, 69, 0, 13, 1, '2018-01-27', '2018-02-13 04:23:38', '2018-02-13 04:23:38'),
(302, 109, 7.4, 69, 0, 13, 1, '2018-01-27', '2018-02-13 04:24:25', '2018-02-13 04:24:25'),
(303, 107, 10, 81.6, 0, 13, 1, '2018-01-27', '2018-02-13 04:25:26', '2018-02-13 04:25:26'),
(304, 106, 11.3, 81, 0, 13, 1, '2018-01-27', '2018-02-13 04:29:00', '2018-02-13 04:29:00'),
(305, 105, 9.3, 71, 0, 13, 1, '2018-01-27', '2018-02-13 04:29:52', '2018-02-13 04:29:52'),
(306, 104, 10.6, 79, 0, 13, 1, '2018-01-27', '2018-02-13 04:30:42', '2018-02-13 04:30:42'),
(307, 103, 10.7, 79, 0, 13, 1, '2018-01-27', '2018-02-13 04:31:29', '2018-02-13 04:31:29'),
(308, 177, 14, 89, 0, 13, 1, '2018-01-27', '2018-02-13 04:32:17', '2018-02-13 04:32:17'),
(309, 176, 13.1, 95.4, 0, 13, 1, '2018-01-27', '2018-02-13 04:33:26', '2018-02-13 04:33:26'),
(310, 175, 11.3, 87, 0, 13, 1, '2018-01-27', '2018-02-13 04:35:33', '2018-02-13 04:35:33'),
(311, 174, 9.8, 83.6, 0, 13, 1, '2018-01-27', '2018-02-13 04:36:26', '2018-02-13 04:36:26'),
(312, 173, 12.2, 91, 0, 13, 1, '2018-01-27', '2018-02-13 04:37:21', '2018-02-13 04:37:21'),
(313, 172, 12, 94.4, 0, 13, 1, '2018-01-27', '2018-02-13 04:38:05', '2018-02-13 04:38:05'),
(314, 171, 8.9, 81, 0, 13, 1, '2018-01-27', '2018-02-13 04:38:47', '2018-02-13 04:38:47'),
(315, 170, 9.1, 78, 0, 13, 1, '2018-01-27', '2018-02-13 04:39:25', '2018-02-13 04:39:25'),
(316, 169, 11.2, 80, 0, 13, 1, '2018-01-27', '2018-02-13 04:40:40', '2018-02-13 04:40:40'),
(317, 168, 15.2, 10.8, 0, 13, 1, '2018-01-27', '2018-02-13 04:41:52', '2018-02-13 04:41:52'),
(318, 167, 21.9, 107, 0, 13, 1, '2018-01-27', '2018-02-13 04:42:45', '2018-02-13 04:42:45'),
(319, 166, 10.4, 80.2, 0, 13, 1, '2018-01-27', '2018-02-13 04:43:31', '2018-02-13 04:43:31'),
(320, 165, 13.5, 96.4, 0, 13, 1, '2018-01-27', '2018-02-13 04:44:25', '2018-02-13 04:44:25'),
(321, 164, 16.4, 104, 0, 13, 1, '2018-01-27', '2018-02-13 04:45:03', '2018-02-13 04:45:03'),
(322, 163, 14.3, 97, 0, 13, 1, '2018-01-27', '2018-02-13 04:45:46', '2018-02-13 04:45:46'),
(323, 162, 11.1, 84.6, 0, 13, 1, '2018-02-13', '2018-02-13 04:46:33', '2018-02-13 04:46:33'),
(324, 161, 21.4, 104.3, 0, 13, 1, '2018-01-27', '2018-02-13 04:47:45', '2018-02-13 04:47:45'),
(325, 160, 15.7, 98.8, 0, 13, 1, '2018-01-27', '2018-02-13 04:48:33', '2018-02-13 04:48:33'),
(326, 159, 12.4, 92.5, 0, 13, 1, '2018-01-27', '2018-02-13 04:49:18', '2018-02-13 04:49:18'),
(327, 158, 12.8, 96.8, 0, 13, 1, '2018-01-27', '2018-02-13 04:49:57', '2018-02-13 04:49:57'),
(328, 157, 12.5, 92.4, 0, 13, 1, '2018-01-27', '2018-02-13 04:50:35', '2018-02-13 04:50:35'),
(329, 156, 13.1, 92, 0, 13, 1, '2018-01-27', '2018-02-13 04:51:21', '2018-02-13 04:51:21'),
(330, 155, 15, 101.5, 0, 13, 1, '2018-01-27', '2018-02-13 04:52:07', '2018-02-13 04:52:07'),
(331, 154, 14.7, 101.8, 0, 13, 1, '2018-01-27', '2018-02-13 04:52:50', '2018-02-13 04:52:50'),
(332, 153, 12.4, 98.7, 0, 13, 1, '2018-01-27', '2018-02-13 04:53:31', '2018-02-13 04:53:31'),
(333, 152, 13.8, 93.6, 0, 13, 1, '2018-01-27', '2018-02-13 04:54:14', '2018-02-13 04:54:14'),
(334, 151, 13.6, 96, 0, 13, 1, '2018-01-27', '2018-02-13 04:54:50', '2018-02-13 04:54:50'),
(335, 150, 10.2, 83.1, 0, 13, 1, '2018-01-27', '2018-02-13 04:55:35', '2018-02-13 04:55:35'),
(336, 149, 8.8, 77, 0, 13, 1, '2018-01-27', '2018-02-13 04:56:40', '2018-02-13 04:56:40'),
(337, 148, 7.1, 71, 0, 13, 1, '2018-01-27', '2018-02-13 04:57:31', '2018-02-13 04:57:31'),
(338, 147, 16.5, 106.5, 0, 13, 1, '2018-01-27', '2018-02-13 04:58:21', '2018-02-13 04:58:21'),
(339, 146, 12.2, 84.9, 0, 13, 1, '2018-01-27', '2018-02-13 04:59:10', '2018-02-13 04:59:10'),
(340, 144, 10.5, 87, 0, 13, 1, '2018-01-27', '2018-02-13 04:59:52', '2018-02-13 04:59:52'),
(341, 143, 7.6, 66, 0, 13, 1, '2018-01-27', '2018-02-13 05:00:29', '2018-02-13 05:00:29'),
(342, 142, 13.7, 93.9, 0, 13, 1, '2018-01-27', '2018-02-13 05:01:15', '2018-02-13 05:01:15'),
(343, 141, 13, 91.2, 0, 13, 1, '2018-01-27', '2018-02-13 05:02:16', '2018-02-13 05:02:16'),
(344, 203, 9.6, 78, 0, 13, 1, '2018-01-27', '2018-02-13 05:02:59', '2018-02-13 05:02:59'),
(345, 139, 14.7, 103.3, 0, 13, 1, '2018-01-27', '2018-02-13 05:03:37', '2018-02-13 05:03:37'),
(346, 138, 32.6, 111, 0, 13, 1, '2018-01-27', '2018-02-13 05:04:19', '2018-02-13 05:04:19'),
(347, 137, 14.3, 95, 0, 13, 1, '2018-01-27', '2018-02-13 05:05:00', '2018-02-13 05:05:00'),
(348, 136, 12.3, 89.9, 0, 13, 1, '2018-01-27', '2018-02-13 05:05:41', '2018-02-13 05:05:41'),
(349, 135, 15, 105, 0, 13, 1, '2018-01-27', '2018-02-13 05:06:19', '2018-02-13 05:06:19'),
(350, 134, 11.6, 91, 0, 13, 1, '2018-01-27', '2018-02-13 05:07:07', '2018-02-13 05:07:07'),
(351, 133, 12, 98.4, 0, 13, 1, '2018-01-27', '2018-02-13 05:07:53', '2018-02-13 05:07:53'),
(352, 132, 10, 84, 0, 13, 1, '2018-01-27', '2018-02-13 05:08:42', '2018-02-13 05:08:42'),
(353, 131, 13, 98.5, 0, 13, 1, '2018-01-27', '2018-02-13 05:09:43', '2018-02-13 05:09:43'),
(354, 130, 7.7, 66, 0, 13, 1, '2018-01-27', '2018-02-13 05:10:51', '2018-02-13 05:10:51'),
(355, 129, 17, 105, 0, 13, 1, '2018-01-27', '2018-02-13 05:11:33', '2018-02-13 05:11:33'),
(356, 128, 16.7, 99.4, 0, 13, 1, '2018-01-27', '2018-02-13 05:12:58', '2018-02-13 05:12:58'),
(357, 127, 13.9, 93.8, 0, 13, 1, '2018-01-27', '2018-02-13 05:13:47', '2018-02-13 05:13:47'),
(358, 126, 14.5, 92, 0, 13, 1, '2018-01-27', '2018-02-13 05:14:31', '2018-02-13 05:14:31'),
(359, 125, 12.5, 88, 0, 13, 1, '2018-01-27', '2018-02-13 05:15:45', '2018-02-13 05:15:45'),
(360, 124, 19.6, 110.9, 0, 13, 1, '2018-01-27', '2018-02-13 05:16:57', '2018-02-13 05:16:57'),
(361, 123, 17.5, 104.4, 0, 13, 1, '2018-01-27', '2018-02-13 05:17:48', '2018-02-13 05:17:48'),
(362, 122, 12.6, 93, 0, 13, 1, '2018-01-27', '2018-02-13 05:18:26', '2018-02-13 05:18:26'),
(363, 121, 10.7, 87.6, 0, 13, 1, '2018-01-27', '2018-02-13 05:19:07', '2018-02-13 05:19:07'),
(364, 120, 20.8, 0, 0, 13, 1, '2018-01-27', '2018-02-13 05:19:50', '2018-02-13 05:19:50'),
(365, 119, 10.3, 81, 0, 13, 1, '2018-01-27', '2018-02-13 05:20:26', '2018-02-13 05:20:26'),
(366, 118, 8.5, 80.2, 0, 13, 1, '2018-01-27', '2018-02-13 05:21:11', '2018-02-13 05:21:11'),
(367, 117, 9.1, 79, 0, 13, 1, '2018-01-27', '2018-02-13 05:21:49', '2018-02-13 05:21:49'),
(368, 116, 13.6, 85.2, 0, 13, 1, '2018-01-27', '2018-02-13 05:22:33', '2018-02-13 05:22:33'),
(369, 115, 11.2, 84.2, 0, 13, 1, '2018-01-27', '2018-02-13 05:23:19', '2018-02-13 05:23:19'),
(370, 114, 9.2, 79.5, 0, 13, 1, '2018-01-27', '2018-02-13 05:24:02', '2018-02-13 05:24:02'),
(371, 102, 8, 80, 0, 13, 1, '2018-01-27', '2018-02-13 05:24:48', '2018-02-13 05:24:48'),
(372, 101, 9, 79, 0, 13, 1, '2018-01-27', '2018-02-13 05:27:02', '2018-02-13 05:27:02'),
(373, 100, 11.4, 81.7, 0, 13, 1, '2018-01-27', '2018-02-13 05:27:43', '2018-02-13 05:27:43'),
(374, 99, 9.2, 75.1, 0, 13, 1, '2018-01-27', '2018-02-13 05:28:25', '2018-02-13 05:28:25'),
(375, 98, 11.3, 83.5, 0, 13, 1, '2018-01-27', '2018-02-13 05:29:20', '2018-02-13 05:29:20'),
(376, 97, 10.5, 81, 0, 13, 1, '2018-01-27', '2018-02-13 05:30:00', '2018-02-13 05:30:00'),
(377, 96, 11.6, 82.3, 0, 13, 1, '2018-01-27', '2018-02-13 05:30:52', '2018-02-13 05:30:52'),
(378, 95, 11, 78.4, 0, 13, 1, '2018-01-27', '2018-02-13 05:31:37', '2018-02-13 05:31:37'),
(379, 94, 5.4, 61, 0, 13, 1, '2018-01-27', '2018-02-13 05:32:20', '2018-02-13 05:32:20'),
(380, 91, 8, 64, 0, 13, 1, '2018-01-27', '2018-02-13 05:33:03', '2018-02-13 05:33:03'),
(381, 90, 8.4, 69, 0, 13, 1, '2018-01-27', '2018-02-13 05:33:53', '2018-02-13 05:33:53'),
(382, 77, 8.4, 74, 0, 13, 1, '2018-01-27', '2018-02-13 05:35:01', '2018-02-13 05:35:01'),
(383, 75, 8.9, 67, 0, 13, 1, '2018-01-27', '2018-02-13 05:35:47', '2018-02-13 05:35:47'),
(384, 58, 8.1, 63, 0, 13, 1, '2018-01-27', '2018-02-13 05:36:43', '2018-02-13 05:36:43'),
(385, 57, 12.3, 90.5, 0, 13, 1, '2018-01-27', '2018-02-13 05:37:26', '2018-02-13 05:37:26'),
(386, 56, 16, 95, 0, 13, 1, '2018-01-27', '2018-02-13 05:38:27', '2018-02-13 05:38:27'),
(387, 55, 12.8, 79.3, 0, 13, 1, '2018-01-27', '2018-02-13 05:39:12', '2018-02-13 05:39:12'),
(388, 54, 11.3, 89, 0, 13, 1, '2018-01-27', '2018-02-13 05:39:52', '2018-02-13 05:39:52'),
(389, 249, 0, 0, 0, 13, 1, '2015-12-13', '2018-02-13 05:48:27', '2018-02-13 05:48:27'),
(390, 250, 0, 0, 0, 13, 1, '2014-12-13', '2018-02-13 05:51:10', '2018-02-13 05:51:10'),
(391, 251, 0, 0, 0, 13, 1, '2013-02-16', '2018-02-13 05:56:09', '2018-02-13 05:56:09'),
(392, 252, 0, 0, 0, 13, 1, '2013-01-01', '2018-02-13 05:58:24', '2018-02-13 05:58:24'),
(393, 253, 2.9, 49, 0, 13, 1, '2017-12-21', '2018-02-23 18:11:50', '2018-02-23 18:11:50'),
(394, 253, 5.8, 57, 0, 9, 1, '2018-02-24', '2018-02-23 18:43:09', '2018-02-23 18:43:09'),
(395, 57, 12, 90.5, 0, 9, 1, '2018-02-24', '2018-02-23 18:45:40', '2018-02-23 18:45:40'),
(396, 123, 17.3, 104.5, 0, 7, 1, '2018-02-24', '2018-02-23 18:46:44', '2018-02-23 18:46:44'),
(397, 254, 3.01, 0, 0, 13, 1, '2016-05-24', '2018-02-23 18:48:37', '2018-02-23 18:48:37'),
(398, 103, 10.5, 79, 0, 7, 1, '2018-02-24', '2018-02-23 18:49:26', '2018-02-23 18:49:26'),
(399, 99, 9.9, 75.8, 0, 9, 1, '2018-02-24', '2018-02-23 18:50:32', '2018-02-23 18:50:32'),
(400, 255, 0, 0, 0, 13, 1, '2018-02-24', '2018-02-23 18:50:43', '2018-02-23 18:50:43'),
(401, 136, 12.3, 90, 0, 7, 1, '2018-02-24', '2018-02-23 18:51:09', '2018-02-23 18:51:09'),
(402, 97, 10.5, 82.2, 0, 9, 1, '2018-02-24', '2018-02-23 18:51:18', '2018-02-23 18:51:18'),
(403, 249, 9.1, 75.4, 0, 7, 1, '2018-02-24', '2018-02-23 18:51:58', '2018-02-23 18:51:58'),
(404, 26, 12.9, 85.6, 0, 9, 1, '2018-02-24', '2018-02-23 18:52:26', '2018-02-23 18:52:26'),
(405, 254, 9.9, 78, 0, 9, 1, '2018-02-24', '2018-02-23 18:54:06', '2018-02-23 18:54:06'),
(406, 200, 11.4, 80.2, 0, 7, 1, '2018-02-24', '2018-02-23 18:54:09', '2018-02-23 18:54:09'),
(407, 104, 11.1, 80, 0, 9, 1, '2018-02-24', '2018-02-23 18:55:18', '2018-02-23 18:55:18'),
(408, 119, 10.9, 82, 0, 9, 1, '2018-02-24', '2018-02-23 18:58:17', '2018-02-23 18:58:17'),
(409, 196, 13.6, 94.1, 0, 7, 1, '2018-02-24', '2018-02-23 19:00:46', '2018-02-23 19:00:46'),
(410, 256, 3, 50, 0, 13, 1, '2016-06-23', '2018-02-23 19:05:56', '2018-02-23 19:05:56'),
(411, 256, 81, 75, 0, 9, 1, '2018-02-24', '2018-02-23 19:09:28', '2018-02-23 19:09:28'),
(412, 169, 10.3, 83.6, 0, 9, 1, '2018-02-24', '2018-02-23 19:19:16', '2018-02-23 19:19:16'),
(413, 125, 12.1, 89.9, 0, 7, 1, '2018-02-24', '2018-02-23 19:20:46', '2018-02-23 19:20:46'),
(414, 116, 13.8, 85.2, 0, 9, 1, '2018-02-24', '2018-02-23 19:21:52', '2018-02-23 19:21:52'),
(415, 257, 2.2, 48, 0, 13, 1, '2016-09-09', '2018-02-23 19:22:47', '2018-02-23 19:22:47'),
(416, 78, 11.5, 77, 0, 7, 1, '2018-02-24', '2018-02-23 19:24:42', '2018-02-23 19:24:42'),
(417, 258, 3.65, 52, 0, 13, 1, '2014-04-01', '2018-02-23 19:25:27', '2018-02-23 19:25:27'),
(418, 257, 8.9, 77, 0, 7, 1, '2018-02-24', '2018-02-23 19:26:04', '2018-02-23 19:26:04'),
(419, 120, 21.7, 87.8, 0, 9, 1, '2018-02-24', '2018-02-23 19:27:23', '2018-02-23 19:27:23'),
(420, 258, 20, 105, 0, 9, 1, '2018-02-24', '2018-02-23 19:28:26', '2018-02-23 19:28:26'),
(421, 199, 9, 68, 0, 7, 1, '2018-02-24', '2018-02-23 19:29:13', '2018-02-23 19:29:13'),
(422, 166, 10.8, 80.2, 0, 7, 1, '2018-02-24', '2018-02-23 19:31:47', '2018-02-23 19:31:47'),
(423, 165, 14.3, 96, 0, 9, 1, '2018-02-24', '2018-02-23 19:32:58', '2018-02-23 19:32:58'),
(424, 167, 21.2, 107.5, 0, 9, 1, '2018-02-24', '2018-02-23 19:33:58', '2018-02-23 19:33:58'),
(425, 201, 14.6, 100.5, 0, 7, 1, '2018-02-24', '2018-02-23 19:34:57', '2018-02-23 19:34:57'),
(426, 168, 16, 105.8, 0, 7, 1, '2018-02-24', '2018-02-23 19:38:00', '2018-02-23 19:38:00'),
(428, 122, 13.2, 93, 0, 7, 1, '2018-02-24', '2018-02-23 19:39:53', '2018-02-23 19:39:53'),
(429, 158, 13.2, 97.2, 0, 7, 1, '2018-02-24', '2018-02-23 19:47:47', '2018-02-23 19:47:47'),
(430, 102, 9.5, 80.9, 0, 9, 1, '2018-02-24', '2018-02-23 19:47:58', '2018-02-23 19:47:58'),
(431, 242, 3.06, 48, 0, 13, 1, '2015-03-10', '2018-02-23 19:48:10', '2018-02-23 19:48:10'),
(432, 135, 16.4, 106.2, 0, 9, 1, '2018-02-24', '2018-02-23 19:48:38', '2018-02-23 19:48:38'),
(433, 54, 11.4, 89.7, 0, 7, 1, '2018-02-24', '2018-02-23 19:50:01', '2018-02-23 19:50:01'),
(434, 242, 13.2, 88.3, 0, 9, 1, '2018-02-24', '2018-02-23 19:50:18', '2018-02-23 19:50:18'),
(435, 149, 8.4, 77, 0, 7, 1, '2018-02-24', '2018-02-23 19:51:47', '2018-02-23 19:51:47'),
(436, 59, 21.4, 106.1, 0, 7, 1, '2018-02-24', '2018-02-23 19:53:03', '2018-02-23 19:53:03'),
(437, 110, 8.6, 73, 0, 7, 1, '2018-02-24', '2018-02-23 19:55:02', '2018-02-23 19:55:02'),
(438, 259, 3.01, 51, 0, 13, 1, '2018-01-21', '2018-02-23 19:56:17', '2018-02-23 19:56:17'),
(439, 260, 3.48, 51, 0, 13, 1, '2017-11-18', '2018-02-23 19:59:00', '2018-02-23 19:59:00'),
(440, 172, 13.8, 94.9, 0, 7, 1, '2018-02-24', '2018-02-23 19:59:38', '2018-02-23 19:59:38'),
(441, 259, 4.5, 54, 0, 7, 1, '2018-02-24', '2018-02-23 20:00:41', '2018-02-23 20:00:41'),
(442, 260, 6.8, 61, 0, 7, 1, '2018-02-24', '2018-02-23 20:01:40', '2018-02-23 20:01:40'),
(443, 189, 7.6, 68, 0, 7, 1, '2018-02-24', '2018-02-23 20:03:56', '2018-02-23 20:03:56'),
(444, 94, 6.2, 62, 0, 7, 1, '2018-02-24', '2018-02-23 20:06:07', '2018-02-23 20:06:07'),
(445, 130, 7.8, 67, 0, 7, 1, '2018-02-24', '2018-02-23 20:07:04', '2018-02-23 20:07:04'),
(446, 6, 13.8, 93.5, 0, 7, 1, '2018-02-24', '2018-02-23 20:08:07', '2018-02-23 20:08:07'),
(447, 143, 7.7, 67, 0, 7, 1, '2018-02-24', '2018-02-23 20:09:10', '2018-02-23 20:09:10'),
(448, 55, 12.9, 81, 0, 7, 1, '2018-02-24', '2018-02-23 20:10:52', '2018-02-23 20:10:52'),
(449, 90, 8.2, 70, 0, 7, 1, '2018-02-24', '2018-02-23 20:13:17', '2018-02-23 20:13:17'),
(450, 137, 14.6, 96.7, 0, 7, 1, '2018-02-24', '2018-02-23 20:15:07', '2018-02-23 20:15:07'),
(451, 141, 13, 91.2, 0, 7, 1, '2018-02-24', '2018-02-23 20:16:54', '2018-02-23 20:16:54'),
(452, 181, 15.8, 105.7, 0, 9, 1, '2018-02-24', '2018-02-23 20:17:09', '2018-02-23 20:17:09'),
(453, 150, 9.7, 83.1, 0, 7, 1, '2018-02-24', '2018-02-23 20:20:08', '2018-02-23 20:20:08'),
(454, 133, 13.6, 98.4, 0, 7, 1, '2018-02-24', '2018-02-23 20:22:37', '2018-02-23 20:22:37'),
(455, 101, 9.6, 79, 0, 9, 1, '2018-02-24', '2018-02-23 20:23:18', '2018-02-23 20:23:18'),
(456, 197, 11.8, 83, 0, 9, 1, '2018-02-24', '2018-02-23 20:25:05', '2018-02-23 20:25:05'),
(457, 147, 16.3, 107, 0, 9, 1, '2018-02-24', '2018-02-23 20:32:53', '2018-02-23 20:32:53'),
(458, 157, 12.4, 93, 0, 9, 1, '2018-02-24', '2018-02-23 20:33:48', '2018-02-23 20:33:48'),
(459, 156, 12.5, 92.8, 0, 9, 1, '2018-02-24', '2018-02-23 20:34:20', '2018-02-23 20:34:20'),
(460, 107, 9.4, 81.6, 0, 9, 1, '2018-02-24', '2018-02-23 20:35:40', '2018-02-23 20:35:40'),
(461, 38, 13.2, 97.6, 0, 9, 1, '2018-02-24', '2018-02-23 20:36:24', '2018-02-23 20:36:24'),
(462, 246, 12.3, 89.5, 0, 9, 1, '2018-02-24', '2018-02-23 20:37:22', '2018-02-23 20:37:22'),
(463, 91, 8.2, 66, 0, 9, 1, '2018-02-24', '2018-02-23 20:41:11', '2018-02-23 20:41:11'),
(464, 190, 15.2, 98.8, 0, 9, 1, '2018-02-24', '2018-02-23 20:42:24', '2018-02-23 20:42:24'),
(465, 261, 3, 50, 0, 13, 1, '2017-10-31', '2018-02-23 20:43:56', '2018-02-23 20:43:56'),
(466, 261, 5.9, 63, 0, 9, 1, '2018-02-24', '2018-02-23 20:47:36', '2018-02-23 20:47:36'),
(467, 262, 3.1, 0, 0, 13, 1, '2014-07-22', '2018-02-23 20:48:02', '2018-02-23 20:48:02'),
(468, 263, 2.7, 49, 0, 13, 1, '2014-09-15', '2018-02-23 20:54:46', '2018-02-23 20:54:46'),
(469, 263, 15.3, 96.1, 0, 9, 1, '2018-02-24', '2018-02-23 20:56:56', '2018-02-23 20:56:56'),
(470, 162, 11.2, 87, 0, 13, 1, '2018-02-24', '2018-02-23 21:27:35', '2018-02-23 21:27:35'),
(471, 75, 8.5, 72, 0, 13, 1, '2018-03-17', '2018-03-16 18:38:35', '2018-03-16 18:38:35'),
(472, 230, 11.6, 74.1, 0, 13, 1, '2018-03-17', '2018-03-16 18:41:03', '2018-03-16 18:41:03'),
(473, 99, 10.1, 76.5, 0, 13, 1, '2018-03-17', '2018-03-16 18:42:15', '2018-03-16 18:42:15'),
(474, 123, 16, 107, 0, 13, 1, '2018-03-17', '2018-03-16 18:43:44', '2018-03-16 18:43:44'),
(475, 125, 10.4, 80, 0, 13, 1, '2018-03-17', '2018-03-16 18:44:42', '2018-03-16 18:44:42'),
(477, 63, 12, 85, 0, 13, 1, '2018-03-17', '2018-03-16 18:48:09', '2018-03-16 18:48:09'),
(478, 23, 8, 72, 0, 13, 1, '2018-03-17', '2018-03-16 18:49:39', '2018-03-16 18:49:39'),
(479, 59, 22.1, 106.1, 0, 13, 1, '2018-03-17', '2018-03-16 18:51:13', '2018-03-16 18:51:13'),
(480, 100, 11.7, 83, 0, 13, 1, '2018-03-17', '2018-03-16 18:53:41', '2018-03-16 18:53:41'),
(481, 176, 13.1, 96, 0, 13, 1, '2018-03-17', '2018-03-16 18:58:16', '2018-03-16 18:58:16'),
(482, 119, 11, 27, 0, 13, 1, '2018-03-17', '2018-03-16 18:59:11', '2018-03-16 18:59:11'),
(483, 264, 28, 49, 0, 13, 1, '2017-07-21', '2018-03-16 19:02:22', '2018-03-16 19:02:22'),
(484, 264, 8.8, 67, 0, 13, 1, '2018-03-17', '2018-03-16 19:02:45', '2018-03-16 19:02:45'),
(485, 265, 2.87, 47, 0, 13, 1, '2016-09-29', '2018-03-16 19:06:03', '2018-03-16 19:06:03'),
(486, 265, 8.9, 75, 0, 13, 1, '2018-03-17', '2018-03-16 19:06:28', '2018-03-16 19:06:28'),
(487, 6, 14, 95, 0, 13, 1, '2018-03-17', '2018-03-16 19:07:22', '2018-03-16 19:07:22'),
(488, 199, 8.8, 69, 0, 13, 1, '2018-03-17', '2018-03-16 19:08:49', '2018-03-16 19:08:49'),
(489, 189, 8, 6.8, 0, 13, 1, '2018-03-17', '2018-03-16 19:10:37', '2018-03-16 19:10:37'),
(490, 253, 6.7, 61, 0, 13, 1, '2018-03-17', '2018-03-16 19:15:03', '2018-03-16 19:15:03'),
(491, 266, 11.8, 88.2, 0, 13, 1, '2018-03-17', '2018-03-16 19:19:00', '2018-03-16 19:19:00'),
(492, 55, 13.2, 18.7, 0, 13, 1, '2018-03-17', '2018-03-16 19:19:49', '2018-03-16 19:19:49'),
(493, 111, 8.9, 69, 0, 13, 1, '2018-03-17', '2018-03-16 19:20:40', '2018-03-16 19:20:40'),
(494, 126, 15.4, 94, 0, 13, 1, '2018-03-17', '2018-03-16 19:23:03', '2018-03-16 19:23:03'),
(495, 97, 11.1, 82.8, 0, 13, 1, '2018-03-17', '2018-03-16 19:23:56', '2018-03-16 19:23:56'),
(496, 104, 11.4, 80, 0, 13, 1, '2018-03-17', '2018-03-16 19:25:32', '2018-03-16 19:25:32'),
(497, 267, 3.8, 54, 0, 13, 1, '2017-08-25', '2018-03-16 19:28:27', '2018-03-16 19:28:27'),
(498, 267, 9.2, 67, 0, 13, 1, '2018-03-17', '2018-03-16 19:28:50', '2018-03-16 19:28:50'),
(499, 143, 8.1, 68, 0, 13, 1, '2018-03-17', '2018-03-16 19:30:14', '2018-03-16 19:30:14'),
(500, 152, 13.7, 94, 0, 13, 1, '2018-03-17', '2018-03-16 19:30:49', '2018-03-16 19:30:49'),
(501, 134, 12.4, 91, 0, 13, 1, '2018-03-17', '2018-03-16 19:31:28', '2018-03-16 19:31:28'),
(502, 61, 15.7, 103, 0, 13, 1, '2018-03-17', '2018-03-16 19:34:24', '2018-03-16 19:34:24'),
(504, 26, 13, 85, 0, 13, 1, '2018-03-17', '2018-03-16 19:36:35', '2018-03-16 19:36:35'),
(505, 101, 9.6, 79, 0, 13, 1, '2018-03-17', '2018-03-16 19:37:59', '2018-03-16 19:37:59'),
(506, 133, 13.4, 98.5, 0, 13, 1, '2018-03-17', '2018-03-16 19:38:53', '2018-03-16 19:38:53'),
(507, 174, 10.6, 84, 0, 13, 1, '2018-03-17', '2018-03-16 19:44:10', '2018-03-16 19:44:10'),
(508, 268, 3.1, 47, 0, 13, 1, '2017-09-20', '2018-03-16 19:47:30', '2018-03-16 19:47:30'),
(509, 269, 2.9, 47, 0, 13, 1, '2015-11-18', '2018-03-16 19:49:13', '2018-03-16 19:49:13'),
(510, 269, 12.3, 84.5, 0, 13, 1, '2018-03-17', '2018-03-16 19:49:32', '2018-03-16 19:49:32'),
(511, 110, 8.7, 73, 0, 7, 1, '2018-03-17', '2018-03-16 19:50:09', '2018-03-16 19:50:09'),
(512, 175, 11.7, 87, 0, 13, 1, '2018-03-17', '2018-03-16 19:50:23', '2018-03-16 19:50:23'),
(513, 94, 6.4, 65, 0, 7, 1, '2018-03-17', '2018-03-16 19:51:57', '2018-03-16 19:51:57'),
(514, 112, 8.4, 67, 0, 13, 1, '2018-03-17', '2018-03-16 19:52:07', '2018-03-16 19:52:07'),
(515, 136, 13, 90, 0, 13, 1, '2018-03-17', '2018-03-16 19:53:27', '2018-03-16 19:53:27'),
(516, 92, 8, 62, 0, 7, 1, '2018-03-17', '2018-03-16 19:54:00', '2018-03-16 19:54:00'),
(517, 103, 10.4, 80, 0, 13, 1, '2018-03-17', '2018-03-16 19:54:56', '2018-03-16 19:54:56'),
(518, 155, 15.3, 101.8, 0, 13, 1, '2018-03-17', '2018-03-16 19:57:11', '2018-03-16 19:57:11'),
(519, 263, 15.7, 96.1, 0, 7, 1, '2018-03-17', '2018-03-16 19:57:28', '2018-03-16 19:57:28'),
(520, 171, 9.6, 82, 0, 7, 1, '2018-03-17', '2018-03-16 19:58:13', '2018-03-16 19:58:13'),
(521, 270, 2.7, 47, 0, 13, 1, '2018-02-14', '2018-03-16 20:01:53', '2018-03-16 20:01:53'),
(522, 270, 3.9, 53, 0, 13, 1, '2018-03-17', '2018-03-16 20:02:09', '2018-03-16 20:02:09'),
(523, 256, 8.7, 78, 0, 7, 1, '2018-03-17', '2018-03-16 20:02:42', '2018-03-16 20:02:42'),
(524, 260, 7.3, 62, 0, 13, 1, '2018-03-17', '2018-03-16 20:02:59', '2018-03-16 20:02:59'),
(525, 246, 12.1, 90, 0, 7, 1, '2018-03-17', '2018-03-16 20:03:55', '2018-03-16 20:03:55'),
(526, 109, 7.8, 69.5, 0, 7, 1, '2018-03-17', '2018-03-16 20:05:48', '2018-03-16 20:05:48'),
(527, 54, 11.6, 90, 0, 7, 1, '2018-03-17', '2018-03-16 20:07:02', '2018-03-16 20:07:02'),
(528, 213, 10, 73, 0, 7, 1, '2018-03-17', '2018-03-16 20:08:35', '2018-03-16 20:08:35'),
(529, 209, 14.9, 97.5, 0, 13, 1, '2018-03-17', '2018-03-16 20:09:14', '2018-03-16 20:09:14'),
(530, 91, 8.3, 67, 0, 7, 1, '2018-03-17', '2018-03-16 20:09:41', '2018-03-16 20:09:41'),
(531, 137, 14.8, 96.7, 0, 7, 1, '2018-03-17', '2018-03-16 20:12:52', '2018-03-16 20:12:52'),
(532, 271, 3.4, 49, 0, 13, 1, '2014-09-07', '2018-03-16 20:13:46', '2018-03-16 20:13:46'),
(533, 271, 13.6, 95.5, 0, 13, 1, '2018-03-17', '2018-03-16 20:14:06', '2018-03-16 20:14:06'),
(534, 124, 19.8, 112, 0, 7, 1, '2018-03-17', '2018-03-16 20:15:19', '2018-03-16 20:15:19'),
(535, 115, 12, 86, 0, 13, 1, '2018-03-17', '2018-03-16 20:16:40', '2018-03-16 20:16:40'),
(536, 160, 16.4, 100, 0, 7, 1, '2018-03-17', '2018-03-16 20:19:14', '2018-03-16 20:19:14'),
(537, 114, 9.1, 80.5, 0, 7, 1, '2018-03-17', '2018-03-16 20:20:13', '2018-03-16 20:20:13'),
(538, 156, 12.5, 93, 0, 13, 1, '2018-03-17', '2018-03-16 20:20:19', '2018-03-16 20:20:19'),
(539, 157, 12.5, 94, 0, 13, 1, '2018-03-17', '2018-03-16 20:21:09', '2018-03-16 20:21:09'),
(542, 149, 9, 77.2, 0, 13, 1, '2018-03-17', '2018-03-16 20:25:18', '2018-03-16 20:25:18'),
(543, 102, 9.8, 81, 0, 13, 1, '2018-03-17', '2018-03-16 20:27:36', '2018-03-16 20:27:36'),
(544, 135, 17.4, 106.2, 0, 13, 1, '2018-03-17', '2018-03-16 20:28:57', '2018-03-16 20:28:57'),
(545, 272, 2.9, 46, 0, 13, 1, '2017-12-21', '2018-03-16 20:31:27', '2018-03-16 20:31:27'),
(546, 272, 5, 56, 0, 13, 1, '2018-03-17', '2018-03-16 20:31:49', '2018-03-16 20:31:49'),
(547, 57, 12.3, 90.5, 0, 13, 1, '2018-03-17', '2018-03-16 20:33:07', '2018-03-16 20:33:07'),
(548, 76, 10.2, 73.5, 0, 13, 1, '2018-03-17', '2018-03-16 20:36:25', '2018-03-16 20:36:25'),
(549, 262, 12.3, 92.5, 0, 13, 1, '2018-03-17', '2018-03-16 20:37:06', '2018-03-16 20:37:06'),
(550, 170, 9.8, 76, 0, 9, 1, '2018-03-17', '2018-03-16 20:47:27', '2018-03-16 20:47:27'),
(551, 273, 3.49, 46, 0, 9, 1, '2018-01-26', '2018-03-16 20:53:03', '2018-03-16 20:53:03'),
(552, 273, 5.1, 55, 0, 9, 1, '2018-03-17', '2018-03-16 20:53:55', '2018-03-16 20:53:55'),
(553, 146, 12.6, 87.1, 0, 9, 1, '2018-03-17', '2018-03-16 20:55:27', '2018-03-16 20:55:27'),
(554, 150, 10.4, 83.1, 0, 9, 1, '2018-03-17', '2018-03-16 21:04:06', '2018-03-16 21:04:06'),
(555, 162, 11.4, 85.5, 0, 9, 1, '2018-03-17', '2018-03-16 21:10:30', '2018-03-16 21:10:30'),
(556, 133, 13.6, 100, 0, 13, 1, '2018-04-28', '2018-04-27 18:25:46', '2018-04-27 18:25:46'),
(557, 101, 9.4, 82, 0, 13, 1, '2018-04-28', '2018-04-27 18:26:36', '2018-04-27 18:26:36'),
(558, 123, 17.8, 107.1, 0, 13, 1, '2018-04-28', '2018-04-27 18:27:24', '2018-04-27 18:27:24'),
(559, 99, 10.6, 79.5, 0, 13, 1, '2018-04-28', '2018-04-27 18:28:20', '2018-04-27 18:28:20'),
(560, 57, 12.5, 91.4, 0, 13, 1, '2018-04-28', '2018-04-27 18:29:07', '2018-04-27 18:29:07'),
(561, 59, 23.2, 109, 0, 13, 1, '2018-04-28', '2018-04-27 18:30:53', '2018-04-27 18:30:53'),
(562, 125, 13.2, 91.6, 0, 13, 1, '2018-04-28', '2018-04-27 18:36:22', '2018-04-27 18:36:22'),
(563, 129, 18, 49, 0, 13, 1, '2018-04-28', '2018-04-27 18:41:18', '2018-04-27 18:41:18'),
(564, 136, 13, 92.5, 0, 13, 1, '2018-04-28', '2018-04-27 18:43:05', '2018-04-27 18:43:05'),
(565, 103, 10.9, 81, 0, 13, 1, '2018-04-28', '2018-04-27 18:43:35', '2018-04-27 18:43:35'),
(566, 274, 28, 51, 0, 13, 1, '2013-08-26', '2018-04-27 18:47:12', '2018-04-27 18:47:12'),
(567, 274, 14.4, 102.3, 0, 13, 1, '2018-04-28', '2018-04-27 18:47:35', '2018-04-27 18:47:35'),
(568, 275, 2.9, 51, 0, 13, 1, '2015-01-19', '2018-04-27 18:49:26', '2018-04-27 18:49:26'),
(569, 275, 11.3, 89.3, 0, 13, 1, '2018-04-28', '2018-04-27 18:49:54', '2018-04-27 18:49:54'),
(570, 104, 11.4, 81.9, 0, 13, 1, '2018-04-28', '2018-04-27 18:50:56', '2018-04-27 18:50:56'),
(571, 165, 14.8, 82, 0, 13, 1, '2018-04-28', '2018-04-27 18:52:00', '2018-04-27 18:52:00'),
(572, 166, 11, 82, 0, 13, 1, '2018-04-28', '2018-04-27 18:53:41', '2018-04-27 18:53:41'),
(573, 276, 3.2, 49, 0, 13, 1, '2017-11-07', '2018-04-27 18:57:08', '2018-04-27 18:57:08'),
(574, 276, 8, 66, 0, 13, 1, '2018-04-28', '2018-04-27 18:57:26', '2018-04-27 18:57:26'),
(575, 75, 8.5, 72, 0, 13, 1, '2018-04-28', '2018-04-27 18:58:38', '2018-04-27 18:58:38'),
(576, 130, 8.4, 71, 0, 13, 1, '2018-04-28', '2018-04-27 18:59:53', '2018-04-27 18:59:53'),
(577, 182, 11.3, 88.6, 0, 13, 1, '2018-04-28', '2018-04-27 19:00:36', '2018-04-27 19:00:36'),
(578, 259, 6, 61, 0, 9, 1, '2018-04-28', '2018-04-27 19:11:00', '2018-04-27 19:11:00'),
(579, 6, 14.3, 96, 0, 13, 1, '2018-04-28', '2018-04-27 19:11:59', '2018-04-27 19:11:59'),
(580, 120, 24, 93, 0, 9, 1, '2018-04-28', '2018-04-27 19:12:49', '2018-04-27 19:12:49'),
(581, 116, 15.7, 87.4, 0, 13, 1, '2018-04-28', '2018-04-27 19:13:14', '2018-04-27 19:13:14'),
(582, 255, 20.3, 103.3, 0, 13, 1, '2018-04-28', '2018-04-27 19:16:18', '2018-04-27 19:16:18'),
(583, 200, 12.3, 80.2, 0, 13, 1, '2018-04-28', '2018-04-27 19:17:00', '2018-04-27 19:17:00'),
(584, 76, 9.9, 76.6, 0, 13, 1, '2018-04-28', '2018-04-27 19:18:00', '2018-04-27 19:18:00'),
(585, 172, 13.8, 97, 0, 9, 1, '2018-04-28', '2018-04-27 19:18:22', '2018-04-27 19:18:22'),
(586, 161, 20.6, 105.6, 0, 9, 1, '2018-04-28', '2018-04-27 19:19:25', '2018-04-27 19:19:25'),
(587, 134, 12.5, 9.4, 0, 13, 1, '2018-04-28', '2018-04-27 19:20:42', '2018-04-27 19:20:42'),
(589, 24, 17.1, 104.7, 0, 13, 1, '2018-04-28', '2018-04-27 19:23:13', '2018-04-27 19:23:13'),
(590, 58, 8.7, 72, 0, 9, 1, '2018-04-28', '2018-04-27 19:23:13', '2018-04-27 19:23:13'),
(593, 111, 9.5, 72, 0, 9, 1, '2018-04-28', '2018-04-27 19:29:49', '2018-04-27 19:29:49'),
(594, 253, 7.2, 64, 0, 13, 1, '2018-04-28', '2018-04-27 19:30:08', '2018-04-27 19:30:08'),
(595, 118, 9.5, 83, 0, 9, 1, '2018-04-28', '2018-04-27 19:31:48', '2018-04-27 19:31:48'),
(596, 138, 31.1, 113.4, 0, 13, 1, '2018-04-28', '2018-04-27 19:32:51', '2018-04-27 19:32:51'),
(597, 180, 12.9, 90, 0, 9, 1, '2018-04-28', '2018-04-27 19:33:55', '2018-04-27 19:33:55'),
(598, 254, 9.8, 78.5, 0, 9, 1, '2018-04-28', '2018-04-27 19:36:55', '2018-04-27 19:36:55'),
(599, 197, 11.6, 85, 0, 9, 1, '2018-04-28', '2018-04-27 19:38:10', '2018-04-27 19:38:10'),
(600, 91, 8.6, 68, 0, 9, 1, '2018-04-28', '2018-04-27 19:39:26', '2018-04-27 19:39:26'),
(601, 167, 22.9, 108, 0, 9, 1, '2018-04-28', '2018-04-27 19:46:43', '2018-04-27 19:46:43'),
(602, 135, 17.8, 110, 0, 9, 1, '2018-04-28', '2018-04-27 19:48:34', '2018-04-27 19:48:34'),
(603, 149, 9.1, 77.6, 0, 9, 1, '2018-04-28', '2018-04-27 19:49:33', '2018-04-27 19:49:33'),
(604, 94, 6.2, 62, 0, 9, 1, '2018-04-28', '2018-04-27 19:51:23', '2018-04-27 19:51:23'),
(605, 239, 8.9, 82, 0, 9, 1, '2018-04-28', '2018-04-27 19:52:49', '2018-04-27 19:52:49'),
(606, 20, 14.6, 95.6, 0, 9, 1, '2018-04-28', '2018-04-27 19:53:42', '2018-04-27 19:53:42'),
(607, 102, 9.9, 83, 0, 13, 1, '2018-04-28', '2018-04-27 19:54:18', '2018-04-27 19:54:18'),
(608, 146, 12.6, 87.8, 0, 9, 1, '2018-04-28', '2018-04-27 19:54:56', '2018-04-27 19:54:56'),
(609, 97, 11.3, 85, 0, 13, 1, '2018-04-28', '2018-04-27 19:56:09', '2018-04-27 19:56:09'),
(610, 158, 13, 97.5, 0, 9, 1, '2018-04-28', '2018-04-27 19:56:28', '2018-04-27 19:56:28'),
(611, 71, 14.3, 99, 0, 9, 1, '2018-04-28', '2018-04-27 19:57:46', '2018-04-27 19:57:46'),
(612, 109, 8, 73.5, 0, 13, 1, '2018-04-28', '2018-04-27 19:57:59', '2018-04-27 19:57:59'),
(613, 55, 13, 82.3, 0, 13, 1, '2018-04-28', '2018-04-27 19:59:10', '2018-04-27 19:59:10'),
(614, 174, 10.4, 85, 0, 9, 1, '2018-04-28', '2018-04-27 20:00:12', '2018-04-27 20:00:12'),
(615, 175, 11.8, 88, 0, 9, 1, '2018-04-28', '2018-04-27 20:00:57', '2018-04-27 20:00:57'),
(616, 278, 3.3, 5.1, 0, 13, 1, '2015-03-09', '2018-04-27 20:01:24', '2018-04-27 20:01:24'),
(617, 112, 8.6, 69, 0, 9, 1, '2018-04-28', '2018-04-27 20:01:24', '2018-04-27 20:01:24');
INSERT INTO `balita_kondisi` (`id`, `balita_id`, `berat`, `tinggi`, `lingkar_kepala`, `petugas_id`, `posyandu_id`, `tanggal_input`, `created_at`, `updated_at`) VALUES
(618, 278, 14.1, 92, 0, 13, 1, '2018-04-28', '2018-04-27 20:01:54', '2018-04-27 20:01:54'),
(619, 152, 13.6, 94.3, 0, 9, 1, '2018-04-28', '2018-04-27 20:02:02', '2018-04-27 20:02:02'),
(620, 246, 12.4, 91.2, 0, 9, 1, '2018-04-28', '2018-04-27 20:04:00', '2018-04-27 20:04:00'),
(621, 61, 15.4, 104.9, 0, 9, 1, '2018-04-28', '2018-04-27 20:05:23', '2018-04-27 20:05:23'),
(622, 23, 9.1, 74, 0, 13, 1, '2018-04-28', '2018-04-27 20:05:54', '2018-04-27 20:05:54'),
(623, 267, 10, 72, 0, 13, 1, '2018-04-28', '2018-04-27 20:06:47', '2018-04-27 20:06:47'),
(624, 279, 2.75, 48, 0, 13, 1, '2015-07-15', '2018-04-27 20:10:05', '2018-04-27 20:10:05'),
(625, 202, 10.4, 83.6, 0, 9, 1, '2018-04-28', '2018-04-27 20:10:22', '2018-04-27 20:10:22'),
(626, 279, 19.4, 94.8, 0, 13, 1, '2018-04-28', '2018-04-27 20:10:25', '2018-04-27 20:10:25'),
(627, 256, 8.9, 78, 0, 9, 1, '2018-04-28', '2018-04-27 20:11:09', '2018-04-27 20:11:09'),
(628, 199, 8.8, 70, 0, 9, 1, '2018-04-28', '2018-04-27 20:12:41', '2018-04-27 20:12:41'),
(629, 173, 12, 93, 0, 13, 1, '2018-04-28', '2018-04-27 20:12:57', '2018-04-27 20:12:57'),
(630, 154, 15.1, 104.7, 0, 9, 1, '2018-04-28', '2018-04-27 20:13:29', '2018-04-27 20:13:29'),
(631, 156, 12.6, 95, 0, 9, 1, '2018-04-28', '2018-04-27 20:15:11', '2018-04-27 20:15:11'),
(632, 157, 12.6, 95.5, 0, 13, 1, '2018-04-28', '2018-04-27 20:15:47', '2018-04-27 20:15:47'),
(633, 143, 8.3, 69, 0, 9, 1, '2018-04-28', '2018-04-27 20:20:23', '2018-04-27 20:20:23'),
(634, 280, 3.05, 49, 0, 13, 1, '2017-08-11', '2018-04-27 20:20:29', '2018-04-27 20:20:29'),
(635, 280, 7.1, 68, 0, 13, 1, '2018-04-28', '2018-04-27 20:20:45', '2018-04-27 20:20:45'),
(636, 119, 11.5, 86.4, 0, 9, 1, '2018-04-28', '2018-04-27 20:21:22', '2018-04-27 20:21:22'),
(637, 122, 13.7, 93.5, 0, 13, 1, '2018-04-28', '2018-04-27 20:22:30', '2018-04-27 20:22:30'),
(638, 210, 12.4, 94.5, 0, 9, 1, '2018-04-28', '2018-04-27 20:26:25', '2018-04-27 20:26:25'),
(640, 281, 2.9, 0, 0, 13, 1, '2017-10-26', '2018-04-27 20:29:57', '2018-04-27 20:29:57'),
(641, 281, 6.9, 6.2, 0, 13, 1, '2018-04-28', '2018-04-27 20:30:17', '2018-04-27 20:30:17'),
(642, 209, 15.1, 99, 0, 9, 1, '2018-04-28', '2018-04-27 20:32:46', '2018-04-27 20:32:46'),
(643, 213, 10.3, 73, 0, 13, 1, '2018-04-28', '2018-04-27 20:32:53', '2018-04-27 20:32:53'),
(644, 60, 13.6, 97.8, 0, 9, 1, '2018-04-28', '2018-04-27 20:37:07', '2018-04-27 20:37:07'),
(645, 282, 2.6, 51, 0, 13, 1, '2017-10-26', '2018-04-27 20:37:34', '2018-04-27 20:37:34'),
(646, 282, 6.5, 63, 0, 13, 1, '2018-04-28', '2018-04-27 20:37:52', '2018-04-27 20:37:52'),
(647, 137, 14.9, 98.5, 0, 9, 1, '2018-04-28', '2018-04-27 20:38:15', '2018-04-27 20:38:15'),
(648, 168, 15.2, 104.5, 0, 9, 1, '2018-04-28', '2018-04-27 20:49:08', '2018-04-27 20:49:08'),
(649, 169, 10.7, 85.5, 0, 9, 1, '2018-04-28', '2018-04-27 20:49:49', '2018-04-27 20:49:49'),
(650, 96, 11.7, 84.5, 0, 9, 1, '2018-04-28', '2018-04-27 20:50:52', '2018-04-27 20:50:52'),
(651, 150, 10.7, 83.1, 0, 9, 1, '2018-04-28', '2018-04-27 20:56:36', '2018-04-27 20:56:36'),
(652, 132, 11.7, 86, 0, 13, 1, '2018-04-28', '2018-04-27 21:12:39', '2018-04-27 21:12:39'),
(653, 120, 24, 93, 0, 7, 1, '2018-05-12', '2018-05-11 19:25:06', '2018-05-11 19:25:06'),
(654, 125, 13.1, 91.6, 0, 7, 1, '2018-05-12', '2018-05-11 19:26:31', '2018-05-11 19:26:31'),
(655, 103, 11.2, 81.6, 0, 7, 1, '2018-05-12', '2018-05-11 19:27:35', '2018-05-11 19:27:35'),
(656, 136, 13.1, 92.5, 0, 7, 1, '2018-05-12', '2018-05-11 19:28:55', '2018-05-11 19:28:55'),
(657, 110, 9.1, 73, 0, 7, 1, '2018-05-12', '2018-05-11 19:30:53', '2018-05-11 19:30:53'),
(658, 58, 8.8, 72, 0, 7, 1, '2018-05-12', '2018-05-11 19:37:41', '2018-05-11 19:37:41'),
(659, 230, 12, 82, 0, 7, 1, '2018-05-12', '2018-05-11 19:39:26', '2018-05-11 19:39:26'),
(660, 199, 8.8, 71, 0, 7, 1, '2018-05-12', '2018-05-11 19:43:59', '2018-05-11 19:43:59'),
(661, 196, 13.6, 96.2, 0, 7, 1, '2018-05-12', '2018-05-11 19:45:57', '2018-05-11 19:45:57'),
(662, 171, 9.7, 84.6, 0, 7, 1, '2018-05-12', '2018-05-11 19:49:19', '2018-05-11 19:49:19'),
(663, 54, 11.9, 93, 0, 7, 1, '2018-05-12', '2018-05-11 19:53:02', '2018-05-11 19:53:02'),
(664, 54, 11.8, 92, 0, 7, 1, '2018-04-28', '2018-05-11 19:54:25', '2018-05-11 19:54:25'),
(665, 104, 11.7, 82.6, 0, 7, 1, '2018-05-12', '2018-05-11 19:56:08', '2018-05-11 19:56:08'),
(666, 94, 7.1, 67, 0, 7, 1, '2018-05-12', '2018-05-11 19:57:51', '2018-05-11 19:57:51'),
(667, 168, 16, 105, 0, 7, 1, '2018-05-12', '2018-05-11 20:01:13', '2018-05-11 20:01:13'),
(668, 169, 11.4, 85.9, 0, 7, 1, '2018-05-12', '2018-05-11 20:02:26', '2018-05-11 20:02:26'),
(669, 6, 14, 96, 0, 7, 1, '2018-05-12', '2018-05-11 20:03:42', '2018-05-11 20:03:42'),
(670, 260, 8.1, 66, 0, 7, 1, '2018-05-12', '2018-05-11 20:05:40', '2018-05-11 20:05:40'),
(671, 130, 8.2, 71, 0, 7, 1, '2018-05-12', '2018-05-11 20:08:09', '2018-05-11 20:08:09'),
(672, 143, 8.3, 70, 0, 7, 1, '2018-05-12', '2018-05-11 20:09:19', '2018-05-11 20:09:19'),
(673, 152, 13.6, 94.3, 0, 7, 1, '2018-05-12', '2018-05-11 20:10:25', '2018-05-11 20:10:25'),
(674, 267, 10.2, 72, 0, 7, 1, '2018-05-12', '2018-05-11 20:12:22', '2018-05-11 20:12:22'),
(675, 167, 23.4, 108, 0, 7, 1, '2018-05-12', '2018-05-11 20:13:37', '2018-05-11 20:13:37'),
(676, 138, 31.8, 113.5, 0, 7, 1, '2018-05-12', '2018-05-11 20:16:36', '2018-05-11 20:16:36'),
(677, 166, 11.2, 82, 0, 7, 1, '2018-05-12', '2018-05-11 20:18:03', '2018-05-11 20:18:03'),
(678, 165, 15, 98.6, 0, 7, 1, '2018-05-12', '2018-05-11 20:22:39', '2018-05-11 20:22:39'),
(679, 176, 13.7, 96.8, 0, 7, 1, '2018-05-12', '2018-05-11 20:30:23', '2018-05-11 20:30:23'),
(680, 24, 17.3, 105.7, 0, 7, 1, '2018-05-12', '2018-05-11 20:32:45', '2018-05-11 20:32:45'),
(681, 263, 16, 97.6, 0, 7, 1, '2018-05-12', '2018-05-11 20:34:04', '2018-05-11 20:34:04'),
(682, 97, 11.2, 85, 0, 7, 1, '2018-05-12', '2018-05-11 20:36:15', '2018-05-11 20:36:15'),
(683, 55, 13.3, 82.3, 0, 7, 1, '2018-05-12', '2018-05-11 20:38:17', '2018-05-11 20:38:17'),
(684, 242, 13.5, 91, 0, 7, 1, '2018-05-12', '2018-05-11 20:39:15', '2018-05-11 20:39:15'),
(685, 126, 15.2, 92, 0, 7, 1, '2018-05-12', '2018-05-11 20:40:36', '2018-05-11 20:40:36'),
(686, 160, 16.6, 102, 0, 7, 1, '2018-05-12', '2018-05-11 20:42:47', '2018-05-11 20:42:47'),
(687, 114, 9.3, 81, 0, 7, 1, '2018-05-12', '2018-05-11 20:44:09', '2018-05-11 20:44:09'),
(688, 174, 10.8, 85.4, 0, 7, 1, '2018-05-12', '2018-05-11 20:45:45', '2018-05-11 20:45:45'),
(689, 146, 12.5, 89, 0, 7, 1, '2018-05-12', '2018-05-11 20:46:46', '2018-05-11 20:46:46'),
(690, 106, 11.3, 84, 0, 7, 1, '2018-05-12', '2018-05-11 20:49:22', '2018-05-11 20:49:22'),
(691, 127, 14.7, 96.3, 0, 7, 1, '2018-05-12', '2018-05-11 21:01:10', '2018-05-11 21:01:10'),
(692, 172, 13.8, 97.4, 0, 7, 1, '2018-05-12', '2018-05-11 21:02:24', '2018-05-11 21:02:24'),
(693, 259, 6.2, 61, 0, 7, 1, '2018-05-12', '2018-05-11 21:04:12', '2018-05-11 21:04:12'),
(694, 91, 9, 70, 0, 7, 1, '2018-05-12', '2018-05-11 21:05:54', '2018-05-11 21:05:54'),
(695, 101, 8.9, 82, 0, 7, 1, '2018-05-12', '2018-05-11 21:07:48', '2018-05-11 21:07:48'),
(696, 133, 13.1, 100, 0, 7, 1, '2018-05-12', '2018-05-11 21:09:29', '2018-05-11 21:09:29'),
(697, 196, 53, 0, 0, 13, 1, '2018-07-28', '2018-05-11 22:13:31', '2018-05-11 22:13:31'),
(698, 110, 9.9, 0, 0, 13, 1, '2018-07-28', '2018-05-11 22:15:54', '2018-05-11 22:15:54'),
(699, 100, 0, 0, 0, 13, 1, '2018-07-28', '2018-05-11 22:17:16', '2018-05-11 22:17:16'),
(700, 200, 0, 0, 0, 13, 1, '2018-07-28', '2018-05-11 22:18:38', '2018-05-11 22:18:38'),
(702, 267, 11, 75, 0, 13, 1, '2018-07-28', '2018-05-11 22:21:15', '2019-03-15 20:53:52'),
(703, 93, 0, 0, 0, 13, 1, '2018-07-28', '2018-05-11 22:22:12', '2018-05-11 22:22:12'),
(704, 255, 0, 0, 0, 13, 1, '2018-07-28', '2018-05-11 22:23:03', '2018-05-11 22:23:03'),
(705, 283, 2.9, 0, 0, 13, 1, '2013-09-27', '2018-05-11 22:29:52', '2018-05-11 22:29:52'),
(706, 283, 20.6, 116, 0, 13, 1, '2018-07-28', '2018-05-11 22:30:28', '2018-05-11 22:30:28'),
(707, 189, 0, 0, 0, 13, 1, '2018-07-28', '2018-05-11 22:34:05', '2018-05-11 22:34:05'),
(708, 138, 0, 0, 0, 13, 1, '2018-07-28', '2018-05-11 22:35:05', '2018-05-11 22:35:05'),
(709, 103, 0, 0, 0, 13, 1, '2018-07-28', '2018-05-11 22:38:06', '2018-05-11 22:38:06'),
(710, 253, 0, 0, 0, 13, 1, '2018-07-28', '2018-05-11 22:38:42', '2018-05-11 22:38:42'),
(711, 104, 0, 0, 0, 13, 1, '2018-07-28', '2018-05-11 22:39:48', '2018-05-11 22:39:48'),
(712, 284, 299, 0, 0, 13, 1, '2017-12-20', '2018-05-11 22:44:58', '2018-05-11 22:44:58'),
(713, 284, 0, 0, 0, 13, 1, '2018-07-28', '2018-05-11 22:45:18', '2018-05-11 22:45:18'),
(714, 78, 0, 0, 0, 13, 1, '2018-07-28', '2018-05-11 22:46:08', '2018-05-11 22:46:08'),
(715, 101, 0, 0, 0, 13, 1, '2018-07-28', '2018-05-11 22:48:20', '2018-05-11 22:48:20'),
(716, 233, 0, 0, 0, 13, 1, '2018-07-28', '2018-05-11 22:49:46', '2018-05-11 22:49:46'),
(717, 285, 3750, 0, 0, 13, 1, '2018-05-10', '2018-05-11 22:51:41', '2018-05-11 22:51:41'),
(718, 285, 0, 0, 0, 13, 1, '2018-07-28', '2018-05-11 22:52:00', '2018-05-11 22:52:00'),
(719, 134, 0, 0, 0, 13, 1, '2018-07-28', '2018-05-11 22:53:29', '2018-05-11 22:53:29'),
(720, 58, 0, 0, 0, 13, 1, '2018-07-28', '2018-05-11 22:54:27', '2018-05-11 22:54:27'),
(721, 97, 0, 0, 0, 13, 1, '2018-07-28', '2018-05-11 22:57:33', '2018-05-11 22:57:33'),
(722, 130, 0, 0, 0, 13, 1, '2018-07-28', '2018-05-11 22:59:10', '2018-05-11 22:59:10'),
(723, 278, 0, 0, 0, 13, 1, '2018-07-28', '2018-05-11 23:00:10', '2018-05-11 23:00:10'),
(724, 89, 0, 0, 0, 13, 1, '2018-07-28', '2018-05-11 23:01:01', '2018-05-11 23:01:01'),
(725, 171, 0, 0, 0, 13, 1, '2018-07-28', '2018-05-11 23:01:45', '2018-05-11 23:01:45'),
(726, 136, 0, 0, 0, 13, 1, '2018-07-28', '2018-05-11 23:02:53', '2018-05-11 23:02:53'),
(727, 175, 0, 0, 0, 13, 1, '2018-07-28', '2018-05-11 23:03:31', '2018-05-11 23:03:31'),
(728, 112, 0, 0, 0, 13, 1, '2018-07-28', '2018-05-11 23:04:19', '2018-05-11 23:04:19'),
(729, 197, 0, 0, 0, 13, 1, '2018-07-28', '2018-05-11 23:05:35', '2018-05-11 23:05:35'),
(730, 149, 0, 0, 0, 13, 1, '2018-07-28', '2018-05-11 23:10:45', '2018-05-11 23:10:45'),
(731, 286, 349, 53, 0, 13, 1, '2018-06-11', '2018-05-11 23:14:04', '2018-05-11 23:14:04'),
(732, 286, 5, 58, 0, 13, 1, '2018-07-28', '2018-05-11 23:14:39', '2018-05-11 23:14:39'),
(733, 102, 0, 0, 0, 13, 1, '2018-07-12', '2018-05-11 23:16:25', '2018-05-11 23:16:25'),
(734, 102, 10.1, 85.6, 0, 13, 1, '2018-05-12', '2018-05-11 23:16:52', '2018-05-11 23:16:52'),
(736, 146, 0, 0, 0, 13, 1, '2018-07-28', '2018-05-11 23:19:19', '2018-05-11 23:19:19'),
(737, 109, 0, 0, 0, 13, 1, '2018-07-28', '2018-05-11 23:21:15', '2018-05-11 23:21:15'),
(738, 54, 0, 0, 0, 13, 1, '2018-07-28', '2018-05-11 23:26:19', '2018-05-11 23:26:19'),
(739, 260, 0, 0, 0, 13, 1, '2018-07-28', '2018-05-11 23:27:20', '2018-05-11 23:27:20'),
(740, 115, 0, 0, 0, 13, 1, '2018-07-28', '2018-05-11 23:28:25', '2018-05-11 23:28:25'),
(742, 135, 0, 0, 0, 13, 1, '2018-07-28', '2018-05-11 23:29:31', '2018-05-11 23:29:31'),
(743, 118, 0, 0, 0, 13, 1, '2018-07-28', '2018-05-11 23:31:26', '2018-05-11 23:31:26'),
(744, 287, 2.7, 0, 0, 13, 1, '2018-05-19', '2018-05-11 23:33:31', '2018-05-11 23:33:31'),
(745, 287, 5.2, 58, 0, 13, 1, '2018-07-28', '2018-05-11 23:33:59', '2018-05-11 23:33:59'),
(746, 246, 0, 0, 0, 13, 1, '2018-07-28', '2018-05-12 00:04:26', '2018-05-12 00:04:26'),
(747, 55, 0, 0, 0, 13, 1, '2018-07-28', '2018-05-12 00:04:55', '2018-05-12 00:04:55'),
(748, 62, 0, 0, 0, 13, 1, '2018-07-28', '2018-05-12 00:05:40', '2018-05-12 00:05:40'),
(749, 261, 0, 0, 0, 13, 1, '2018-07-28', '2018-05-12 00:06:26', '2018-05-12 00:06:26'),
(750, 169, 0, 0, 0, 13, 1, '2018-07-28', '2018-05-12 00:07:37', '2018-05-12 00:07:37'),
(751, 168, 0, 0, 0, 13, 1, '2018-07-28', '2018-05-12 00:08:21', '2018-05-12 00:08:21'),
(752, 165, 0, 0, 0, 13, 1, '2018-07-28', '2018-05-12 00:09:01', '2018-05-12 00:09:01'),
(753, 166, 0, 0, 0, 13, 1, '2018-07-28', '2018-05-12 00:09:39', '2018-05-12 00:09:39'),
(754, 274, 0, 0, 0, 13, 1, '2018-07-28', '2018-05-12 00:10:25', '2018-05-12 00:10:25'),
(755, 275, 0, 0, 0, 13, 1, '2018-07-28', '2018-05-12 00:11:01', '2018-05-12 00:11:01'),
(756, 157, 0, 0, 0, 13, 1, '2018-07-28', '2018-05-12 00:19:19', '2018-05-12 00:19:19'),
(757, 156, 0, 0, 0, 13, 1, '2018-07-28', '2018-05-12 00:19:51', '2018-05-12 00:19:51'),
(758, 262, 0, 0, 0, 13, 1, '2018-07-28', '2018-05-12 00:20:48', '2018-05-12 00:20:48'),
(759, 162, 0, 0, 0, 13, 1, '2018-07-28', '2018-05-12 00:21:35', '2018-05-12 00:21:35'),
(760, 155, 0, 0, 0, 13, 1, '2018-07-28', '2018-05-12 00:51:17', '2018-05-12 00:51:17'),
(761, 127, 0, 0, 0, 13, 1, '2018-07-28', '2018-05-12 00:52:01', '2018-05-12 00:52:01'),
(762, 91, 0, 0, 0, 13, 1, '2018-07-28', '2018-05-12 00:52:51', '2018-05-12 00:52:51'),
(763, 150, 0, 0, 0, 13, 1, '2018-07-28', '2018-05-12 00:58:47', '2018-05-12 00:58:47'),
(764, 163, 0, 0, 0, 13, 1, '2018-07-28', '2018-05-12 00:59:28', '2018-05-12 00:59:28'),
(765, 106, 0, 0, 0, 13, 1, '2018-07-28', '2018-05-12 01:00:41', '2018-05-12 01:00:41'),
(766, 288, 3, 0, 0, 13, 1, '2017-09-21', '2018-05-12 01:12:04', '2018-05-12 01:12:04'),
(767, 288, 9.8, 70, 0, 13, 1, '2018-07-28', '2018-05-12 01:12:37', '2018-05-12 01:12:37'),
(768, 42, 9, 75, 0, 13, 1, '2018-08-25', '2018-05-12 09:25:33', '2018-05-12 09:25:33'),
(769, 23, 10.1, 77.8, 0, 13, 1, '2018-08-25', '2018-05-12 09:30:09', '2018-05-12 09:30:09'),
(770, 125, 15.4, 92.8, 0, 13, 1, '2018-08-25', '2018-05-12 09:32:17', '2018-05-12 09:32:17'),
(771, 100, 12, 85.9, 0, 13, 1, '2018-08-25', '2018-05-12 09:35:10', '2018-05-12 09:35:10'),
(772, 171, 10.5, 85.9, 0, 13, 1, '2018-08-25', '2018-05-12 09:37:19', '2018-05-12 09:37:19'),
(773, 199, 8.9, 72, 0, 13, 1, '2018-08-25', '2018-05-12 09:39:35', '2018-05-12 09:39:35'),
(774, 176, 14.3, 99, 0, 13, 1, '2018-08-25', '2018-05-12 09:40:42', '2018-05-12 09:40:42'),
(775, 291, 2.6, 40.6, 0, 13, 1, '2017-08-11', '2018-05-12 09:44:09', '2018-05-12 09:44:09'),
(776, 291, 11.2, 70, 0, 13, 1, '2018-08-25', '2018-05-12 09:44:41', '2018-05-12 09:44:41'),
(777, 189, 9.1, 77, 0, 13, 1, '2018-08-25', '2018-05-12 09:45:41', '2018-05-12 09:45:41'),
(778, 284, 7.6, 66, 0, 13, 1, '2018-08-25', '2018-05-12 09:47:34', '2018-05-12 09:47:34'),
(779, 253, 7.7, 69, 0, 13, 1, '2018-08-25', '2018-05-12 09:48:30', '2018-05-12 09:48:30'),
(780, 58, 9.5, 73.2, 0, 13, 1, '2018-08-25', '2018-05-12 09:49:16', '2018-05-12 09:49:16'),
(781, 127, 14.6, 99.6, 0, 13, 1, '2018-08-25', '2018-05-12 09:50:20', '2018-05-12 09:50:20'),
(782, 292, 3.6, 52, 0, 13, 1, '2017-06-08', '2018-05-12 09:54:06', '2018-05-12 09:54:06'),
(783, 292, 9.5, 73.5, 0, 13, 1, '2018-08-25', '2018-05-12 09:54:30', '2018-05-12 09:54:30'),
(784, 261, 7.5, 69, 0, 13, 1, '2018-08-25', '2018-05-12 09:57:09', '2018-05-12 09:57:09'),
(785, 124, 20.2, 117, 0, 13, 1, '2018-08-25', '2018-05-12 10:02:33', '2018-05-12 10:02:33'),
(786, 195, 14.4, 92.3, 0, 13, 1, '2018-08-25', '2018-05-12 10:06:29', '2018-05-12 10:06:29'),
(787, 130, 9.5, 75.1, 0, 13, 1, '2018-08-25', '2018-05-12 10:08:32', '2018-05-12 10:08:32'),
(788, 75, 9.3, 71, 0, 13, 1, '2018-05-12', '2018-05-12 10:15:10', '2018-05-12 10:15:10'),
(789, 116, 17, 91, 0, 13, 1, '2018-05-12', '2018-05-12 10:16:45', '2018-05-12 10:16:45'),
(790, 293, 3.3, 49, 0, 13, 1, '2018-02-05', '2018-05-12 10:20:50', '2018-05-12 10:20:50'),
(791, 293, 7.5, 64, 0, 13, 1, '2018-05-12', '2018-05-12 10:21:18', '2018-05-12 10:21:18'),
(792, 254, 11.5, 81, 0, 13, 1, '2018-05-12', '2018-05-12 10:22:17', '2018-05-12 10:22:17'),
(793, 294, 3.5, 49, 0, 13, 1, '2017-12-12', '2018-05-12 10:24:52', '2018-05-12 10:24:52'),
(794, 78, 12.8, 86.3, 0, 13, 1, '2018-05-12', '2018-05-12 10:25:38', '2018-05-12 10:25:38'),
(796, 26, 13.4, 90, 0, 13, 1, '2018-05-12', '2018-05-12 10:28:53', '2018-05-12 10:28:53'),
(798, 295, 3.1, 49, 0, 13, 1, '2016-12-23', '2018-05-12 10:34:51', '2018-05-12 10:34:51'),
(799, 295, 12.4, 85, 0, 13, 1, '2018-05-12', '2018-05-12 10:35:09', '2018-05-12 10:35:09'),
(800, 134, 12.8, 94, 0, 13, 1, '2018-05-12', '2018-05-12 10:38:04', '2018-05-12 10:38:04'),
(802, 148, 8.7, 77.3, 0, 13, 1, '2018-05-12', '2018-05-12 10:39:26', '2018-05-12 10:39:26'),
(803, 70, 9.6, 72, 0, 13, 1, '2018-05-12', '2018-05-12 10:40:07', '2018-05-12 10:40:07'),
(804, 112, 9.3, 72, 0, 13, 1, '2018-05-12', '2018-05-12 10:40:46', '2018-05-12 10:40:46'),
(805, 175, 12.6, 91, 0, 13, 1, '2018-05-12', '2018-05-12 10:41:12', '2018-05-12 10:41:12'),
(806, 173, 12.5, 93, 0, 13, 1, '2018-08-25', '2018-05-12 10:42:13', '2018-05-12 10:42:13'),
(807, 94, 7.9, 73, 0, 13, 1, '2018-08-25', '2018-05-12 10:43:29', '2018-05-12 10:43:29'),
(808, 296, 2.86, 49, 0, 13, 1, '2015-09-27', '2018-05-12 10:45:25', '2018-05-12 10:45:25'),
(809, 296, 12.4, 89.7, 0, 13, 1, '2018-08-25', '2018-05-12 10:45:45', '2018-05-12 10:45:45'),
(810, 111, 10.6, 77, 0, 13, 1, '2018-08-25', '2018-05-12 10:47:15', '2018-05-12 10:47:15'),
(811, 279, 21.7, 98.8, 0, 13, 1, '2018-08-25', '2018-05-12 10:47:53', '2018-05-12 10:47:53'),
(812, 97, 12, 86.8, 0, 13, 1, '2018-08-25', '2018-05-12 10:48:26', '2018-05-12 10:48:26'),
(813, 109, 9, 77, 0, 13, 1, '2018-08-25', '2018-05-12 10:49:26', '2018-05-12 10:49:26'),
(814, 286, 5.9, 62, 0, 13, 1, '2018-08-25', '2018-05-12 10:49:54', '2018-05-12 10:49:54'),
(815, 169, 12, 89, 0, 13, 1, '2018-08-25', '2018-05-12 10:50:29', '2018-05-12 10:50:29'),
(816, 168, 16.5, 100.7, 0, 13, 1, '2018-08-25', '2018-05-12 10:51:16', '2018-05-12 10:51:16'),
(817, 297, 1.89, 0, 0, 13, 1, '2015-09-14', '2018-05-12 10:55:02', '2018-05-12 10:55:02'),
(818, 152, 13.9, 96, 0, 13, 1, '2018-08-25', '2018-05-12 10:55:39', '2018-05-12 10:55:39'),
(819, 152, 13.7, 96, 0, 13, 1, '2018-07-28', '2018-05-12 10:57:35', '2018-05-12 10:57:35'),
(820, 209, 15.9, 101, 0, 13, 1, '2018-08-25', '2018-05-12 10:58:40', '2018-05-12 10:58:40'),
(821, 143, 9.7, 77, 0, 13, 1, '2018-08-25', '2018-05-12 11:00:37', '2018-05-12 11:00:37'),
(822, 213, 11.8, 82, 0, 13, 1, '2018-08-25', '2018-05-12 11:01:09', '2018-05-12 11:01:09'),
(823, 246, 13.7, 93, 0, 13, 1, '2018-08-25', '2018-05-12 11:02:11', '2018-05-12 11:02:11'),
(824, 262, 13.4, 95.5, 0, 13, 1, '2018-08-25', '2018-05-12 11:03:46', '2018-05-12 11:03:46'),
(825, 62, 11.2, 76, 0, 13, 1, '2018-08-25', '2018-05-12 11:04:53', '2018-05-12 11:04:53'),
(826, 243, 15, 96.6, 0, 13, 1, '2018-08-25', '2018-05-12 11:05:35', '2018-05-12 11:05:35'),
(827, 214, 8.7, 74, 0, 13, 1, '2018-08-25', '2018-05-12 11:06:22', '2018-05-12 11:06:22'),
(828, 28, 13, 92, 0, 13, 1, '2018-08-25', '2018-05-12 11:07:49', '2018-05-12 11:07:49'),
(830, 298, 10, 73, 0, 8, 1, '2019-08-24', '2018-05-12 11:11:01', '2019-08-24 05:10:00'),
(831, 170, 10.7, 78, 0, 13, 1, '2018-08-25', '2018-05-12 11:11:52', '2018-05-12 11:11:52'),
(832, 299, 2.5, 47.5, 0, 13, 1, '2015-06-18', '2018-05-12 11:15:04', '2018-05-12 11:15:04'),
(833, 299, 11.5, 89.5, 0, 13, 1, '2018-08-25', '2018-05-12 11:15:25', '2018-05-12 11:15:25'),
(834, 174, 11.1, 87.1, 0, 13, 1, '2018-08-25', '2018-05-12 11:16:10', '2018-05-12 11:16:10'),
(835, 162, 12.6, 90.6, 0, 13, 1, '2018-08-25', '2018-05-12 11:16:57', '2018-05-12 11:16:57'),
(836, 20, 14.7, 97.3, 0, 13, 1, '2018-08-25', '2018-05-12 11:18:08', '2018-05-12 11:18:08'),
(837, 239, 9.9, 82.1, 0, 13, 1, '2018-08-25', '2018-05-12 11:19:11', '2018-05-12 11:19:11'),
(838, 59, 23.3, 110, 0, 13, 1, '2018-08-25', '2018-05-12 11:20:04', '2018-05-12 11:20:04'),
(839, 300, 2.4, 48, 0, 13, 1, '2018-03-29', '2018-05-12 11:22:55', '2018-05-12 11:22:55'),
(840, 300, 4.3, 61.5, 0, 13, 1, '2018-08-25', '2018-05-12 11:23:17', '2018-05-12 11:23:17'),
(841, 280, 7.9, 71, 0, 13, 1, '2018-08-25', '2018-05-12 11:25:06', '2018-05-12 11:25:06'),
(842, 158, 13.7, 106, 0, 13, 1, '2018-08-25', '2018-05-12 11:25:46', '2018-05-12 11:25:46'),
(843, 158, 13.8, 99.9, 0, 13, 1, '2018-07-28', '2018-05-12 11:26:42', '2018-05-12 11:26:42'),
(844, 301, 2.2, 46, 0, 13, 1, '2016-09-12', '2018-05-12 11:31:47', '2018-05-12 11:31:47'),
(845, 301, 10.6, 78, 0, 13, 1, '2018-05-12', '2018-05-12 11:32:06', '2018-05-12 11:32:06'),
(846, 302, 2.8, 49, 0, 13, 1, '2018-04-19', '2018-05-12 11:33:54', '2018-05-12 11:33:54'),
(848, 265, 9.7, 79, 0, 13, 1, '2018-05-12', '2018-05-12 11:36:26', '2018-05-12 11:36:26'),
(849, 149, 10, 82.5, 0, 13, 1, '2018-05-12', '2018-05-12 11:37:15', '2018-05-12 11:37:15'),
(851, 264, 9.6, 76, 0, 13, 1, '2018-08-25', '2018-05-12 11:42:42', '2018-05-12 11:42:42'),
(852, 150, 11.5, 84.2, 0, 13, 1, '2018-08-25', '2018-05-12 11:45:03', '2018-05-12 11:45:03'),
(853, 271, 13.1, 98.3, 0, 13, 1, '2018-08-25', '2018-05-12 11:46:06', '2018-05-12 11:46:06'),
(854, 137, 15.6, 100, 0, 13, 1, '2018-08-25', '2018-05-12 11:47:10', '2018-05-12 11:47:10'),
(855, 245, 9.3, 80, 0, 13, 1, '2018-05-12', '2018-05-12 11:49:47', '2018-05-12 11:49:47'),
(856, 154, 14.5, 98.9, 0, 13, 1, '2018-05-12', '2018-05-12 11:51:59', '2018-05-12 11:51:59'),
(857, 303, 2.93, 49.5, 0, 13, 1, '2017-12-12', '2018-05-12 12:05:29', '2018-05-12 12:05:29'),
(858, 303, 8.4, 67, 0, 13, 1, '2018-05-12', '2018-05-12 12:05:56', '2018-05-12 12:05:56'),
(859, 304, 11.5, 76, 0, 13, 1, '2018-05-12', '2018-05-12 12:11:18', '2018-05-12 12:11:18'),
(860, 246, 14.1, 95, 0, 9, 1, '2018-09-22', '2018-05-12 14:30:57', '2018-05-12 16:21:27'),
(861, 70, 10.1, 76, 0, 9, 1, '2018-09-22', '2018-05-12 14:32:11', '2018-05-12 16:21:57'),
(862, 119, 11.6, 91, 0, 9, 1, '2018-09-22', '2018-05-12 14:32:54', '2018-05-12 16:22:29'),
(863, 196, 14.5, 100, 0, 9, 1, '2018-09-22', '2018-05-12 14:34:11', '2018-05-12 16:23:03'),
(864, 58, 9.8, 74, 0, 9, 1, '2018-09-22', '2018-05-12 14:34:50', '2018-05-12 16:23:40'),
(865, 109, 9.5, 77.5, 0, 9, 1, '2018-09-22', '2018-05-12 14:35:48', '2018-05-12 16:24:10'),
(866, 286, 6.4, 62, 0, 9, 1, '2018-09-22', '2018-05-12 14:36:37', '2018-05-12 16:24:59'),
(867, 262, 14, 97.7, 0, 9, 1, '2018-09-22', '2018-05-12 14:37:53', '2018-05-12 16:25:47'),
(868, 230, 12.6, 86, 0, 9, 1, '2018-09-22', '2018-05-12 14:38:39', '2018-05-12 16:26:17'),
(869, 111, 10.3, 78, 0, 9, 1, '2018-05-12', '2018-05-12 14:39:35', '2018-05-12 14:39:35'),
(870, 305, 9.5, 73.5, 0, 9, 1, '2018-08-25', '2018-05-12 14:44:36', '2018-05-12 16:28:33'),
(871, 305, 9.3, 74, 0, 9, 1, '2018-09-22', '2018-05-12 14:44:54', '2018-05-12 16:27:36'),
(872, 143, 9.6, 77, 0, 9, 1, '2018-09-22', '2018-05-12 14:45:28', '2018-05-12 16:30:34'),
(873, 195, 13.4, 93, 0, 9, 1, '2018-09-22', '2018-05-12 14:47:00', '2018-05-12 16:31:25'),
(874, 284, 7.4, 66, 0, 9, 1, '2018-09-22', '2018-05-12 14:48:12', '2018-05-12 16:20:59'),
(875, 136, 14.2, 96, 0, 9, 1, '2018-09-22', '2018-05-12 14:50:51', '2018-05-12 16:20:25'),
(876, 103, 12.3, 87, 0, 9, 1, '2018-09-22', '2018-05-12 14:52:37', '2018-05-12 16:19:29'),
(877, 93, 8.6, 65, 0, 9, 1, '2018-09-22', '2018-05-12 14:53:53', '2018-05-12 16:18:48'),
(878, 144, 12, 93.3, 0, 9, 1, '2018-09-22', '2018-05-12 15:06:55', '2018-05-12 16:18:07'),
(879, 101, 10.4, 85, 0, 9, 1, '2018-09-22', '2018-05-12 15:07:39', '2018-05-12 16:17:38'),
(880, 62, 11.5, 76.4, 0, 9, 1, '2018-09-22', '2018-05-12 15:09:14', '2018-05-12 16:17:12'),
(881, 288, 10.2, 71, 0, 9, 1, '2018-09-22', '2018-05-12 15:10:38', '2018-05-12 16:16:37'),
(882, 120, 26.1, 97, 0, 9, 1, '2018-09-22', '2018-05-12 15:12:27', '2018-05-12 16:16:12'),
(883, 156, 14, 99, 0, 9, 1, '2018-09-22', '2018-05-12 15:13:20', '2018-05-12 16:15:23'),
(884, 157, 13.5, 99, 0, 9, 1, '2018-09-22', '2018-05-12 15:14:04', '2018-05-12 16:14:59'),
(885, 293, 7.9, 64, 0, 9, 1, '2018-09-22', '2018-05-12 15:14:44', '2018-05-12 16:14:35'),
(886, 135, 18.4, 110, 0, 9, 1, '2018-09-22', '2018-05-12 15:15:23', '2018-05-12 16:13:57'),
(887, 102, 10.7, 86.5, 0, 9, 1, '2018-09-22', '2018-05-12 15:16:13', '2018-05-12 16:13:22'),
(888, 149, 10, 82.5, 0, 9, 1, '2018-09-22', '2018-05-12 15:16:45', '2018-05-12 16:12:42'),
(889, 276, 9, 70, 0, 9, 1, '2018-09-22', '2018-05-12 15:17:55', '2018-05-12 16:12:08'),
(890, 186, 16.4, 104, 0, 9, 1, '2018-09-22', '2018-05-12 15:18:44', '2018-05-12 16:11:19'),
(891, 134, 12.9, 95, 0, 9, 1, '2018-09-22', '2018-05-12 15:20:04', '2018-05-12 16:10:21'),
(892, 240, 11.6, 80.2, 0, 9, 1, '2018-09-22', '2018-05-12 15:22:09', '2018-05-12 15:24:56'),
(893, 253, 8.5, 66, 0, 9, 1, '2018-09-22', '2018-05-12 15:27:45', '2018-05-12 15:27:45'),
(894, 54, 12.9, 95, 0, 9, 1, '2018-09-22', '2018-05-12 15:29:14', '2018-05-12 15:29:14'),
(895, 125, 15.8, 95.5, 0, 9, 1, '2018-09-22', '2018-05-12 15:32:00', '2018-05-12 15:32:00'),
(896, 267, 11.2, 77, 0, 9, 1, '2018-09-22', '2018-05-12 15:33:18', '2018-05-12 15:33:18'),
(897, 152, 13.9, 97, 0, 9, 1, '2018-09-22', '2018-05-12 15:34:27', '2018-05-12 15:34:27'),
(898, 174, 11.5, 88.5, 0, 9, 1, '2018-09-22', '2018-05-12 15:35:49', '2018-05-12 15:35:49'),
(899, 100, 12.5, 86, 0, 9, 1, '2018-09-22', '2018-05-12 15:38:45', '2018-05-12 15:38:45'),
(900, 261, 7.5, 69, 0, 9, 1, '2018-09-22', '2018-05-12 15:40:08', '2018-05-12 15:40:08'),
(901, 263, 17, 102, 0, 9, 1, '2018-09-22', '2018-05-12 15:41:36', '2018-05-12 15:41:36'),
(902, 197, 12.6, 88, 0, 9, 1, '2018-09-22', '2018-05-12 15:44:14', '2018-05-12 15:44:14'),
(903, 35, 13.6, 92.5, 0, 9, 1, '2018-09-22', '2018-05-12 15:45:18', '2018-05-12 15:45:18'),
(904, 86, 13.3, 94.5, 0, 9, 1, '2018-09-22', '2018-05-12 15:46:29', '2018-05-12 15:46:29'),
(905, 97, 12.1, 88, 0, 9, 1, '2018-09-22', '2018-05-12 15:47:13', '2018-05-12 15:47:13'),
(906, 94, 8, 73, 0, 9, 1, '2018-09-22', '2018-05-12 15:47:57', '2018-05-12 15:47:57'),
(907, 127, 14.5, 99.6, 0, 9, 1, '2018-09-22', '2018-05-12 15:48:59', '2018-05-12 15:48:59'),
(908, 154, 15.9, 106.5, 0, 9, 1, '2018-09-22', '2018-05-12 15:49:46', '2018-05-12 15:49:46'),
(909, 150, 11.4, 87, 0, 9, 1, '2018-09-22', '2018-05-12 15:53:31', '2018-05-12 15:53:31'),
(910, 257, 9.9, 8.3, 0, 9, 1, '2018-09-22', '2018-05-12 15:56:16', '2018-05-12 15:56:16'),
(911, 55, 14.6, 86.5, 0, 9, 1, '2018-09-22', '2018-05-12 15:57:19', '2018-05-12 15:57:19'),
(912, 6, 14.8, 98.5, 0, 9, 1, '2018-09-22', '2018-05-12 15:59:00', '2018-05-12 15:59:00'),
(913, 302, 6.9, 63, 0, 9, 1, '2018-09-22', '2018-05-12 16:03:12', '2018-05-12 16:03:12'),
(914, 59, 23.5, 112.1, 0, 9, 1, '2018-09-22', '2018-05-12 16:04:06', '2018-05-12 16:04:06'),
(915, 301, 10.4, 80.4, 0, 9, 1, '2018-09-22', '2018-05-12 16:05:01', '2018-05-12 16:05:01'),
(916, 271, 14.1, 99.9, 0, 9, 1, '2018-09-22', '2018-05-12 16:05:44', '2018-05-12 16:05:44'),
(917, 137, 15.7, 100.1, 0, 9, 1, '2018-09-22', '2018-05-12 16:07:57', '2018-05-12 16:07:57'),
(918, 90, 9.9, 80, 0, 9, 1, '2018-09-22', '2018-05-12 16:32:22', '2018-05-12 16:32:22'),
(919, 259, 9.3, 67, 0, 9, 1, '2018-09-22', '2018-05-12 16:33:19', '2018-05-12 16:33:19'),
(920, 172, 15.7, 101, 0, 9, 1, '2018-09-22', '2018-05-12 16:33:55', '2018-05-12 16:33:55'),
(921, 111, 10.3, 78, 0, 9, 1, '2018-09-22', '2018-05-12 16:34:31', '2018-05-12 16:34:31'),
(922, 91, 11.9, 74, 0, 9, 1, '2018-09-22', '2018-05-12 16:35:08', '2018-05-12 16:35:08'),
(923, 92, 9, 69, 0, 9, 1, '2018-09-22', '2018-05-12 16:35:52', '2018-05-12 16:35:52'),
(924, 155, 15.7, 106.5, 0, 9, 1, '2018-09-22', '2018-05-12 16:36:29', '2018-05-12 16:36:29'),
(925, 307, 8, 63, 0, 9, 1, '2018-09-22', '2018-05-12 16:38:36', '2018-05-12 16:39:28'),
(927, 308, 3.5, 0, 0, 9, 1, '2018-04-03', '2018-05-12 16:41:21', '2018-05-12 16:41:21'),
(928, 308, 7.6, 65, 0, 9, 1, '2018-09-22', '2018-05-12 16:41:47', '2018-05-12 16:41:47'),
(929, 309, 2.5, 0, 0, 9, 1, '2018-05-20', '2018-05-12 16:43:21', '2018-05-12 16:43:21'),
(930, 309, 6.1, 61, 0, 9, 1, '2018-09-22', '2018-05-12 16:43:36', '2018-05-12 16:43:36'),
(931, 310, 3.1, 0, 0, 9, 1, '2018-01-01', '2018-05-12 16:44:52', '2018-05-12 16:44:52'),
(932, 310, 7.5, 67, 0, 9, 1, '2018-09-22', '2018-05-12 16:45:11', '2018-05-12 16:45:11'),
(933, 311, 2.75, 0, 0, 9, 1, '2018-06-12', '2018-05-12 16:46:26', '2018-05-12 16:46:26'),
(934, 311, 6.5, 60, 0, 9, 1, '2018-09-22', '2018-05-12 16:46:45', '2018-05-12 16:46:45'),
(935, 312, 3.1, 0, 0, 13, 1, '2018-09-11', '2018-05-12 16:48:09', '2019-03-15 19:57:20'),
(936, 312, 14, 98, 0, 9, 1, '2018-09-22', '2018-05-12 16:48:28', '2018-05-12 16:48:28'),
(937, 312, 14, 98, 0, 13, 1, '2018-05-09', '2018-05-12 16:48:53', '2019-03-15 19:56:44'),
(938, 313, 2.4, 0, 0, 9, 1, '2018-05-13', '2018-05-12 16:50:01', '2018-05-12 16:50:01'),
(939, 313, 6.2, 62, 0, 9, 1, '2018-09-22', '2018-05-12 16:50:45', '2018-05-12 16:50:45'),
(940, 314, 3.1, 0, 0, 9, 1, '2017-04-24', '2018-05-12 16:52:00', '2018-05-12 16:52:00'),
(941, 314, 8.8, 77, 0, 9, 1, '2018-09-22', '2018-05-12 16:52:27', '2018-05-12 16:52:27'),
(942, 199, 9.2, 73, 0, 14, 1, '2018-10-20', '2018-10-19 19:01:36', '2018-10-19 19:01:36'),
(943, 111, 10.8, 79.5, 0, 14, 1, '2018-10-20', '2018-10-19 19:02:47', '2018-10-19 19:02:47'),
(944, 202, 11.9, 87, 0, 14, 1, '2018-10-20', '2018-10-19 19:04:09', '2018-10-19 19:04:09'),
(945, 170, 10.6, 79, 0, 14, 1, '2018-10-20', '2018-10-19 19:05:06', '2018-10-19 19:05:06'),
(946, 91, 10.5, 75, 0, 14, 1, '2018-10-20', '2018-10-19 19:05:45', '2018-10-19 19:05:45'),
(947, 196, 14.6, 100, 0, 14, 1, '2018-10-20', '2018-10-19 19:08:52', '2018-10-19 19:08:52'),
(948, 213, 11.8, 82, 0, 14, 1, '2018-10-20', '2018-10-19 19:09:45', '2018-10-19 19:09:45'),
(949, 209, 15.9, 103, 0, 14, 1, '2018-10-20', '2018-10-19 19:10:33', '2018-10-19 19:10:33'),
(950, 174, 11.7, 89, 0, 14, 1, '2018-10-20', '2018-10-19 19:11:22', '2018-10-19 19:11:22'),
(951, 59, 23.8, 112.2, 0, 14, 1, '2018-10-20', '2018-10-19 19:12:07', '2018-10-19 19:12:07'),
(952, 144, 11.8, 93.8, 0, 14, 1, '2018-10-20', '2018-10-19 19:12:49', '2018-10-19 19:12:49'),
(953, 171, 10.6, 88.2, 0, 14, 1, '2018-10-20', '2018-10-19 19:13:30', '2018-10-19 19:13:30'),
(954, 230, 13.1, 86, 0, 14, 1, '2018-10-20', '2018-10-19 19:14:13', '2018-10-19 19:14:13'),
(955, 97, 12.3, 90.9, 0, 14, 1, '2018-10-20', '2018-10-19 19:15:36', '2018-10-19 19:15:36'),
(956, 315, 3.7, 0, 0, 14, 1, '2018-07-25', '2018-10-19 19:29:14', '2018-10-19 19:29:14'),
(957, 315, 6.5, 59, 0, 14, 1, '2018-10-20', '2018-10-19 19:30:08', '2018-10-19 19:30:08'),
(958, 104, 14.7, 86.4, 0, 14, 1, '2018-10-20', '2018-10-19 19:31:10', '2018-10-19 19:31:10'),
(959, 94, 8.3, 73, 0, 14, 1, '2018-10-20', '2018-10-19 19:33:37', '2018-10-19 19:33:37'),
(960, 136, 13.1, 96, 0, 14, 1, '2018-10-20', '2018-10-19 19:34:55', '2018-10-19 19:34:55'),
(961, 103, 11.7, 87, 0, 14, 1, '2018-10-20', '2018-10-19 19:36:13', '2018-10-19 19:36:13'),
(962, 143, 10, 77, 0, 14, 1, '2018-10-20', '2018-10-19 19:36:55', '2018-10-19 19:36:55'),
(963, 182, 11.9, 91.5, 0, 14, 1, '2018-10-20', '2018-10-19 19:38:28', '2018-10-19 19:38:28'),
(964, 110, 10.1, 77.4, 0, 14, 1, '2018-10-20', '2018-10-19 19:39:09', '2018-10-19 19:39:09'),
(965, 175, 12.7, 93, 0, 14, 1, '2018-10-20', '2018-10-19 19:39:48', '2018-10-19 19:39:48'),
(966, 280, 8.1, 71.5, 0, 14, 1, '2018-10-20', '2018-10-19 19:41:09', '2018-10-19 19:41:09'),
(967, 112, 9.7, 72, 0, 14, 1, '2018-10-20', '2018-10-19 19:42:04', '2018-10-19 19:42:04'),
(968, 316, 3, 0, 0, 14, 1, '2018-10-02', '2018-10-19 19:44:58', '2018-10-19 19:44:58'),
(969, 316, 4.5, 54, 0, 14, 1, '2018-10-20', '2018-10-19 19:45:42', '2018-10-19 19:45:42'),
(970, 246, 13.3, 95.1, 0, 14, 1, '2018-10-20', '2018-10-19 19:46:48', '2018-10-19 19:46:48'),
(971, 130, 10.3, 75.1, 0, 14, 1, '2018-10-20', '2018-10-19 19:48:07', '2018-10-19 19:48:07'),
(972, 152, 14, 97, 0, 14, 1, '2018-10-20', '2018-10-19 19:48:56', '2018-10-19 19:48:56'),
(973, 267, 11.9, 77, 0, 14, 1, '2018-10-20', '2018-10-19 19:50:54', '2018-10-19 19:50:54'),
(975, 245, 11.3, 90.6, 0, 14, 1, '2018-10-20', '2018-10-19 19:58:01', '2018-10-19 19:58:01'),
(976, 176, 14.2, 99.6, 0, 14, 1, '2018-10-20', '2018-10-19 19:58:37', '2018-10-19 19:58:37'),
(977, 305, 10.4, 74.3, 0, 14, 1, '2018-10-20', '2018-10-19 19:59:17', '2018-10-19 19:59:17'),
(978, 100, 12.7, 88.6, 0, 14, 1, '2018-10-20', '2018-10-19 19:59:57', '2018-10-19 19:59:57'),
(979, 257, 10, 83.3, 0, 14, 1, '2018-10-20', '2018-10-19 20:00:34', '2018-10-19 20:00:34'),
(980, 168, 17.1, 108, 0, 14, 1, '2018-10-20', '2018-10-19 20:04:56', '2018-10-19 20:04:56'),
(981, 169, 12.2, 90.5, 0, 14, 1, '2018-10-20', '2018-10-19 20:05:41', '2018-10-19 20:05:41'),
(982, 75, 9.3, 73.2, 0, 14, 1, '2018-10-20', '2018-10-19 20:06:35', '2018-10-19 20:06:35'),
(983, 134, 13.4, 95.6, 0, 14, 1, '2018-10-20', '2018-10-19 20:07:43', '2018-10-19 20:07:43'),
(984, 317, 3.16, 0, 0, 14, 1, '2017-12-12', '2018-10-19 20:10:05', '2018-10-19 20:10:05'),
(985, 317, 8, 70, 0, 14, 1, '2018-10-20', '2018-10-19 20:10:18', '2018-10-19 20:10:18'),
(986, 293, 8.4, 65, 0, 14, 1, '2018-10-20', '2018-10-19 20:10:55', '2018-10-19 20:10:55'),
(987, 173, 12.8, 94.5, 0, 14, 1, '2018-10-20', '2018-10-19 20:11:33', '2018-10-19 20:11:33'),
(988, 299, 12, 90.6, 0, 14, 1, '2018-10-20', '2018-10-19 20:13:44', '2018-10-19 20:13:44'),
(989, 101, 10.8, 85.1, 0, 14, 1, '2018-10-20', '2018-10-19 20:14:27', '2018-10-19 20:14:27'),
(990, 158, 14.1, 100.4, 0, 14, 1, '2018-10-20', '2018-10-19 20:15:08', '2018-10-19 20:15:08'),
(991, 102, 10.6, 86.6, 0, 14, 1, '2018-10-20', '2018-10-19 20:15:44', '2018-10-19 20:15:44'),
(992, 318, 3.52, 0, 0, 14, 1, '2018-04-22', '2018-10-19 20:17:59', '2018-10-19 20:17:59'),
(993, 318, 7.5, 70, 0, 14, 1, '2018-10-20', '2018-10-19 20:18:26', '2018-10-19 20:18:26'),
(994, 308, 7.8, 69, 0, 14, 1, '2018-10-20', '2018-10-19 20:19:09', '2018-10-19 20:19:09'),
(995, 20, 15.1, 98.3, 0, 14, 1, '2018-10-20', '2018-10-19 20:19:59', '2018-10-19 20:19:59'),
(996, 239, 10, 83.1, 0, 14, 1, '2018-10-20', '2018-10-19 20:20:35', '2018-10-19 20:20:35'),
(997, 109, 9.5, 77.5, 0, 14, 1, '2018-10-20', '2018-10-19 20:21:31', '2018-10-19 20:21:31'),
(998, 286, 7.3, 63, 0, 14, 1, '2018-10-20', '2018-10-19 20:22:06', '2018-10-19 20:22:06'),
(999, 269, 11.9, 89.3, 0, 14, 1, '2018-10-20', '2018-10-19 20:22:47', '2018-10-19 20:22:47'),
(1000, 268, 10, 72, 0, 14, 1, '2018-10-20', '2018-10-19 20:23:35', '2018-10-19 20:23:35'),
(1001, 262, 13.7, 97.7, 0, 14, 1, '2018-10-20', '2018-10-19 20:24:22', '2018-10-19 20:24:22'),
(1002, 58, 10.3, 77, 0, 14, 1, '2018-10-20', '2018-10-19 20:29:41', '2018-10-19 20:29:41'),
(1003, 150, 11.7, 87.1, 0, 14, 1, '2018-10-20', '2018-10-19 20:30:28', '2018-10-19 20:30:28'),
(1004, 290, 8.1, 68, 0, 14, 1, '2018-10-20', '2018-10-19 20:31:30', '2018-10-19 20:31:30'),
(1005, 62, 11.8, 77, 0, 14, 1, '2018-10-20', '2018-10-19 20:32:17', '2018-10-19 20:32:17'),
(1006, 146, 13.4, 92.6, 0, 14, 1, '2018-10-20', '2018-10-19 20:32:54', '2018-10-19 20:32:54'),
(1007, 55, 14.6, 86.5, 0, 14, 1, '2018-10-20', '2018-10-19 20:33:46', '2018-10-19 20:33:46'),
(1008, 119, 10.5, 91, 0, 14, 1, '2018-10-20', '2018-10-19 20:34:28', '2018-10-19 20:34:28'),
(1009, 265, 10.8, 79.4, 0, 14, 1, '2018-10-20', '2018-10-19 20:35:06', '2018-10-19 20:35:06'),
(1010, 301, 10.5, 81.2, 0, 14, 1, '2018-10-20', '2018-10-19 20:36:07', '2018-10-19 20:36:07'),
(1011, 302, 7.3, 63, 0, 14, 1, '2018-10-20', '2018-10-19 20:37:04', '2018-10-19 20:37:04'),
(1012, 6, 14.7, 98.5, 0, 14, 1, '2018-10-20', '2018-10-19 20:38:57', '2018-10-19 20:38:57'),
(1013, 127, 14.5, 99.6, 0, 14, 1, '2018-10-20', '2018-10-19 20:40:02', '2018-10-19 20:40:02'),
(1014, 122, 14.7, 98, 0, 14, 1, '2018-10-20', '2018-10-19 20:40:54', '2018-10-19 20:40:54'),
(1015, 154, 16, 107, 0, 14, 1, '2018-10-20', '2018-10-19 20:42:01', '2018-10-19 20:42:01'),
(1016, 90, 10.2, 80, 0, 14, 1, '2018-10-20', '2018-10-19 20:42:37', '2018-10-19 20:42:37'),
(1017, 156, 13.9, 99, 0, 14, 1, '2018-10-20', '2018-10-19 20:43:34', '2018-10-19 20:43:34'),
(1018, 157, 12.9, 99.2, 0, 14, 1, '2018-10-20', '2018-10-19 20:44:13', '2018-10-19 20:44:13'),
(1019, 309, 7, 63, 0, 14, 1, '2018-10-20', '2018-10-19 21:09:01', '2018-10-19 21:09:01'),
(1020, 126, 17.9, 99, 0, 14, 1, '2018-10-20', '2018-10-19 21:09:35', '2018-10-19 21:09:35'),
(1021, 162, 12.7, 91.8, 0, 14, 1, '2018-10-20', '2018-10-19 21:10:17', '2018-10-19 21:10:17'),
(1022, 293, 9, 68, 0, 9, 1, '2018-11-17', '2018-11-16 19:00:55', '2018-11-16 19:00:55'),
(1023, 91, 11, 76, 0, 9, 1, '2018-11-17', '2018-11-16 19:01:38', '2018-11-16 19:01:38'),
(1024, 300, 6.6, 65, 0, 9, 1, '2018-11-17', '2018-11-16 19:02:26', '2018-11-16 19:02:26'),
(1025, 62, 11.8, 78, 0, 9, 1, '2018-11-17', '2018-11-16 19:04:37', '2018-11-16 19:04:37'),
(1026, 136, 13.8, 96, 0, 9, 1, '2018-11-17', '2018-11-16 19:06:04', '2018-11-16 19:06:04'),
(1027, 103, 11.8, 87.5, 0, 9, 1, '2018-11-17', '2018-11-16 19:06:42', '2018-11-16 19:06:42'),
(1028, 97, 12.5, 91, 0, 9, 1, '2018-11-17', '2018-11-16 19:07:26', '2018-11-16 19:07:26'),
(1029, 288, 10.5, 76, 0, 9, 1, '2018-11-17', '2018-11-16 19:08:29', '2018-11-16 19:08:29'),
(1030, 253, 9, 67, 0, 9, 1, '2018-11-17', '2018-11-16 19:08:59', '2018-11-16 19:08:59'),
(1031, 78, 13.3, 87.6, 0, 9, 1, '2018-11-17', '2018-11-16 19:09:50', '2018-11-16 19:09:50'),
(1032, 100, 13, 89.5, 0, 9, 1, '2018-11-17', '2018-11-16 19:11:08', '2018-11-16 19:11:08'),
(1033, 230, 13.5, 86, 0, 9, 1, '2018-11-17', '2018-11-16 19:12:01', '2018-11-16 19:12:01'),
(1034, 75, 9.4, 74, 0, 9, 1, '2018-11-17', '2018-11-16 19:19:42', '2018-11-16 19:19:42'),
(1035, 291, 11.7, 77, 0, 9, 1, '2018-11-17', '2018-11-16 19:20:19', '2018-11-16 19:20:19'),
(1036, 93, 9.4, 69, 0, 9, 1, '2018-11-17', '2018-11-16 19:21:01', '2018-11-16 19:21:01'),
(1037, 111, 10.8, 80, 0, 9, 1, '2018-11-17', '2018-11-16 19:21:40', '2018-11-16 19:21:40'),
(1038, 130, 10.2, 75.1, 0, 9, 1, '2018-11-17', '2018-11-16 19:22:16', '2018-11-16 19:22:16'),
(1039, 199, 10, 76, 0, 9, 1, '2018-11-17', '2018-11-16 19:22:58', '2018-11-16 19:22:58'),
(1040, 171, 10.7, 88.2, 0, 9, 1, '2018-11-17', '2018-11-16 19:23:49', '2018-11-16 19:23:49'),
(1041, 116, 16.1, 93.5, 0, 9, 1, '2018-11-17', '2018-11-16 19:24:52', '2018-11-16 19:24:52'),
(1042, 94, 8.3, 73, 0, 9, 1, '2018-11-17', '2018-11-16 19:39:10', '2018-11-16 19:39:10'),
(1043, 58, 10.9, 80.5, 0, 9, 1, '2018-11-17', '2018-11-16 19:40:00', '2018-11-16 19:40:00'),
(1044, 89, 17, 107, 0, 9, 1, '2018-11-17', '2018-11-16 19:41:06', '2018-11-16 19:41:06'),
(1045, 149, 10.3, 85, 0, 9, 1, '2018-11-17', '2018-11-16 19:42:09', '2018-11-16 19:42:09'),
(1047, 319, 4.7, 52, 0, 9, 1, '2018-11-17', '2018-11-16 19:48:38', '2018-11-16 19:48:38'),
(1048, 155, 16.1, 106.5, 0, 9, 1, '2018-11-17', '2018-11-16 19:49:27', '2018-11-16 19:49:27'),
(1049, 92, 9.5, 72, 0, 9, 1, '2018-11-17', '2018-11-16 19:50:20', '2018-11-16 19:50:20'),
(1050, 165, 15.7, 102.5, 0, 9, 1, '2018-11-17', '2018-11-16 19:51:00', '2018-11-16 19:51:00'),
(1051, 166, 12.5, 87, 0, 9, 1, '2018-11-17', '2018-11-16 19:51:35', '2018-11-16 19:51:35'),
(1052, 112, 9.7, 72, 0, 9, 1, '2018-11-17', '2018-11-16 19:52:15', '2018-11-16 19:52:15'),
(1053, 286, 7.4, 64, 0, 9, 1, '2018-11-17', '2018-11-16 19:53:01', '2018-11-16 19:53:01'),
(1054, 109, 9.6, 77.5, 0, 9, 1, '2018-11-17', '2018-11-16 19:53:31', '2018-11-16 19:53:31'),
(1055, 175, 12.2, 93, 0, 9, 1, '2018-11-17', '2018-11-16 19:54:03', '2018-11-16 19:54:03'),
(1056, 152, 13.8, 97.8, 0, 9, 1, '2018-11-17', '2018-11-16 19:55:33', '2018-11-16 19:55:33'),
(1057, 267, 11.4, 77, 0, 9, 1, '2018-11-17', '2018-11-16 19:56:43', '2018-11-16 19:56:43'),
(1059, 284, 7.1, 68, 0, 9, 1, '2018-11-17', '2018-11-16 19:58:15', '2018-11-16 19:58:15'),
(1060, 260, 10, 69, 0, 9, 1, '2018-11-17', '2018-11-16 19:59:23', '2018-11-16 19:59:23'),
(1061, 245, 11.5, 90.6, 0, 9, 1, '2018-11-17', '2018-11-16 20:00:14', '2018-11-16 20:00:14'),
(1062, 150, 11.7, 87.1, 0, 9, 1, '2018-11-17', '2018-11-16 20:01:50', '2018-11-16 20:01:50'),
(1063, 262, 13.4, 97.7, 0, 9, 1, '2018-11-17', '2018-11-16 20:03:00', '2018-11-16 20:03:00'),
(1064, 174, 12, 89.3, 0, 9, 1, '2018-11-17', '2018-11-16 20:05:02', '2018-11-16 20:05:02'),
(1065, 317, 8.2, 74, 0, 9, 1, '2018-11-17', '2018-11-16 20:06:42', '2018-11-16 20:06:42'),
(1066, 143, 10.1, 77.1, 0, 9, 1, '2018-11-17', '2018-11-16 20:08:23', '2018-11-16 20:08:23'),
(1067, 305, 10.9, 75.3, 0, 9, 1, '2018-11-17', '2018-11-16 20:09:58', '2018-11-16 20:09:58'),
(1068, 318, 7.5, 71, 0, 9, 1, '2018-11-17', '2018-11-16 20:10:44', '2018-11-16 20:10:44'),
(1069, 201, 14.3, 98, 0, 9, 1, '2018-11-17', '2018-11-16 20:11:47', '2018-11-16 20:11:47'),
(1070, 308, 8, 69, 0, 9, 1, '2018-11-17', '2018-11-16 20:12:39', '2018-11-16 20:12:39'),
(1071, 90, 10, 80, 0, 9, 1, '2018-11-17', '2018-11-16 20:13:20', '2018-11-16 20:13:20'),
(1072, 301, 11, 81.9, 0, 9, 1, '2018-11-17', '2018-11-16 20:35:04', '2018-11-16 20:35:04'),
(1073, 302, 7.4, 67, 0, 9, 1, '2018-11-17', '2018-11-16 20:35:37', '2018-11-16 20:35:37'),
(1074, 320, 3.5, 0, 0, 9, 1, '2018-07-05', '2018-11-16 20:37:31', '2018-11-16 20:37:31'),
(1075, 320, 6.5, 60.5, 0, 9, 1, '2018-11-17', '2018-11-16 20:37:51', '2018-11-16 20:37:51'),
(1076, 254, 11.7, 83.9, 0, 9, 1, '2018-11-17', '2018-11-16 20:38:38', '2018-11-16 20:38:38'),
(1077, 263, 17.1, 102.1, 0, 9, 1, '2018-11-17', '2018-11-16 20:39:25', '2018-11-16 20:39:25'),
(1078, 30, 10.5, 77, 0, 9, 1, '2018-11-17', '2018-11-16 20:40:27', '2018-11-16 20:40:27'),
(1079, 270, 7.6, 73, 0, 9, 1, '2018-11-17', '2018-11-16 20:41:11', '2018-11-16 20:41:11'),
(1080, 177, 16.9, 95.7, 0, 9, 1, '2018-11-17', '2018-11-16 20:43:49', '2018-11-16 20:43:49'),
(1081, 55, 15, 86.6, 0, 9, 1, '2018-11-17', '2018-11-16 20:44:39', '2018-11-16 20:44:39'),
(1082, 104, 89, 14.6, 0, 13, 1, '2018-12-22', '2018-12-21 18:25:04', '2018-12-21 18:25:04'),
(1083, 315, 7.2, 61, 0, 13, 1, '2018-12-22', '2018-12-21 18:29:24', '2018-12-21 18:29:24'),
(1086, 58, 11.9, 80.5, 0, 13, 1, '2018-12-22', '2018-12-21 18:42:56', '2018-12-21 18:42:56'),
(1087, 136, 13.7, 96.4, 0, 13, 1, '2018-12-22', '2018-12-21 18:44:57', '2018-12-21 18:44:57'),
(1088, 103, 12.8, 88, 0, 13, 1, '2018-12-22', '2018-12-21 18:45:48', '2018-12-21 18:45:48'),
(1089, 300, 7.4, 66, 0, 13, 1, '2018-12-22', '2018-12-21 18:51:53', '2018-12-21 18:51:53'),
(1090, 130, 10.6, 77, 0, 13, 1, '2018-12-22', '2018-12-21 19:05:21', '2018-12-21 19:05:21'),
(1091, 93, 9.2, 72, 0, 13, 1, '2018-12-22', '2018-12-21 19:07:19', '2018-12-21 19:07:19'),
(1092, 176, 14.8, 100.1, 0, 13, 1, '2018-12-22', '2018-12-21 19:27:16', '2018-12-21 19:27:16'),
(1093, 199, 9.7, 76, 0, 13, 1, '2018-12-22', '2018-12-21 19:27:59', '2018-12-21 19:27:59'),
(1094, 111, 10.9, 81, 0, 13, 1, '2018-12-22', '2018-12-21 19:29:10', '2018-12-21 19:29:10'),
(1095, 284, 7.9, 69, 0, 13, 1, '2018-12-22', '2018-12-21 19:30:29', '2018-12-21 19:30:29'),
(1096, 253, 9.3, 71, 0, 13, 1, '2018-12-22', '2018-12-21 19:31:09', '2018-12-21 19:31:09'),
(1097, 213, 11.5, 82, 0, 13, 1, '2018-12-22', '2018-12-21 19:32:00', '2018-12-21 19:32:00'),
(1098, 209, 16.1, 103.5, 0, 13, 1, '2018-12-22', '2018-12-21 19:32:49', '2018-12-21 19:32:49'),
(1099, 308, 8.2, 70, 0, 13, 1, '2018-12-22', '2018-12-21 19:33:23', '2018-12-21 19:33:23'),
(1100, 318, 7.9, 71, 0, 13, 1, '2018-12-22', '2018-12-21 19:34:10', '2018-12-21 19:34:10'),
(1101, 157, 13, 99.6, 0, 13, 1, '2018-12-22', '2018-12-21 19:34:53', '2018-12-21 19:34:53'),
(1102, 156, 14, 100, 0, 13, 1, '2018-12-22', '2018-12-21 19:36:09', '2018-12-21 19:36:09'),
(1103, 20, 14.7, 99, 0, 13, 1, '2018-12-22', '2018-12-21 19:41:59', '2018-12-21 19:41:59'),
(1104, 239, 10.1, 84.6, 0, 13, 1, '2018-12-22', '2018-12-21 19:43:28', '2018-12-21 19:43:28'),
(1105, 305, 11.1, 75.8, 0, 13, 1, '2018-12-22', '2018-12-21 19:44:18', '2018-12-21 19:44:18'),
(1106, 280, 8.2, 73, 0, 13, 1, '2018-12-22', '2018-12-21 19:45:09', '2018-12-21 19:45:09'),
(1107, 196, 14.8, 100, 0, 13, 1, '2018-12-22', '2018-12-21 19:46:29', '2018-12-21 19:46:29'),
(1108, 146, 13.2, 94.6, 0, 13, 1, '2018-12-22', '2018-12-21 19:51:03', '2018-12-21 19:51:03'),
(1109, 91, 10.3, 76, 0, 13, 1, '2018-12-22', '2018-12-21 19:54:36', '2018-12-21 19:54:36'),
(1110, 212, 12.3, 80, 0, 13, 1, '2018-12-22', '2018-12-21 19:56:08', '2018-12-21 19:56:08'),
(1111, 143, 10, 77.2, 0, 13, 1, '2018-12-22', '2018-12-21 19:57:47', '2018-12-21 19:57:47'),
(1112, 175, 12.6, 93, 0, 13, 1, '2018-12-22', '2018-12-21 19:58:25', '2018-12-21 19:58:25'),
(1113, 112, 9.3, 72, 0, 13, 1, '2018-12-22', '2018-12-21 19:59:15', '2018-12-21 19:59:15'),
(1114, 119, 12.7, 91.3, 0, 13, 1, '2018-12-22', '2018-12-21 20:05:35', '2018-12-21 20:05:35'),
(1115, 97, 12.9, 91, 0, 13, 1, '2018-12-22', '2018-12-21 20:07:13', '2018-12-21 20:07:13'),
(1116, 76, 11.8, 82, 0, 13, 1, '2018-12-22', '2018-12-21 20:08:08', '2018-12-21 20:08:08'),
(1117, 202, 12.7, 88, 0, 13, 1, '2018-12-22', '2018-12-21 20:10:20', '2018-12-21 20:10:20'),
(1118, 23, 10.7, 80.7, 0, 13, 1, '2018-12-22', '2018-12-21 20:10:54', '2018-12-21 20:10:54'),
(1119, 109, 10.2, 77.5, 0, 13, 1, '2018-12-22', '2018-12-21 20:29:29', '2018-12-21 20:29:29'),
(1120, 286, 8.1, 68, 0, 13, 1, '2018-12-22', '2018-12-21 20:30:09', '2018-12-21 20:30:09'),
(1121, 321, 3.1, 51, 0, 13, 1, '2018-04-13', '2018-12-21 20:33:45', '2018-12-21 20:33:45'),
(1122, 321, 7.9, 70, 0, 13, 1, '2018-12-22', '2018-12-21 20:34:07', '2018-12-21 20:34:07'),
(1123, 322, 2.7, 49, 0, 13, 1, '2018-07-30', '2018-12-21 20:36:47', '2018-12-21 20:36:47'),
(1124, 322, 6.3, 59, 0, 13, 1, '2018-12-22', '2018-12-21 20:37:11', '2018-12-21 20:37:11'),
(1125, 137, 16, 102, 0, 13, 1, '2018-11-28', '2018-12-21 20:54:10', '2018-12-21 20:54:10'),
(1126, 315, 7.6, 64, 0, 13, 1, '2019-01-19', '2019-01-18 18:20:22', '2019-04-12 18:31:52'),
(1127, 169, 12.5, 93.1, 0, 13, 1, '2019-01-19', '2019-01-18 18:30:17', '2019-01-18 18:30:17'),
(1128, 168, 17.1, 108, 0, 13, 1, '2019-01-19', '2019-01-18 18:31:08', '2019-01-18 18:31:08'),
(1129, 62, 11.9, 0, 0, 13, 1, '2019-01-19', '2019-01-18 18:38:31', '2019-01-18 18:38:31'),
(1130, 100, 13, 89.5, 0, 13, 1, '2019-01-19', '2019-01-18 18:39:19', '2019-01-18 18:39:19'),
(1131, 323, 14.4, 91, 0, 13, 1, '2019-01-19', '2019-01-18 18:41:39', '2019-01-18 18:41:39'),
(1132, 58, 12.5, 80.5, 0, 13, 1, '2019-01-19', '2019-01-18 18:43:12', '2019-01-18 18:43:12'),
(1133, 109, 10.2, 77.5, 0, 13, 1, '2019-01-19', '2019-01-18 18:46:47', '2019-01-18 18:46:47'),
(1134, 322, 6.9, 65, 0, 13, 1, '2019-01-19', '2019-01-18 18:51:23', '2019-01-18 18:51:23'),
(1135, 104, 14.6, 89, 0, 13, 1, '2019-01-19', '2019-01-18 18:52:29', '2019-01-18 18:52:29'),
(1136, 144, 12.2, 94, 0, 13, 1, '2019-01-19', '2019-01-18 18:55:16', '2019-04-12 20:22:46'),
(1137, 54, 13.2, 97, 0, 13, 1, '2019-01-19', '2019-01-18 18:59:07', '2019-01-18 18:59:07'),
(1138, 110, 10.8, 77.4, 0, 13, 1, '2019-01-19', '2019-01-18 18:59:54', '2019-01-18 18:59:54'),
(1139, 288, 11, 76.5, 0, 13, 1, '2019-01-19', '2019-01-18 19:04:12', '2019-01-18 19:04:12'),
(1140, 134, 13.6, 95, 0, 13, 1, '2019-01-19', '2019-01-18 19:09:58', '2019-01-18 19:09:58'),
(1141, 129, 19.6, 107.5, 0, 13, 1, '2019-01-19', '2019-01-18 19:14:45', '2019-01-18 19:14:45'),
(1142, 313, 62, 67, 0, 13, 1, '2019-01-19', '2019-01-18 19:21:21', '2019-01-18 19:21:21'),
(1143, 257, 10.9, 86.7, 0, 13, 1, '2019-01-19', '2019-01-18 19:22:05', '2019-01-18 19:22:05'),
(1144, 309, 7.4, 68, 0, 13, 1, '2019-01-19', '2019-01-18 19:32:54', '2019-01-18 19:32:54'),
(1145, 162, 14.5, 91.8, 0, 13, 1, '2019-01-19', '2019-01-18 19:34:12', '2019-01-18 19:34:12'),
(1146, 90, 10.3, 81.8, 0, 13, 1, '2019-01-19', '2019-01-18 19:35:21', '2019-01-18 19:35:21'),
(1147, 199, 9.8, 76, 0, 13, 1, '2019-01-19', '2019-01-18 19:36:10', '2019-01-18 19:36:10'),
(1148, 118, 10.8, 89.4, 0, 13, 1, '2019-01-19', '2019-01-18 19:36:52', '2019-01-18 19:36:52'),
(1149, 97, 13.3, 92, 0, 13, 1, '2019-01-19', '2019-01-18 19:37:29', '2019-01-18 19:37:29'),
(1150, 143, 10.2, 79, 0, 13, 1, '2019-01-19', '2019-01-18 19:38:21', '2019-01-18 19:38:21'),
(1151, 316, 7.4, 61, 0, 13, 1, '2019-01-19', '2019-01-18 19:40:27', '2019-01-18 19:40:27'),
(1152, 246, 13.6, 95.1, 0, 13, 1, '2019-01-19', '2019-01-18 19:41:54', '2019-01-18 19:41:54'),
(1153, 253, 9.5, 73, 0, 13, 1, '2019-01-19', '2019-01-18 19:42:54', '2019-01-18 19:42:54'),
(1154, 308, 8.5, 71, 0, 13, 1, '2019-01-19', '2019-01-18 19:46:45', '2019-01-18 19:46:45'),
(1155, 157, 13.4, 100.8, 0, 13, 1, '2019-01-19', '2019-01-18 19:51:39', '2019-01-18 19:51:39'),
(1156, 156, 14.1, 101.4, 0, 13, 1, '2019-01-19', '2019-01-18 19:52:22', '2019-01-18 19:52:22'),
(1157, 324, 1.8, 43, 0, 13, 1, '2018-07-29', '2019-01-18 19:55:57', '2019-01-18 19:55:57'),
(1158, 324, 8, 63, 0, 13, 1, '2019-01-19', '2019-01-18 19:56:46', '2019-01-18 19:56:46'),
(1159, 321, 7.9, 70, 0, 13, 1, '2019-01-19', '2019-01-18 19:58:10', '2019-01-18 19:58:10'),
(1160, 286, 8.4, 68, 0, 13, 1, '2019-01-19', '2019-01-18 19:59:30', '2019-01-18 19:59:30'),
(1161, 174, 11.9, 90.6, 0, 13, 1, '2019-01-19', '2019-01-18 20:00:31', '2019-01-18 20:00:31'),
(1162, 166, 12.6, 88.2, 0, 13, 1, '2019-01-19', '2019-01-18 20:05:58', '2019-01-18 20:05:58'),
(1163, 165, 15.4, 103.8, 0, 13, 1, '2019-01-19', '2019-01-18 20:07:25', '2019-01-18 20:07:25'),
(1164, 103, 12.4, 89.9, 0, 13, 1, '2019-01-19', '2019-01-18 20:09:27', '2019-01-18 20:09:27'),
(1165, 136, 13.8, 97.5, 0, 13, 1, '2019-01-19', '2019-01-18 20:10:12', '2019-01-18 20:10:12'),
(1166, 245, 11.4, 93, 0, 13, 1, '2019-01-19', '2019-01-18 20:11:49', '2019-01-18 20:11:49'),
(1167, 115, 13.5, 94, 0, 13, 1, '2019-01-19', '2019-01-18 20:13:18', '2019-01-18 20:13:18'),
(1168, 171, 10.7, 88.9, 0, 13, 1, '2019-01-19', '2019-01-18 20:14:02', '2019-01-18 20:14:02'),
(1169, 154, 16.5, 109.3, 0, 13, 1, '2019-01-19', '2019-01-18 20:15:13', '2019-01-18 20:15:13'),
(1170, 127, 14.9, 101.1, 0, 13, 1, '2019-01-19', '2019-01-18 20:16:22', '2019-01-18 20:16:22'),
(1171, 325, 33, 0, 0, 13, 1, '2017-04-26', '2019-01-18 20:22:02', '2019-01-18 20:22:02'),
(1172, 325, 12.7, 83.6, 0, 13, 1, '2019-01-19', '2019-01-18 20:22:23', '2019-01-18 20:22:23'),
(1173, 170, 11, 80, 0, 13, 1, '2019-01-19', '2019-01-18 20:23:06', '2019-01-18 20:23:06'),
(1174, 146, 13.6, 94.6, 0, 13, 1, '2019-01-19', '2019-01-18 20:23:47', '2019-01-18 20:23:47'),
(1175, 75, 9.3, 77, 0, 13, 1, '2019-01-19', '2019-01-18 20:25:49', '2019-01-18 20:25:49'),
(1176, 326, 3.6, 42, 0, 13, 1, '2018-11-12', '2019-01-18 20:30:25', '2019-01-18 20:30:25'),
(1177, 326, 6.5, 63, 0, 13, 1, '2019-01-19', '2019-01-18 20:30:47', '2019-01-18 20:30:47'),
(1178, 197, 13.8, 91, 0, 13, 1, '2019-01-19', '2019-01-18 20:33:54', '2019-01-18 20:33:54'),
(1179, 63, 14.4, 85, 0, 13, 1, '2019-01-19', '2019-01-18 20:35:57', '2019-01-18 20:35:57'),
(1180, 122, 15.1, 99.5, 0, 13, 1, '2019-01-19', '2019-01-18 20:38:23', '2019-01-18 20:38:23'),
(1181, 91, 10.8, 78, 0, 13, 1, '2019-01-19', '2019-01-18 20:41:22', '2019-01-18 20:41:22'),
(1182, 263, 17.1, 102.5, 0, 13, 1, '2019-01-19', '2019-01-18 20:42:42', '2019-01-18 20:42:42'),
(1183, 78, 14.8, 92.2, 0, 13, 1, '2019-03-16', '2019-03-15 19:11:02', '2019-03-15 19:11:02'),
(1185, 327, 4.9, 54, 0, 13, 1, '2019-02-16', '2019-03-15 19:22:29', '2019-03-15 19:22:29'),
(1186, 327, 5.8, 60, 0, 13, 1, '2019-03-16', '2019-03-15 19:24:29', '2019-03-15 19:24:29'),
(1187, 253, 9.9, 73.7, 0, 13, 1, '2019-03-16', '2019-03-15 19:26:37', '2019-03-15 19:26:37'),
(1188, 300, 9, 75, 0, 13, 1, '2019-03-16', '2019-03-15 19:27:31', '2019-03-15 19:27:31'),
(1189, 143, 10.4, 80, 0, 13, 1, '2019-03-16', '2019-03-15 19:28:18', '2019-03-15 19:28:18'),
(1190, 328, 2.9, 0, 0, 13, 1, '2018-12-12', '2019-03-15 19:30:38', '2019-03-15 19:30:38');
INSERT INTO `balita_kondisi` (`id`, `balita_id`, `berat`, `tinggi`, `lingkar_kepala`, `petugas_id`, `posyandu_id`, `tanggal_input`, `created_at`, `updated_at`) VALUES
(1191, 328, 5.9, 55, 0, 13, 1, '2019-02-16', '2019-03-15 19:31:55', '2019-03-15 19:31:55'),
(1192, 328, 6.6, 61.5, 0, 13, 1, '2019-03-16', '2019-03-15 19:33:11', '2019-03-15 19:33:11'),
(1193, 174, 12.3, 91.7, 0, 13, 1, '2019-03-16', '2019-03-15 19:34:48', '2019-03-15 19:34:48'),
(1194, 129, 19.8, 109.5, 0, 13, 1, '2019-03-16', '2019-03-15 19:35:32', '2019-03-15 19:35:32'),
(1195, 182, 13.5, 95.5, 0, 13, 1, '2019-03-16', '2019-03-15 19:48:33', '2019-03-15 19:48:33'),
(1197, 329, 7.8, 63, 0, 8, 1, '2019-08-24', '2019-03-15 19:52:49', '2019-08-24 05:06:12'),
(1199, 312, 13.3, 100, 0, 13, 1, '2019-02-16', '2019-03-15 19:58:29', '2019-03-15 19:58:29'),
(1200, 312, 14, 100, 0, 13, 1, '2019-03-16', '2019-03-15 19:59:02', '2019-03-15 19:59:02'),
(1201, 314, 9.4, 80, 0, 13, 1, '2019-02-16', '2019-03-15 20:00:32', '2019-03-15 20:00:32'),
(1202, 314, 10.5, 80.2, 0, 13, 1, '2019-03-16', '2019-03-15 20:00:59', '2019-03-15 20:00:59'),
(1203, 136, 14, 98, 0, 13, 1, '2019-02-16', '2019-03-15 20:02:02', '2019-03-15 20:02:02'),
(1204, 136, 14, 98.2, 0, 13, 1, '2019-03-16', '2019-03-15 20:02:25', '2019-03-15 20:02:25'),
(1205, 103, 12.4, 90, 0, 13, 1, '2019-02-16', '2019-03-15 20:05:07', '2019-03-15 20:05:07'),
(1206, 103, 13.6, 91, 0, 13, 1, '2019-03-16', '2019-03-15 20:05:32', '2019-03-15 20:05:32'),
(1207, 317, 8.1, 75, 0, 13, 1, '2019-03-16', '2019-03-15 20:06:35', '2019-03-15 20:06:35'),
(1208, 270, 8.4, 75, 0, 13, 1, '2019-02-16', '2019-03-15 20:07:21', '2019-03-15 20:07:21'),
(1209, 270, 8.7, 76, 0, 13, 1, '2019-03-16', '2019-03-15 20:07:35', '2019-03-15 20:07:35'),
(1210, 30, 10.5, 78.5, 0, 13, 1, '2019-02-16', '2019-03-15 20:08:21', '2019-03-15 20:08:21'),
(1211, 30, 11, 80, 0, 13, 1, '2019-03-16', '2019-03-15 20:08:37', '2019-03-15 20:08:37'),
(1212, 177, 16.7, 97.8, 0, 13, 1, '2019-02-16', '2019-03-15 20:09:14', '2019-03-15 20:09:14'),
(1213, 177, 17.8, 98, 0, 13, 1, '2019-03-16', '2019-03-15 20:09:33', '2019-03-15 20:09:33'),
(1214, 119, 13, 92.4, 0, 13, 1, '2019-02-16', '2019-03-15 20:10:30', '2019-03-15 20:10:30'),
(1215, 119, 13.7, 92.6, 0, 13, 1, '2019-03-16', '2019-03-15 20:10:49', '2019-03-15 20:10:49'),
(1216, 78, 14.4, 91, 0, 13, 1, '2019-01-16', '2019-03-15 20:12:22', '2019-03-15 20:12:22'),
(1217, 78, 14.5, 91, 0, 13, 1, '2019-02-16', '2019-03-15 20:12:49', '2019-03-15 20:12:49'),
(1218, 253, 9.7, 73, 0, 13, 1, '2019-02-16', '2019-03-15 20:15:28', '2019-03-15 20:15:28'),
(1219, 300, 8.7, 70, 0, 13, 1, '2019-02-16', '2019-03-15 20:16:14', '2019-03-15 20:16:14'),
(1220, 143, 10.6, 79, 0, 13, 1, '2019-02-16', '2019-03-15 20:17:30', '2019-03-15 20:17:30'),
(1221, 174, 12, 91.5, 0, 13, 1, '2019-02-16', '2019-03-15 20:18:34', '2019-03-15 20:18:34'),
(1222, 129, 19.8, 107.5, 0, 13, 1, '2019-02-16', '2019-03-15 20:19:31', '2019-03-15 20:19:31'),
(1223, 182, 13.2, 94.5, 0, 13, 1, '2019-02-16', '2019-03-15 20:20:35', '2019-03-15 20:20:35'),
(1224, 134, 13.7, 99, 0, 13, 1, '2019-02-16', '2019-03-15 20:21:55', '2019-03-15 20:21:55'),
(1225, 134, 14, 99, 0, 13, 1, '2019-03-16', '2019-03-15 20:22:16', '2019-03-15 20:22:16'),
(1226, 91, 10.8, 78, 0, 13, 1, '2019-02-16', '2019-03-15 20:23:08', '2019-03-15 20:23:08'),
(1227, 91, 11.2, 82, 0, 13, 1, '2019-03-16', '2019-03-15 20:23:22', '2019-03-15 20:23:22'),
(1228, 101, 11, 87, 0, 13, 1, '2019-02-16', '2019-03-15 20:24:20', '2019-03-15 20:24:20'),
(1229, 101, 10.9, 87, 0, 13, 1, '2019-03-16', '2019-03-15 20:24:36', '2019-04-12 20:37:35'),
(1230, 298, 9.5, 67, 0, 13, 1, '2019-03-16', '2019-03-15 20:25:25', '2019-03-15 20:25:25'),
(1231, 309, 8, 68, 0, 13, 1, '2019-02-16', '2019-03-15 20:30:21', '2019-03-15 20:30:21'),
(1232, 309, 8.1, 70, 0, 13, 1, '2019-03-16', '2019-03-15 20:30:38', '2019-03-15 20:30:38'),
(1233, 245, 12, 93.6, 0, 13, 1, '2019-02-16', '2019-03-15 20:31:25', '2019-03-15 20:31:25'),
(1234, 245, 12.3, 93.6, 0, 13, 1, '2019-03-16', '2019-03-15 20:31:48', '2019-03-15 20:31:48'),
(1235, 302, 8.6, 70, 0, 13, 1, '2019-02-16', '2019-03-15 20:36:05', '2019-03-15 20:36:05'),
(1236, 302, 8.6, 70, 0, 13, 1, '2019-03-16', '2019-03-15 20:36:19', '2019-03-15 20:36:19'),
(1237, 301, 11.4, 84, 0, 13, 1, '2019-02-16', '2019-03-15 20:37:00', '2019-03-15 20:37:00'),
(1238, 301, 11.6, 85, 0, 13, 1, '2019-03-16', '2019-03-15 20:37:23', '2019-03-15 20:37:23'),
(1239, 162, 13.7, 94, 0, 13, 1, '2019-03-16', '2019-03-15 20:38:21', '2019-03-15 20:38:21'),
(1240, 175, 12.9, 93.8, 0, 13, 1, '2019-02-16', '2019-03-15 20:41:44', '2019-03-15 20:41:44'),
(1241, 175, 13.1, 93.9, 0, 13, 1, '2019-03-16', '2019-03-15 20:41:58', '2019-03-15 20:41:58'),
(1242, 112, 8.6, 80, 0, 13, 1, '2019-02-16', '2019-03-15 20:42:43', '2019-03-15 20:42:43'),
(1243, 112, 9.9, 80, 0, 13, 1, '2019-03-16', '2019-03-15 20:42:59', '2019-03-15 20:42:59'),
(1244, 316, 8, 65, 0, 13, 1, '2019-02-16', '2019-03-15 20:43:47', '2019-03-15 20:43:47'),
(1245, 316, 8.1, 66, 0, 13, 1, '2019-03-16', '2019-03-15 20:44:01', '2019-03-15 20:44:01'),
(1246, 146, 13.7, 94.6, 0, 13, 1, '2019-02-16', '2019-03-15 20:44:49', '2019-03-15 20:44:49'),
(1247, 146, 13.7, 94.6, 0, 13, 1, '2019-03-16', '2019-03-15 20:45:10', '2019-03-15 20:45:10'),
(1248, 259, 8.9, 67, 0, 13, 1, '2018-10-16', '2019-03-15 20:46:42', '2019-03-15 20:47:37'),
(1249, 259, 8.6, 67, 0, 13, 1, '2019-02-16', '2019-03-15 20:47:08', '2019-03-15 20:47:08'),
(1250, 259, 8.9, 67, 0, 13, 1, '2019-03-16', '2019-03-15 20:48:09', '2019-03-15 20:48:09'),
(1251, 172, 15, 101.9, 0, 13, 1, '2019-02-16', '2019-03-15 20:49:29', '2019-03-15 20:49:29'),
(1252, 172, 15.8, 103, 0, 13, 1, '2019-03-16', '2019-03-15 20:49:44', '2019-03-15 20:49:44'),
(1253, 152, 14.3, 98.4, 0, 13, 1, '2019-02-16', '2019-03-15 20:50:47', '2019-03-15 20:50:47'),
(1254, 152, 14.7, 99, 0, 13, 1, '2019-03-16', '2019-03-15 20:51:17', '2019-03-15 20:51:17'),
(1255, 267, 11.5, 77, 0, 13, 1, '2018-08-16', '2019-03-15 20:54:21', '2019-03-15 20:54:21'),
(1256, 267, 11.7, 79, 0, 13, 1, '2019-02-16', '2019-03-15 20:54:52', '2019-03-15 20:54:52'),
(1257, 267, 12, 79, 0, 13, 1, '2019-03-16', '2019-03-15 20:55:05', '2019-03-15 20:55:05'),
(1258, 150, 12.1, 90.2, 0, 13, 1, '2019-03-16', '2019-03-15 20:55:55', '2019-04-12 20:04:55'),
(1259, 109, 9.3, 83, 0, 13, 1, '2019-02-16', '2019-03-15 20:59:24', '2019-03-15 20:59:24'),
(1260, 109, 9.9, 83, 0, 13, 1, '2019-03-16', '2019-03-15 20:59:40', '2019-03-15 20:59:40'),
(1261, 315, 8.8, 65, 0, 13, 1, '2019-04-13', '2019-04-12 18:30:45', '2019-04-12 18:30:45'),
(1262, 315, 8.4, 64, 0, 13, 1, '2019-02-16', '2019-04-12 18:33:17', '2019-04-12 18:33:17'),
(1263, 104, 14.7, 91.5, 0, 13, 1, '2019-04-13', '2019-04-12 18:38:31', '2019-04-12 18:38:31'),
(1264, 104, 14.7, 89.9, 0, 13, 1, '2019-02-16', '2019-04-12 18:39:17', '2019-04-12 18:39:17'),
(1265, 54, 13.6, 99.5, 0, 13, 1, '2019-04-13', '2019-04-12 18:40:24', '2019-04-12 18:40:24'),
(1266, 54, 13.3, 97.5, 0, 13, 1, '2019-02-16', '2019-04-12 18:41:08', '2019-04-12 18:41:08'),
(1267, 171, 11.3, 89.4, 0, 13, 1, '2019-04-13', '2019-04-12 18:43:42', '2019-04-12 18:43:42'),
(1268, 300, 8.5, 75, 0, 13, 1, '2019-04-13', '2019-04-12 18:44:53', '2019-04-12 18:44:53'),
(1269, 293, 10.5, 71, 0, 13, 1, '2019-04-13', '2019-04-12 18:54:29', '2019-04-12 18:54:29'),
(1270, 293, 9.8, 70.4, 0, 13, 1, '2019-03-16', '2019-04-12 18:55:15', '2019-04-12 18:55:15'),
(1271, 293, 9.8, 70, 0, 13, 1, '2019-02-16', '2019-04-12 18:55:43', '2019-04-12 18:55:43'),
(1272, 293, 9.8, 70, 0, 13, 1, '2019-01-19', '2019-04-12 18:56:31', '2019-04-12 18:56:31'),
(1273, 253, 10.2, 75, 0, 13, 1, '2019-04-13', '2019-04-12 18:57:55', '2019-04-12 18:57:55'),
(1274, 327, 6.4, 60, 0, 13, 1, '2019-04-13', '2019-04-12 19:02:24', '2019-04-12 19:02:24'),
(1275, 78, 14.5, 92.9, 0, 13, 1, '2019-04-13', '2019-04-12 19:04:40', '2019-04-12 19:04:40'),
(1276, 308, 9.5, 74, 0, 13, 1, '2019-04-13', '2019-04-12 19:05:31', '2019-04-12 19:05:31'),
(1277, 93, 9.8, 75, 0, 13, 1, '2019-04-13', '2019-04-12 19:06:39', '2019-04-12 19:06:39'),
(1278, 93, 9.3, 73, 0, 13, 1, '2019-02-16', '2019-04-12 19:08:01', '2019-04-12 19:08:01'),
(1279, 330, 3.06, 0, 0, 13, 1, '2018-07-27', '2019-04-12 19:13:46', '2019-04-12 19:13:46'),
(1280, 330, 7.9, 68, 0, 13, 1, '2019-04-13', '2019-04-12 19:14:13', '2019-04-12 19:14:13'),
(1281, 331, 6.7, 59, 0, 13, 1, '2019-04-13', '2019-04-12 19:24:36', '2019-04-12 19:24:36'),
(1282, 172, 15.6, 104, 0, 13, 1, '2019-04-13', '2019-04-12 19:25:37', '2019-04-12 19:25:37'),
(1283, 259, 8.7, 73.5, 0, 13, 1, '2019-04-13', '2019-04-12 19:28:35', '2019-04-12 19:28:35'),
(1284, 269, 12.6, 91.5, 0, 13, 1, '2019-04-13', '2019-04-12 19:30:29', '2019-04-12 19:30:29'),
(1285, 309, 7.9, 70, 0, 13, 1, '2019-04-13', '2019-04-12 19:31:51', '2019-04-12 19:31:51'),
(1286, 324, 8.8, 68, 0, 13, 1, '2019-04-13', '2019-04-12 19:33:11', '2019-04-12 19:33:11'),
(1287, 324, 8.7, 64, 0, 13, 1, '2019-02-16', '2019-04-12 19:33:33', '2019-04-12 19:33:33'),
(1288, 310, 9.8, 73, 0, 13, 1, '2019-04-13', '2019-04-12 19:35:23', '2019-04-12 19:35:23'),
(1289, 268, 10.4, 79, 0, 13, 1, '2019-04-13', '2019-04-12 19:37:02', '2019-04-12 19:37:02'),
(1290, 294, 12.4, 0, 0, 13, 1, '2019-04-13', '2019-04-12 19:39:12', '2019-04-12 19:39:12'),
(1291, 332, 2.9, 0, 0, 13, 1, '2018-08-21', '2019-04-12 19:42:14', '2019-04-12 19:42:14'),
(1292, 332, 8.7, 67, 0, 13, 1, '2019-04-13', '2019-04-12 19:42:34', '2019-04-12 19:42:34'),
(1293, 333, 2.67, 0, 0, 13, 1, '2016-11-25', '2019-04-12 19:44:41', '2019-04-12 19:44:41'),
(1294, 333, 11.4, 86, 0, 13, 1, '2019-04-13', '2019-04-12 19:44:57', '2019-04-12 19:44:57'),
(1295, 58, 14.2, 83, 0, 13, 1, '2019-04-13', '2019-04-12 19:46:59', '2019-04-12 19:46:59'),
(1296, 58, 13, 81, 0, 13, 1, '2019-02-16', '2019-04-12 19:47:36', '2019-04-12 19:47:36'),
(1297, 316, 8.4, 66, 0, 13, 1, '2019-04-13', '2019-04-12 19:48:28', '2019-04-12 19:48:28'),
(1298, 288, 11.1, 80, 0, 13, 1, '2019-04-13', '2019-04-12 19:49:17', '2019-04-12 19:49:17'),
(1299, 288, 10.5, 78.5, 0, 13, 1, '2019-02-16', '2019-04-12 19:49:56', '2019-04-12 19:49:56'),
(1300, 130, 11.5, 82, 0, 13, 1, '2019-04-13', '2019-04-12 19:52:00', '2019-04-12 19:52:00'),
(1301, 130, 11.4, 77.5, 0, 13, 1, '2019-02-16', '2019-04-12 19:52:45', '2019-04-12 19:52:45'),
(1302, 166, 13.2, 89, 0, 13, 1, '2019-04-13', '2019-04-12 19:53:41', '2019-04-12 19:53:41'),
(1303, 165, 16.3, 105, 0, 13, 1, '2019-04-13', '2019-04-12 19:54:36', '2019-04-12 19:54:36'),
(1304, 149, 11.5, 88, 0, 13, 1, '2019-04-13', '2019-04-12 19:55:20', '2019-04-12 19:55:20'),
(1305, 149, 10.5, 87.5, 0, 13, 1, '2019-03-16', '2019-04-12 19:56:34', '2019-04-12 19:56:34'),
(1306, 149, 10.5, 87.1, 0, 13, 1, '2019-02-16', '2019-04-12 19:57:12', '2019-04-12 19:57:12'),
(1307, 199, 10.1, 76, 0, 13, 1, '2019-04-13', '2019-04-12 19:58:11', '2019-04-12 19:58:11'),
(1308, 199, 9.9, 76, 0, 13, 1, '2019-03-16', '2019-04-12 19:58:37', '2019-04-12 19:58:37'),
(1309, 169, 13.2, 94, 0, 13, 1, '2019-04-13', '2019-04-12 20:00:40', '2019-04-12 20:00:40'),
(1310, 169, 13, 92, 0, 13, 1, '2019-02-16', '2019-04-12 20:02:11', '2019-04-12 20:02:11'),
(1311, 150, 12.6, 90.2, 0, 13, 1, '2019-04-13', '2019-04-12 20:05:37', '2019-04-12 20:05:37'),
(1312, 150, 11.6, 90.2, 0, 13, 1, '2019-02-16', '2019-04-12 20:10:23', '2019-04-12 20:10:23'),
(1313, 150, 11.8, 0, 0, 13, 1, '2019-01-19', '2019-04-12 20:11:06', '2019-04-12 20:11:06'),
(1314, 144, 12.3, 95.5, 0, 13, 1, '2019-04-13', '2019-04-12 20:19:25', '2019-04-12 20:19:25'),
(1315, 144, 12.1, 94.1, 0, 13, 1, '2019-02-16', '2019-04-12 20:20:06', '2019-04-12 20:20:06'),
(1316, 109, 10.1, 84, 0, 13, 1, '2019-04-13', '2019-04-12 20:24:31', '2019-04-12 20:24:31'),
(1317, 119, 13.3, 95.5, 0, 13, 1, '2019-04-13', '2019-04-12 20:25:15', '2019-04-12 20:25:15'),
(1318, 134, 13.9, 99, 0, 13, 1, '2019-04-13', '2019-04-12 20:26:00', '2019-04-12 20:26:00'),
(1319, 136, 14.7, 99, 0, 13, 1, '2019-04-13', '2019-04-12 20:27:32', '2019-04-12 20:27:32'),
(1320, 103, 13.8, 91, 0, 13, 1, '2019-04-13', '2019-04-12 20:28:36', '2019-04-12 20:28:36'),
(1321, 286, 10, 72, 0, 13, 1, '2019-04-13', '2019-04-12 20:30:14', '2019-04-12 20:30:14'),
(1322, 286, 8.7, 69, 0, 13, 1, '2019-02-16', '2019-04-12 20:30:45', '2019-04-12 20:30:45'),
(1323, 112, 10.7, 80, 0, 13, 1, '2019-04-13', '2019-04-12 20:31:31', '2019-04-12 20:31:31'),
(1324, 175, 13.4, 94.4, 0, 13, 1, '2019-04-13', '2019-04-12 20:32:16', '2019-04-12 20:32:16'),
(1325, 156, 14.2, 103, 0, 13, 1, '2019-04-13', '2019-04-12 20:33:01', '2019-04-12 20:33:01'),
(1326, 156, 14.6, 101.5, 0, 13, 1, '2019-02-16', '2019-04-12 20:33:51', '2019-04-12 20:33:51'),
(1327, 157, 14, 102, 0, 13, 1, '2019-04-13', '2019-04-12 20:34:40', '2019-04-12 20:34:40'),
(1328, 157, 13.9, 101, 0, 13, 1, '2019-02-16', '2019-04-12 20:35:00', '2019-04-12 20:35:00'),
(1329, 115, 14.8, 95, 0, 13, 1, '2019-04-13', '2019-04-12 20:35:53', '2019-04-12 20:35:53'),
(1330, 115, 14.1, 94, 0, 13, 1, '2019-02-16', '2019-04-12 20:36:20', '2019-04-12 20:36:20'),
(1331, 101, 11.3, 87, 0, 13, 1, '2019-04-13', '2019-04-12 20:37:09', '2019-04-12 20:37:09'),
(1332, 94, 9.1, 75, 0, 13, 1, '2019-04-13', '2019-04-12 20:38:20', '2019-04-12 20:38:20'),
(1333, 94, 9.2, 74, 0, 13, 1, '2019-02-16', '2019-04-12 20:38:43', '2019-04-12 20:38:43'),
(1334, 143, 10.7, 80, 0, 13, 1, '2019-04-13', '2019-04-12 20:39:24', '2019-04-12 20:39:24'),
(1335, 152, 14.7, 99, 0, 13, 1, '2019-04-13', '2019-04-12 20:40:08', '2019-04-12 20:40:08'),
(1336, 267, 12.2, 79, 0, 13, 1, '2019-04-13', '2019-04-12 20:40:57', '2019-04-12 20:40:57'),
(1337, 173, 13.5, 96, 0, 13, 1, '2019-04-13', '2019-04-12 20:41:41', '2019-04-12 20:44:27'),
(1338, 173, 13, 96, 0, 13, 1, '2019-02-16', '2019-04-12 20:42:58', '2019-04-12 20:44:03'),
(1339, 197, 13.6, 91, 0, 13, 1, '2019-04-13', '2019-04-12 20:45:08', '2019-04-12 20:45:08'),
(1340, 197, 14.1, 91, 0, 13, 1, '2019-02-16', '2019-04-12 20:46:41', '2019-04-12 20:46:41'),
(1341, 146, 13.7, 95.5, 0, 13, 1, '2019-04-13', '2019-04-12 20:47:35', '2019-04-12 20:47:35'),
(1342, 334, 2.75, 0, 0, 13, 1, '2018-02-02', '2019-04-12 20:50:24', '2019-04-12 20:50:24'),
(1343, 334, 10.3, 77, 0, 13, 1, '2019-04-13', '2019-04-12 20:50:41', '2019-04-12 20:50:41'),
(1344, 335, 19.8, 103, 0, 13, 1, '2019-04-13', '2019-04-12 20:52:45', '2019-04-12 20:52:45'),
(1345, 265, 12.9, 0, 0, 13, 1, '2019-04-13', '2019-04-12 21:07:31', '2019-04-12 21:07:31'),
(1346, 300, 10.3, 75, 0, 13, 1, '2019-06-26', '2019-06-25 18:30:10', '2019-06-25 18:30:10'),
(1347, 93, 10.1, 75.4, 0, 13, 1, '2019-06-26', '2019-06-25 18:31:40', '2019-06-25 18:31:40'),
(1348, 150, 12.8, 91.6, 0, 13, 1, '2019-06-26', '2019-06-25 18:32:25', '2019-06-25 18:32:25'),
(1349, 104, 14.3, 93.6, 0, 13, 1, '2019-06-26', '2019-06-25 18:33:13', '2019-06-25 18:33:13'),
(1350, 315, 9, 66, 0, 13, 1, '2019-06-26', '2019-06-25 18:33:44', '2019-06-25 18:33:44'),
(1351, 320, 8.9, 69, 0, 13, 1, '2019-06-26', '2019-06-25 18:34:46', '2019-06-25 18:34:46'),
(1352, 58, 14.4, 84, 0, 13, 1, '2019-06-26', '2019-06-25 18:37:38', '2019-06-25 18:37:38'),
(1353, 327, 7.5, 63, 0, 13, 1, '2019-06-26', '2019-06-25 18:39:58', '2019-06-25 18:39:58'),
(1354, 253, 11, 77, 0, 13, 1, '2019-06-26', '2019-06-25 18:43:13', '2019-06-25 18:43:13'),
(1357, 199, 11.1, 78, 0, 13, 1, '2019-06-26', '2019-06-25 19:07:30', '2019-06-25 19:07:30'),
(1358, 54, 13.6, 100, 0, 13, 1, '2019-06-26', '2019-06-25 19:09:52', '2019-06-25 19:09:52'),
(1359, 172, 15.6, 104.5, 0, 13, 1, '2019-06-26', '2019-06-25 19:10:42', '2019-06-25 19:10:42'),
(1360, 259, 9.4, 79, 0, 13, 1, '2019-06-26', '2019-06-25 19:12:13', '2019-06-25 19:12:13'),
(1361, 23, 11.7, 85.2, 0, 13, 1, '2019-06-26', '2019-06-25 19:15:08', '2019-06-25 19:15:08'),
(1362, 332, 8.7, 70, 0, 13, 1, '2019-06-26', '2019-06-25 19:15:51', '2019-06-25 19:15:51'),
(1363, 333, 11.7, 87, 0, 13, 1, '2019-06-26', '2019-06-25 19:16:47', '2019-06-25 19:16:47'),
(1364, 239, 11.4, 88, 0, 13, 1, '2019-06-26', '2019-06-25 19:23:56', '2019-06-25 19:23:56'),
(1365, 280, 9.7, 79.4, 0, 13, 1, '2019-06-26', '2019-06-25 19:25:23', '2019-06-25 19:25:23'),
(1366, 336, 5.9, 59, 0, 13, 1, '2019-06-26', '2019-06-25 19:30:41', '2019-06-25 19:30:41'),
(1367, 59, 26.7, 117, 0, 13, 1, '2019-06-26', '2019-06-25 19:34:07', '2019-06-25 19:34:07'),
(1368, 169, 14.1, 96, 0, 13, 1, '2019-06-26', '2019-06-25 19:36:06', '2019-06-25 19:36:06'),
(1369, 245, 12.6, 95.4, 0, 13, 1, '2019-06-26', '2019-06-25 19:36:48', '2019-06-25 19:36:48'),
(1370, 338, 3.05, 50, 0, 13, 1, '2019-05-11', '2019-06-25 19:42:22', '2019-06-25 19:42:22'),
(1371, 338, 5.4, 57, 0, 13, 1, '2019-06-26', '2019-06-25 19:43:22', '2019-06-25 19:43:22'),
(1373, 175, 13.8, 95, 0, 13, 1, '2019-06-26', '2019-06-25 19:54:25', '2019-06-25 19:54:25'),
(1374, 112, 10.8, 80, 0, 13, 1, '2019-06-26', '2019-06-25 19:55:16', '2019-06-25 19:55:16'),
(1375, 324, 9.5, 72, 0, 13, 1, '2019-06-26', '2019-06-25 19:57:22', '2019-06-25 19:57:22'),
(1376, 62, 12.9, 0, 0, 13, 1, '2019-06-26', '2019-06-25 20:00:49', '2019-06-25 20:00:49'),
(1377, 70, 10.6, 82.3, 0, 13, 1, '2019-06-26', '2019-06-25 20:01:40', '2019-06-25 20:01:40'),
(1378, 91, 12.8, 84, 0, 13, 1, '2019-06-26', '2019-06-25 20:02:17', '2019-06-25 20:02:17'),
(1379, 312, 14.2, 100, 0, 13, 1, '2019-06-26', '2019-06-25 20:04:47', '2019-06-25 20:04:47'),
(1380, 314, 11.1, 82.4, 0, 13, 1, '2019-06-26', '2019-06-25 20:09:38', '2019-06-25 20:09:38'),
(1381, 94, 10.1, 82, 0, 13, 1, '2019-06-26', '2019-06-25 20:10:48', '2019-06-25 20:10:48'),
(1382, 174, 13.2, 94, 0, 13, 1, '2019-06-26', '2019-06-25 20:13:28', '2019-06-25 20:13:28'),
(1383, 267, 11.2, 84.5, 0, 13, 1, '2019-06-26', '2019-06-25 20:14:28', '2019-06-25 20:14:28'),
(1384, 143, 10.3, 82, 0, 13, 1, '2019-06-26', '2019-06-25 20:14:59', '2019-06-25 20:14:59'),
(1385, 152, 15.3, 100, 0, 13, 1, '2019-06-26', '2019-06-25 20:15:38', '2019-06-25 20:15:38'),
(1386, 311, 9.5, 72, 0, 13, 1, '2019-06-26', '2019-06-25 20:16:31', '2019-06-25 20:16:31'),
(1387, 35, 14.3, 95.8, 0, 13, 1, '2019-06-26', '2019-06-25 20:19:47', '2019-06-25 20:19:47'),
(1388, 330, 8.2, 70, 0, 13, 1, '2019-06-26', '2019-06-25 20:20:39', '2019-06-25 20:20:39'),
(1389, 214, 10.4, 82, 0, 13, 1, '2019-06-26', '2019-06-25 20:21:34', '2019-06-25 20:21:34'),
(1390, 339, 12.3, 91, 0, 13, 1, '2019-06-26', '2019-06-25 20:27:19', '2019-06-25 20:27:19'),
(1391, 28, 14.7, 98, 0, 13, 1, '2019-06-26', '2019-06-25 20:28:28', '2019-06-25 20:28:28'),
(1392, 146, 14.6, 96.5, 0, 13, 1, '2019-06-26', '2019-06-25 20:29:24', '2019-06-25 20:29:24'),
(1393, 55, 17.8, 92.4, 0, 13, 1, '2019-06-26', '2019-06-25 20:32:59', '2019-06-25 20:32:59'),
(1394, 136, 14.8, 99, 0, 13, 1, '2019-06-26', '2019-06-25 20:33:48', '2019-06-25 20:33:48'),
(1395, 103, 13.6, 94.7, 0, 13, 1, '2019-06-26', '2019-06-25 20:34:48', '2019-06-25 20:34:48'),
(1396, 308, 10, 77, 0, 13, 1, '2019-06-26', '2019-06-25 20:43:47', '2019-06-25 20:43:47'),
(1397, 197, 14.3, 92, 0, 13, 1, '2019-06-26', '2019-06-25 20:46:23', '2019-06-25 20:46:23'),
(1398, 101, 12.1, 88.4, 0, 13, 1, '2019-06-26', '2019-06-25 20:47:51', '2019-06-25 20:47:51'),
(1399, 340, 8.5, 72.1, 0, 13, 1, '2019-06-26', '2019-06-25 21:10:23', '2019-06-26 02:32:31'),
(1400, 313, 7, 69, 0, 13, 1, '2019-06-26', '2019-06-25 21:13:38', '2019-06-25 21:13:38'),
(1401, 342, 10.7, 79.5, 0, 13, 1, '2019-06-26', '2019-06-25 23:06:55', '2019-06-25 23:06:55'),
(1402, 341, 11.7, 89.5, 0, 13, 1, '2019-06-26', '2019-06-25 23:16:07', '2019-06-25 23:16:07'),
(1403, 337, 5.8, 54, 0, 13, 1, '2019-06-26', '2019-06-25 23:16:54', '2019-06-25 23:16:54'),
(1404, 315, 9.1, 69, 0, 13, 1, '2019-07-20', '2019-06-26 02:16:52', '2019-06-26 02:16:52'),
(1405, 104, 14.7, 93.8, 0, 13, 1, '2019-07-20', '2019-06-26 02:20:41', '2019-06-26 02:20:41'),
(1406, 171, 13.5, 91.9, 0, 13, 1, '2019-07-20', '2019-06-26 02:22:28', '2019-06-26 02:22:28'),
(1407, 320, 9.2, 75, 0, 13, 1, '2019-07-20', '2019-06-26 02:23:40', '2019-06-26 02:23:40'),
(1408, 333, 12, 87.3, 0, 13, 1, '2019-07-20', '2019-06-26 02:29:19', '2019-06-26 02:29:19'),
(1409, 340, 8.7, 73, 0, 13, 1, '2019-07-20', '2019-06-26 02:30:36', '2019-06-26 02:30:36'),
(1410, 93, 9.9, 76, 0, 13, 1, '2019-07-20', '2019-06-26 02:31:43', '2019-06-26 02:31:43'),
(1411, 332, 8.7, 70, 0, 13, 1, '2019-07-20', '2019-06-26 02:35:35', '2019-06-26 02:35:35'),
(1412, 101, 12.2, 88.5, 0, 13, 1, '2019-07-20', '2019-06-26 02:47:28', '2019-06-26 02:47:28'),
(1413, 291, 13.8, 84.5, 0, 13, 1, '2019-07-20', '2019-06-26 02:50:53', '2019-06-26 02:50:53'),
(1414, 58, 14, 84, 0, 13, 1, '2019-07-20', '2019-06-26 02:54:30', '2019-06-26 02:54:30'),
(1415, 119, 14, 95.5, 0, 13, 1, '2019-07-20', '2019-06-26 02:55:38', '2019-06-26 02:55:38'),
(1416, 78, 15, 95.3, 0, 13, 1, '2019-07-20', '2019-06-26 02:56:39', '2019-06-26 02:56:39'),
(1417, 310, 9.8, 76, 0, 13, 1, '2019-07-20', '2019-06-26 03:06:05', '2019-06-26 03:06:05'),
(1418, 311, 10, 72, 0, 13, 1, '2019-07-20', '2019-06-26 03:11:22', '2019-06-26 03:11:22'),
(1419, 327, 7.9, 64, 0, 13, 1, '2019-07-20', '2019-06-26 03:13:37', '2019-06-26 03:13:37'),
(1420, 253, 11.6, 77, 0, 13, 1, '2019-07-20', '2019-06-26 03:14:48', '2019-06-26 03:14:48'),
(1421, 112, 11.1, 80.5, 0, 13, 1, '2019-07-20', '2019-06-26 03:28:19', '2019-06-26 03:28:19'),
(1422, 23, 11.9, 86.8, 0, 13, 1, '2019-07-20', '2019-06-26 03:29:45', '2019-06-26 03:29:45'),
(1423, 70, 11, 82.7, 0, 13, 1, '2019-07-20', '2019-06-26 03:31:20', '2019-06-26 03:31:20'),
(1424, 175, 13.9, 96.5, 0, 13, 1, '2019-07-20', '2019-06-26 03:32:27', '2019-06-26 03:32:27'),
(1425, 100, 14.7, 95, 0, 13, 1, '2019-07-20', '2019-06-26 03:33:26', '2019-06-26 03:33:26'),
(1426, 35, 15.2, 97, 0, 13, 1, '2019-07-20', '2019-06-26 03:39:57', '2019-06-26 03:39:57'),
(1427, 316, 8.7, 67, 0, 13, 1, '2019-07-20', '2019-06-26 03:40:49', '2019-06-26 03:40:49'),
(1428, 199, 10.6, 80, 0, 13, 1, '2019-07-20', '2019-06-26 03:42:06', '2019-06-26 03:42:06'),
(1429, 150, 13.2, 92.5, 0, 13, 1, '2019-07-20', '2019-06-26 03:43:03', '2019-06-26 03:43:03'),
(1430, 55, 18.1, 91, 0, 13, 1, '2019-07-20', '2019-06-26 03:44:14', '2019-06-26 03:44:14'),
(1431, 330, 8.2, 72, 0, 13, 1, '2019-07-20', '2019-06-26 03:44:55', '2019-06-26 03:44:55'),
(1432, 130, 12, 83, 0, 13, 1, '2019-07-20', '2019-06-26 03:54:22', '2019-06-26 03:54:22'),
(1433, 324, 9.6, 74, 0, 13, 1, '2019-07-20', '2019-06-26 03:55:21', '2019-06-26 03:55:21'),
(1434, 338, 6, 60, 0, 13, 1, '2019-07-20', '2019-06-26 04:00:46', '2019-06-26 04:00:46'),
(1435, 313, 7.1, 69, 0, 13, 1, '2019-07-20', '2019-06-26 04:01:50', '2019-06-26 04:01:50'),
(1436, 257, 10.4, 87, 0, 13, 1, '2019-02-26', '2019-06-26 04:03:30', '2019-06-26 04:03:30'),
(1437, 257, 11.6, 91, 0, 13, 1, '2019-07-20', '2019-06-26 04:04:03', '2019-06-26 04:04:03'),
(1438, 343, 3.3, 0, 0, 13, 1, '2019-06-18', '2019-06-26 04:08:11', '2019-06-26 04:08:11'),
(1439, 343, 4.9, 56, 0, 13, 1, '2019-07-20', '2019-06-26 04:10:37', '2019-06-26 04:10:37'),
(1440, 344, 2.7, 49, 0, 13, 1, '2015-06-15', '2019-06-26 04:17:18', '2019-06-26 04:17:18'),
(1441, 344, 16.1, 102, 0, 13, 1, '2019-07-20', '2019-06-26 04:18:00', '2019-06-26 04:18:00'),
(1442, 102, 12.4, 92, 0, 13, 1, '2019-07-20', '2019-06-26 04:19:02', '2019-06-26 04:19:02'),
(1443, 245, 12.7, 95.5, 0, 13, 1, '2019-07-20', '2019-06-26 04:21:52', '2019-06-26 04:21:52'),
(1444, 134, 14.2, 99, 0, 13, 1, '2019-07-20', '2019-06-26 04:22:51', '2019-06-26 04:22:51'),
(1445, 136, 14.9, 100, 0, 13, 1, '2019-07-20', '2019-06-26 04:23:44', '2019-06-26 04:23:44'),
(1446, 103, 14.2, 94.7, 0, 13, 1, '2019-07-20', '2019-06-26 04:26:23', '2019-06-26 04:26:23'),
(1447, 149, 11.2, 89, 0, 13, 1, '2019-07-20', '2019-06-26 04:27:19', '2019-06-26 04:27:19'),
(1448, 91, 12.9, 84, 0, 13, 1, '2019-07-20', '2019-06-26 04:28:39', '2019-06-26 04:28:39'),
(1449, 323, 7, 60, 23, 1, 1, '2019-02-14', '2019-08-23 18:27:40', '0000-00-00 00:00:00'),
(1450, 294, 13.9, 87.9, 0, 1, 1, '2019-08-24', '2019-08-24 01:30:43', '0000-00-00 00:00:00'),
(1451, 345, 6.7, 59, 0, 1, 0, '2019-06-18', '2019-08-24 01:32:50', '0000-00-00 00:00:00'),
(1452, 58, 14.3, 87.7, 0, 1, 1, '2019-08-24', '2019-08-24 01:38:54', '0000-00-00 00:00:00'),
(1453, 346, 8.2, 65, 0, 1, 0, '2019-01-22', '2019-08-24 01:44:08', '0000-00-00 00:00:00'),
(1454, 347, 8.7, 89.5, 0, 3, 0, '2019-09-21', '2019-08-24 02:23:01', '2019-09-21 02:16:02'),
(1455, 348, 3.6, 52, 0, 3, 0, '2017-06-08', '2019-08-24 02:31:05', '0000-00-00 00:00:00'),
(1456, 349, 3.3, 51, 0, 3, 0, '2019-01-16', '2019-08-24 02:32:41', '0000-00-00 00:00:00'),
(1457, 350, 2.3, 46, 0, 3, 0, '2016-02-16', '2019-08-24 02:56:14', '0000-00-00 00:00:00'),
(1458, 351, 3.18, 51, 0, 3, 0, '2017-03-13', '2019-08-24 03:04:02', '0000-00-00 00:00:00'),
(1459, 352, 3.48, 53, 0, 3, 0, '2018-06-11', '2019-08-24 03:06:40', '0000-00-00 00:00:00'),
(1460, 54, 14.4, 102.5, 0, 1, 1, '2019-08-24', '2019-08-24 04:47:36', '2019-08-24 04:55:48'),
(1461, 338, 6.9, 62, 0, 5, 1, '2019-08-24', '2019-08-24 04:57:56', '0000-00-00 00:00:00'),
(1462, 171, 11.4, 92.5, 0, 9, 1, '2019-08-24', '2019-08-24 05:00:09', '0000-00-00 00:00:00'),
(1463, 75, 11.5, 81, 0, 5, 1, '2019-08-24', '2019-08-24 05:00:18', '0000-00-00 00:00:00'),
(1464, 91, 12.6, 84, 0, 5, 1, '2019-08-24', '2019-08-24 05:01:52', '0000-00-00 00:00:00'),
(1465, 263, 18.6, 107, 0, 5, 1, '2019-08-24', '2019-08-24 05:02:51', '0000-00-00 00:00:00'),
(1466, 329, 6.4, 62, 0, 8, 1, '2019-02-23', '2019-08-24 05:03:04', '0000-00-00 00:00:00'),
(1467, 273, 9.5, 75, 0, 5, 1, '2019-08-24', '2019-08-24 05:03:41', '0000-00-00 00:00:00'),
(1468, 22, 15.6, 102, 0, 5, 1, '2019-08-24', '2019-08-24 05:04:37', '0000-00-00 00:00:00'),
(1469, 329, 7, 62, 0, 8, 1, '2019-03-16', '2019-08-24 05:05:28', '0000-00-00 00:00:00'),
(1470, 330, 8.5, 72, 0, 5, 1, '2019-08-24', '2019-08-24 05:06:31', '0000-00-00 00:00:00'),
(1471, 143, 10.9, 83, 0, 9, 1, '2019-08-24', '2019-08-24 05:07:00', '0000-00-00 00:00:00'),
(1473, 298, 7.3, 63, 0, 8, 1, '2018-08-24', '2019-08-24 05:10:59', '0000-00-00 00:00:00'),
(1474, 353, 2.5, 48, 0, 1, 0, '2019-04-29', '2019-08-24 05:16:25', '0000-00-00 00:00:00'),
(1475, 353, 6.2, 60, 0, 1, 1, '2019-08-24', '2019-08-24 05:16:56', '0000-00-00 00:00:00'),
(1476, 354, 6.8, 64, 0, 9, 0, '2019-03-28', '2019-08-24 05:20:29', '0000-00-00 00:00:00'),
(1477, 355, 10.8, 85, 0, 8, 0, '2019-08-24', '2019-08-24 05:23:57', '2019-08-24 05:25:25'),
(1478, 291, 13.4, 88, 0, 8, 1, '2019-09-21', '2019-09-21 01:32:20', '0000-00-00 00:00:00'),
(1479, 78, 15.9, 95.4, 0, 3, 1, '2019-09-21', '2019-09-21 01:33:32', '0000-00-00 00:00:00'),
(1480, 350, 12.7, 93.2, 0, 8, 1, '2019-09-21', '2019-09-21 01:35:46', '0000-00-00 00:00:00'),
(1481, 93, 9.9, 77, 0, 8, 1, '2019-09-21', '2019-09-21 01:36:47', '0000-00-00 00:00:00'),
(1482, 211, 10.7, 80.1, 0, 8, 1, '2019-09-21', '2019-09-21 01:37:51', '0000-00-00 00:00:00'),
(1483, 94, 11.2, 82.2, 0, 8, 1, '2019-09-21', '2019-09-21 01:38:58', '0000-00-00 00:00:00'),
(1484, 58, 14.6, 88.2, 0, 8, 1, '2019-09-21', '2019-09-21 01:41:00', '0000-00-00 00:00:00'),
(1485, 356, 29.8, 48, 0, 5, 0, '2019-07-01', '2019-09-21 01:41:05', '0000-00-00 00:00:00'),
(1486, 356, 6.2, 56, 0, 8, 1, '2019-09-21', '2019-09-21 01:42:40', '0000-00-00 00:00:00'),
(1487, 152, 15.8, 101.5, 0, 3, 1, '2019-09-21', '2019-09-21 01:45:40', '0000-00-00 00:00:00'),
(1488, 101, 10.9, 90, 0, 3, 1, '2019-09-21', '2019-09-21 01:50:25', '0000-00-00 00:00:00'),
(1489, 316, 9.5, 69, 0, 3, 1, '2019-09-21', '2019-09-21 02:04:17', '0000-00-00 00:00:00'),
(1490, 134, 14.9, 102, 0, 3, 1, '2019-09-21', '2019-09-21 02:04:36', '2019-09-21 02:10:32'),
(1491, 169, 14.5, 97.8, 0, 3, 1, '2019-09-21', '2019-09-21 02:05:22', '0000-00-00 00:00:00'),
(1492, 353, 6.6, 61, 0, 3, 1, '2019-09-21', '2019-09-21 02:12:59', '0000-00-00 00:00:00'),
(1494, 332, 9.2, 71, 0, 3, 1, '2019-09-21', '2019-09-21 02:17:07', '0000-00-00 00:00:00'),
(1495, 166, 13.7, 91, 0, 3, 1, '2019-09-21', '2019-09-21 02:17:43', '0000-00-00 00:00:00'),
(1496, 357, 3.2, 52, 0, 5, 0, '2015-11-14', '2019-09-21 02:19:16', '0000-00-00 00:00:00'),
(1497, 270, 10.2, 82, 0, 3, 1, '2019-09-21', '2019-09-21 02:19:54', '0000-00-00 00:00:00'),
(1498, 358, 4, 51, 0, 5, 0, '2019-06-11', '2019-09-21 02:20:27', '0000-00-00 00:00:00'),
(1499, 177, 18.6, 102.4, 0, 3, 1, '2019-09-21', '2019-09-21 02:20:42', '0000-00-00 00:00:00'),
(1500, 30, 12.8, 86.5, 0, 3, 1, '2019-09-21', '2019-09-21 02:21:22', '0000-00-00 00:00:00'),
(1501, 242, 14.3, 100, 0, 3, 1, '2019-09-21', '2019-09-21 02:24:16', '0000-00-00 00:00:00'),
(1502, 358, 7.3, 63, 0, 3, 1, '2019-09-21', '2019-09-21 02:25:23', '0000-00-00 00:00:00'),
(1503, 352, 10.7, 78, 0, 3, 1, '2019-09-21', '2019-09-21 02:26:44', '0000-00-00 00:00:00'),
(1504, 351, 11.1, 89, 0, 3, 1, '2019-09-21', '2019-09-21 02:27:13', '0000-00-00 00:00:00'),
(1505, 150, 13.3, 92.7, 0, 3, 1, '2019-09-21', '2019-09-21 02:28:28', '0000-00-00 00:00:00'),
(1506, 28, 14.8, 101, 0, 3, 1, '2019-09-21', '2019-09-21 02:30:59', '0000-00-00 00:00:00'),
(1507, 359, 3.2, 50, 0, 5, 0, '2015-09-06', '2019-09-21 02:31:42', '0000-00-00 00:00:00'),
(1508, 214, 10.7, 84.5, 0, 3, 1, '2019-09-21', '2019-09-21 02:32:37', '0000-00-00 00:00:00'),
(1509, 360, 2.85, 48, 0, 5, 0, '2017-01-06', '2019-09-21 02:33:43', '0000-00-00 00:00:00'),
(1510, 103, 14.1, 94.8, 0, 3, 1, '2019-09-21', '2019-09-21 02:42:18', '0000-00-00 00:00:00'),
(1511, 136, 14.8, 105, 0, 3, 1, '2019-09-21', '2019-09-21 02:42:58', '0000-00-00 00:00:00'),
(1512, 361, 2.7, 46, 0, 5, 0, '2019-08-03', '2019-09-21 02:44:21', '0000-00-00 00:00:00'),
(1513, 361, 4.1, 48, 0, 3, 1, '2019-09-21', '2019-09-21 02:46:08', '0000-00-00 00:00:00'),
(1514, 362, 2.7, 48, 0, 5, 0, '2017-06-08', '2019-09-21 02:48:49', '0000-00-00 00:00:00'),
(1515, 362, 9.2, 81, 0, 3, 1, '2019-09-21', '2019-09-21 02:50:57', '0000-00-00 00:00:00'),
(1516, 265, 13, 92.5, 0, 3, 1, '2019-09-21', '2019-09-21 02:51:23', '0000-00-00 00:00:00'),
(1517, 349, 8, 67, 0, 3, 1, '2019-09-21', '2019-09-21 02:52:21', '0000-00-00 00:00:00'),
(1518, 55, 17.2, 92.3, 0, 3, 1, '2019-09-21', '2019-09-21 02:53:02', '0000-00-00 00:00:00'),
(1519, 305, 12.4, 85.5, 0, 3, 1, '2019-09-21', '2019-09-21 02:54:22', '0000-00-00 00:00:00'),
(1520, 340, 8.8, 76.4, 0, 3, 1, '2019-09-21', '2019-09-21 02:55:09', '2019-09-21 02:56:54'),
(1521, 126, 18.5, 106.5, 0, 3, 1, '2019-09-21', '2019-09-21 02:56:36', '0000-00-00 00:00:00'),
(1522, 363, 2.8, 48, 0, 5, 0, '2015-08-12', '2019-09-21 02:57:53', '0000-00-00 00:00:00'),
(1523, 327, 8, 67, 0, 3, 1, '2019-09-21', '2019-09-21 02:58:13', '0000-00-00 00:00:00'),
(1524, 253, 11.2, 78.6, 0, 3, 1, '2019-09-21', '2019-09-21 02:58:33', '2019-09-21 03:01:04'),
(1525, 364, 2.75, 48, 0, 5, 0, '2018-06-12', '2019-09-21 02:58:54', '0000-00-00 00:00:00'),
(1526, 364, 10, 72.4, 0, 3, 1, '2019-09-21', '2019-09-21 03:02:42', '0000-00-00 00:00:00'),
(1527, 363, 15, 97.8, 0, 3, 1, '2019-09-21', '2019-09-21 03:03:35', '0000-00-00 00:00:00'),
(1528, 170, 12.4, 89.8, 0, 3, 1, '2019-09-21', '2019-09-21 03:04:49', '0000-00-00 00:00:00'),
(1529, 322, 9.1, 74, 0, 3, 1, '2019-09-21', '2019-09-21 03:05:47', '0000-00-00 00:00:00'),
(1530, 290, 9.6, 77, 0, 3, 1, '2019-09-21', '2019-09-21 03:08:15', '0000-00-00 00:00:00'),
(1531, 112, 11.4, 80.7, 0, 3, 1, '2019-09-21', '2019-09-21 03:09:26', '0000-00-00 00:00:00'),
(1532, 365, 12.9, 93.8, 0, 8, 0, '2019-09-21', '2019-09-21 03:12:52', '2019-09-21 03:13:36'),
(1534, 257, 11.8, 92, 0, 3, 1, '2019-09-21', '2019-09-21 03:13:53', '0000-00-00 00:00:00'),
(1535, 313, 7.6, 69, 0, 3, 1, '2019-09-21', '2019-09-21 03:15:48', '0000-00-00 00:00:00'),
(1536, 366, 3.2, 50, 0, 1, 0, '2015-09-21', '2019-09-21 03:16:23', '0000-00-00 00:00:00'),
(1537, 367, 19.7, 45, 0, 1, 0, '2019-07-28', '2019-09-21 03:21:17', '0000-00-00 00:00:00'),
(1538, 245, 12.4, 96.4, 0, 8, 1, '2019-09-21', '2019-09-21 03:22:14', '0000-00-00 00:00:00'),
(1539, 367, 3.9, 50, 0, 8, 1, '2019-09-21', '2019-09-21 03:23:56', '0000-00-00 00:00:00'),
(1540, 346, 8.1, 68, 0, 8, 1, '2019-09-21', '2019-09-21 03:26:40', '0000-00-00 00:00:00'),
(1541, 172, 16.1, 106.3, 0, 3, 1, '2019-09-21', '2019-09-21 03:32:00', '0000-00-00 00:00:00'),
(1542, 259, 8.9, 80.6, 0, 3, 1, '2019-09-21', '2019-09-21 03:32:54', '0000-00-00 00:00:00'),
(1543, 309, 8.8, 75, 0, 3, 1, '2019-09-21', '2019-09-21 03:35:24', '0000-00-00 00:00:00'),
(1544, 338, 6.6, 63, 0, 3, 1, '2019-09-21', '2019-09-21 03:44:39', '0000-00-00 00:00:00'),
(1545, 143, 10.9, 83.6, 0, 3, 1, '2019-09-21', '2019-09-21 03:49:23', '0000-00-00 00:00:00'),
(1546, 368, 3.8, 52, 0, 5, 0, '2017-08-25', '2019-09-21 03:50:15', '0000-00-00 00:00:00'),
(1547, 369, 3.3, 49, 0, 5, 0, '2019-08-06', '2019-09-21 03:54:09', '0000-00-00 00:00:00'),
(1548, 75, 11.2, 81, 0, 3, 1, '2019-09-21', '2019-09-21 03:54:22', '0000-00-00 00:00:00'),
(1549, 23, 11.5, 86.9, 0, 3, 1, '2019-09-21', '2019-09-21 03:55:59', '0000-00-00 00:00:00'),
(1550, 91, 13.2, 84.5, 0, 3, 1, '2019-09-21', '2019-09-21 03:57:30', '0000-00-00 00:00:00'),
(1551, 370, 9.4, 69, 0, 1, 0, '2018-09-09', '2019-09-21 04:08:51', '0000-00-00 00:00:00'),
(1552, 370, 9.2, 68, 0, 8, 1, '2019-09-21', '2019-09-21 04:09:37', '0000-00-00 00:00:00'),
(1554, 347, 9.9, 89.5, 0, 3, 1, '2019-10-19', '2019-10-19 01:25:55', '0000-00-00 00:00:00'),
(1555, 70, 11.3, 83, 0, 3, 1, '2019-10-19', '2019-10-19 01:27:02', '0000-00-00 00:00:00'),
(1556, 290, 99, 78.5, 0, 3, 1, '2019-10-19', '2019-10-19 01:35:18', '0000-00-00 00:00:00'),
(1557, 78, 17.5, 96, 0, 3, 1, '2019-10-19', '2019-10-19 01:37:35', '0000-00-00 00:00:00'),
(1558, 171, 11.7, 93, 0, 3, 1, '2019-10-19', '2019-10-19 01:39:36', '0000-00-00 00:00:00'),
(1559, 104, 14.9, 93.8, 0, 3, 1, '2019-10-19', '2019-10-19 01:41:02', '0000-00-00 00:00:00'),
(1560, 315, 9.3, 71, 0, 3, 1, '2019-10-19', '2019-10-19 01:41:47', '0000-00-00 00:00:00'),
(1561, 291, 13.6, 88, 0, 3, 1, '2019-10-19', '2019-10-19 01:42:57', '0000-00-00 00:00:00'),
(1562, 101, 12, 90, 0, 3, 1, '2019-10-19', '2019-10-19 01:43:37', '0000-00-00 00:00:00'),
(1563, 259, 9.5, 80, 0, 3, 1, '2019-10-19', '2019-10-19 01:48:19', '0000-00-00 00:00:00'),
(1564, 172, 16.3, 107.3, 0, 3, 1, '2019-10-19', '2019-10-19 01:48:55', '0000-00-00 00:00:00'),
(1565, 288, 12.5, 85, 0, 3, 1, '2019-10-19', '2019-10-19 01:52:16', '0000-00-00 00:00:00'),
(1566, 316, 9.3, 70, 0, 3, 1, '2019-10-19', '2019-10-19 01:55:19', '0000-00-00 00:00:00'),
(1567, 371, 2.4, 48, 0, 5, 0, '2019-03-04', '2019-10-19 02:03:51', '0000-00-00 00:00:00'),
(1568, 371, 8.2, 64, 0, 3, 1, '2019-10-19', '2019-10-19 02:05:26', '0000-00-00 00:00:00'),
(1569, 351, 11.4, 89, 0, 3, 1, '2019-10-19', '2019-10-19 02:06:22', '0000-00-00 00:00:00'),
(1570, 284, 10.8, 80, 0, 3, 1, '2019-10-19', '2019-10-19 02:07:34', '0000-00-00 00:00:00'),
(1571, 286, 10.8, 78.4, 0, 3, 1, '2019-10-19', '2019-10-19 02:08:42', '0000-00-00 00:00:00'),
(1572, 320, 9.2, 75, 0, 3, 1, '2019-10-19', '2019-10-19 02:09:55', '0000-00-00 00:00:00'),
(1573, 91, 12.8, 84.5, 0, 3, 1, '2019-10-19', '2019-10-19 02:20:05', '0000-00-00 00:00:00'),
(1574, 372, 2.2, 45, 29, 5, 0, '2019-07-17', '2019-10-19 02:32:17', '0000-00-00 00:00:00'),
(1575, 356, 6.3, 58, 0, 3, 1, '2019-10-19', '2019-10-19 03:36:21', '0000-00-00 00:00:00'),
(1576, 304, 13.1, 90, 0, 3, 1, '2019-10-19', '2019-10-19 03:38:58', '0000-00-00 00:00:00');

-- --------------------------------------------------------

--
-- Table structure for table `balita_vitamin`
--

CREATE TABLE `balita_vitamin` (
  `id` int(11) NOT NULL,
  `balita_id` int(11) NOT NULL,
  `vitamin_id` int(11) NOT NULL,
  `petugas_id` int(11) NOT NULL,
  `posyandu_id` int(11) NOT NULL,
  `tanggal_input` date NOT NULL,
  `created_at` timestamp NOT NULL DEFAULT CURRENT_TIMESTAMP,
  `updated_at` timestamp NOT NULL DEFAULT CURRENT_TIMESTAMP ON UPDATE CURRENT_TIMESTAMP
) ENGINE=InnoDB DEFAULT CHARSET=utf8 COLLATE=utf8_unicode_ci;

--
-- Dumping data for table `balita_vitamin`
--

INSERT INTO `balita_vitamin` (`id`, `balita_id`, `vitamin_id`, `petugas_id`, `posyandu_id`, `tanggal_input`, `created_at`, `updated_at`) VALUES
(2, 3, 2, 13, 1, '2017-12-11', '2017-12-15 19:58:23', '2017-12-15 19:58:39'),
(3, 138, 5, 13, 1, '2018-02-07', '2018-02-13 05:44:10', '2018-02-13 05:44:10'),
(4, 38, 5, 13, 1, '2018-02-07', '2018-02-13 05:45:33', '2018-02-13 05:45:33'),
(5, 249, 3, 13, 1, '2018-02-07', '2018-02-13 05:48:55', '2018-02-13 05:48:55'),
(6, 250, 1, 13, 1, '2018-02-07', '2018-02-13 05:51:51', '2018-02-13 05:51:51'),
(7, 107, 2, 13, 1, '2018-02-07', '2018-02-13 05:52:50', '2018-02-13 05:52:50'),
(8, 42, 2, 13, 1, '2018-02-06', '2018-02-13 05:53:39', '2018-02-13 05:53:39'),
(9, 164, 5, 13, 1, '2018-02-06', '2018-02-13 05:54:16', '2018-02-13 05:54:16'),
(10, 251, 1, 13, 1, '2018-02-09', '2018-02-13 05:56:44', '2018-02-13 05:56:44'),
(11, 252, 1, 13, 1, '2018-02-06', '2018-02-13 05:58:57', '2018-02-13 05:58:57'),
(12, 35, 3, 13, 1, '2018-02-06', '2018-02-13 05:59:40', '2018-02-13 05:59:40'),
(13, 129, 4, 13, 1, '2018-02-07', '2018-02-13 06:01:02', '2018-02-13 06:01:02'),
(14, 159, 4, 13, 1, '2018-02-07', '2018-02-13 06:01:46', '2018-02-13 06:01:46'),
(15, 89, 4, 13, 1, '2018-02-06', '2018-02-13 06:02:38', '2018-02-13 06:02:38'),
(16, 88, 1, 13, 1, '2018-02-08', '2018-02-13 06:03:54', '2018-02-13 06:03:54'),
(17, 84, 4, 13, 1, '2018-02-08', '2018-02-13 06:04:57', '2018-02-13 06:04:57'),
(18, 174, 3, 13, 1, '2018-02-07', '2018-02-23 19:17:09', '2018-02-23 19:17:09'),
(19, 103, 1, 13, 1, '2017-02-21', '2019-06-26 00:19:39', '2019-06-26 00:19:39'),
(20, 136, 1, 13, 1, '2017-02-21', '2019-06-26 00:20:59', '2019-06-26 00:20:59'),
(21, 323, 1, 1, 1, '2019-02-14', '2019-08-23 18:28:10', '0000-00-00 00:00:00'),
(22, 55, 2, 1, 1, '2019-08-24', '2019-08-24 01:18:00', '0000-00-00 00:00:00'),
(23, 55, 1, 1, 1, '2019-08-24', '2019-08-24 03:22:14', '0000-00-00 00:00:00'),
(25, 54, 5, 1, 1, '2019-08-24', '2019-08-24 04:50:21', '0000-00-00 00:00:00');

-- --------------------------------------------------------

--
-- Table structure for table `imunisasi`
--

CREATE TABLE `imunisasi` (
  `id` int(11) NOT NULL,
  `nama` varchar(255) NOT NULL,
  `usia` int(11) NOT NULL,
  `created_at` timestamp NOT NULL DEFAULT CURRENT_TIMESTAMP,
  `updated_at` timestamp NOT NULL DEFAULT CURRENT_TIMESTAMP ON UPDATE CURRENT_TIMESTAMP
) ENGINE=InnoDB DEFAULT CHARSET=latin1;

--
-- Dumping data for table `imunisasi`
--

INSERT INTO `imunisasi` (`id`, `nama`, `usia`, `created_at`, `updated_at`) VALUES
(1, 'HBO', 0, '2018-04-17 16:42:23', '2018-04-17 16:42:23'),
(2, 'Polio 0', 0, '2018-04-17 16:42:23', '2018-04-17 16:42:23'),
(3, 'BCG', 1, '2018-04-17 16:42:38', '2018-05-16 06:03:01'),
(4, 'Polio 1', 1, '2018-04-17 16:42:38', '2018-05-16 06:02:50'),
(5, 'DPT/HB1', 2, '2018-04-17 16:42:51', '2018-05-16 06:02:50'),
(6, 'Polio 2', 2, '2018-04-17 16:42:51', '2018-05-16 06:02:50'),
(7, 'DPT/HB2', 3, '2018-04-17 16:43:06', '2018-05-16 06:02:50'),
(8, 'Polio 3', 3, '2018-04-17 16:43:06', '2018-05-16 06:02:50'),
(9, 'DPT/HB3', 4, '2018-04-17 16:43:18', '2018-05-16 06:02:50'),
(10, 'Polio 4', 4, '2018-04-17 16:43:18', '2018-05-16 06:02:50'),
(11, 'Campak', 5, '2018-04-17 16:43:26', '2018-05-16 06:02:50');

-- --------------------------------------------------------

--
-- Table structure for table `jadwal`
--

CREATE TABLE `jadwal` (
  `id` int(11) NOT NULL,
  `tempat` varchar(200) COLLATE utf8_unicode_ci NOT NULL,
  `tanggal` date NOT NULL,
  `waktu` time NOT NULL,
  `posyandu_id` int(11) NOT NULL,
  `creator_id` int(11) NOT NULL,
  `created_at` timestamp NOT NULL DEFAULT CURRENT_TIMESTAMP,
  `updated_at` timestamp NOT NULL DEFAULT CURRENT_TIMESTAMP ON UPDATE CURRENT_TIMESTAMP
) ENGINE=InnoDB DEFAULT CHARSET=utf8 COLLATE=utf8_unicode_ci;

--
-- Dumping data for table `jadwal`
--

INSERT INTO `jadwal` (`id`, `tempat`, `tanggal`, `waktu`, `posyandu_id`, `creator_id`, `created_at`, `updated_at`) VALUES
(10, 'Gedung Serbaguna Kinagara Regency', '2020-01-18', '08:00:00', 1, 13, '2018-08-15 09:19:21', '2020-01-17 23:40:50'),
(11, 'Aula', '2018-08-01', '02:01:00', 2, 1, '2018-08-15 02:23:31', '2018-08-15 02:23:31');

-- --------------------------------------------------------

--
-- Table structure for table `kelurahan`
--

CREATE TABLE `kelurahan` (
  `id` int(11) NOT NULL,
  `nama` varchar(255) COLLATE utf8_unicode_ci NOT NULL,
  `created_at` timestamp NOT NULL DEFAULT CURRENT_TIMESTAMP,
  `updated_at` timestamp NOT NULL DEFAULT CURRENT_TIMESTAMP ON UPDATE CURRENT_TIMESTAMP
) ENGINE=InnoDB DEFAULT CHARSET=utf8 COLLATE=utf8_unicode_ci;

--
-- Dumping data for table `kelurahan`
--

INSERT INTO `kelurahan` (`id`, `nama`, `created_at`, `updated_at`) VALUES
(1, 'Buahbatu', '2018-08-19 22:25:06', '2018-08-19 22:25:06'),
(2, 'Lengkong', '2018-08-19 22:25:06', '2018-08-19 22:25:06');

-- --------------------------------------------------------

--
-- Table structure for table `logs`
--

CREATE TABLE `logs` (
  `id` int(11) NOT NULL,
  `responsible_id` int(11) NOT NULL,
  `event` varchar(255) COLLATE utf8_unicode_ci NOT NULL,
  `created_at` datetime NOT NULL,
  `updated_at` datetime NOT NULL DEFAULT CURRENT_TIMESTAMP ON UPDATE CURRENT_TIMESTAMP
) ENGINE=InnoDB DEFAULT CHARSET=utf8 COLLATE=utf8_unicode_ci;

-- --------------------------------------------------------

--
-- Table structure for table `posyandu`
--

CREATE TABLE `posyandu` (
  `id` int(11) NOT NULL,
  `code` varchar(255) NOT NULL,
  `nama` varchar(255) NOT NULL,
  `rw` varchar(5) NOT NULL,
  `kelurahan_id` int(11) NOT NULL,
  `creator_id` int(11) NOT NULL,
  `created_at` timestamp NOT NULL DEFAULT CURRENT_TIMESTAMP,
  `updated_at` timestamp NOT NULL DEFAULT CURRENT_TIMESTAMP ON UPDATE CURRENT_TIMESTAMP
) ENGINE=InnoDB DEFAULT CHARSET=latin1;

--
-- Dumping data for table `posyandu`
--

INSERT INTO `posyandu` (`id`, `code`, `nama`, `rw`, `kelurahan_id`, `creator_id`, `created_at`, `updated_at`) VALUES
(1, 'P00001', 'Mekar Arum 18', '2', 2, 1, '2018-04-17 14:30:52', '2018-08-19 22:26:33'),
(3, 'P00003', 'sf', 'dsf', 1, 0, '2020-05-29 13:23:10', '0000-00-00 00:00:00'),
(4, 'P00004', 'sd', 'fsdf', 1, 0, '2020-05-29 13:24:08', '0000-00-00 00:00:00'),
(5, 'P00005', 'asd', 'asd', 1, 0, '2020-05-29 13:25:25', '0000-00-00 00:00:00'),
(6, 'P00006', 'asd', 'asd', 1, 0, '2020-05-29 13:55:06', '0000-00-00 00:00:00'),
(7, 'P00007', 'mbma', 'bsabk', 1, 0, '2020-05-29 14:52:44', '0000-00-00 00:00:00'),
(8, 'P00008', 'mbma', 'bsabk', 1, 0, '2020-05-29 14:52:47', '0000-00-00 00:00:00'),
(9, 'P00009', 'mbma', 'bsabk', 1, 0, '2020-05-29 14:52:49', '0000-00-00 00:00:00'),
(10, 'P00010', 'mbma', 'bsabk', 1, 0, '2020-05-29 14:52:51', '0000-00-00 00:00:00'),
(11, 'P00011', 'bmn', 'mnm', 1, 0, '2020-05-29 14:59:18', '0000-00-00 00:00:00'),
(13, 'P00012', 'hfhv', 'mnbmb', 1, 0, '2020-05-30 06:50:46', '0000-00-00 00:00:00'),
(14, 'P00013', 'bjhbdjhabjbfja', 'jsbj', 1, 0, '2020-05-30 08:57:46', '0000-00-00 00:00:00');

-- --------------------------------------------------------

--
-- Table structure for table `role`
--

CREATE TABLE `role` (
  `id` int(11) NOT NULL,
  `nama` varchar(255) NOT NULL,
  `created_at` timestamp NOT NULL DEFAULT CURRENT_TIMESTAMP,
  `updated_at` timestamp NOT NULL DEFAULT CURRENT_TIMESTAMP ON UPDATE CURRENT_TIMESTAMP
) ENGINE=InnoDB DEFAULT CHARSET=latin1;

--
-- Dumping data for table `role`
--

INSERT INTO `role` (`id`, `nama`, `created_at`, `updated_at`) VALUES
(1, 'Admin', '2018-04-17 15:21:34', '2018-04-17 15:21:34'),
(2, 'Ketua', '2018-04-17 15:21:48', '2018-04-17 15:21:48'),
(3, 'Anggota', '2018-04-17 15:21:48', '2018-04-17 15:21:48'),
(4, 'Ibu Balita', '2018-04-17 15:21:58', '2018-04-17 15:21:58');

-- --------------------------------------------------------

--
-- Table structure for table `users`
--

CREATE TABLE `users` (
  `id` int(11) NOT NULL,
  `role_id` int(11) NOT NULL,
  `posyandu_id` int(11) NOT NULL,
  `email` varchar(255) NOT NULL,
  `password` varchar(255) NOT NULL,
  `nama` varchar(255) NOT NULL,
  `telepon` varchar(255) NOT NULL,
  `photo` varchar(255) NOT NULL,
  `alamat` varchar(255) NOT NULL,
  `token` varchar(255) NOT NULL,
  `firebase_token` varchar(255) NOT NULL,
  `active` int(11) NOT NULL DEFAULT '1',
  `creator_id` int(11) NOT NULL,
  `created_at` timestamp NOT NULL DEFAULT CURRENT_TIMESTAMP,
  `updated_at` timestamp NOT NULL DEFAULT CURRENT_TIMESTAMP ON UPDATE CURRENT_TIMESTAMP,
  `verified` tinyint(1) NOT NULL,
  `verification_code` varchar(32) NOT NULL
) ENGINE=InnoDB DEFAULT CHARSET=latin1;

--
-- Dumping data for table `users`
--

INSERT INTO `users` (`id`, `role_id`, `posyandu_id`, `email`, `password`, `nama`, `telepon`, `photo`, `alamat`, `token`, `firebase_token`, `active`, `creator_id`, `created_at`, `updated_at`, `verified`, `verification_code`) VALUES
(1, 3, 1, 'super.admin@gmail.com', '$2y$12$NjyKqNxmBeMY/SV5eC1GYu8Jx4qv.egBIzqNd9ywPeML2xNBMv6F.', 'Super Admin', '081314733511', 'img/default_avatar.png', 'Permata Buah batu blok E 11', '', '', 1, 0, '2017-12-15 21:27:47', '2019-08-24 02:27:31', 1, 'c4ca4238a0b923820dcc509a6f75849b'),
(3, 3, 1, 'liesangrum@gmail.com', '$2y$12$NjyKqNxmBeMY/SV5eC1GYu8Jx4qv.egBIzqNd9ywPeML2xNBMv6F.', 'Lies Angrum', '082116660941', 'img/default_avatar.png', ' -', '', '', 1, 0, '2017-12-15 21:27:47', '2019-08-24 01:36:11', 1, 'eccbc87e4b5ce2fe28308fd9f2a7baf3'),
(4, 3, 1, 'Cucu.suryani@gmail.com', '$2y$12$NjyKqNxmBeMY/SV5eC1GYu8Jx4qv.egBIzqNd9ywPeML2xNBMv6F.', 'cucu suryani', '085720041809', 'img/default_avatar.png', ' -', '', '', 1, 0, '2017-12-15 21:38:23', '2019-10-07 07:40:10', 1, 'a87ff679a2f3e71d9181a67b7542122c'),
(5, 3, 1, 'yanto.ops@gmail.com', '$2y$12$NjyKqNxmBeMY/SV5eC1GYu8Jx4qv.egBIzqNd9ywPeML2xNBMv6F.', 'Sulistianingsih', '087780308383', 'img/default_avatar.png', 'kinagara I -25', '', '', 1, 0, '2017-12-15 21:39:11', '2019-09-16 14:36:50', 1, 'e4da3b7fbbce2345d7772b0674a318d5'),
(6, 3, 1, 'iriantyv@gmail.com', '$2y$12$NjyKqNxmBeMY/SV5eC1GYu8Jx4qv.egBIzqNd9ywPeML2xNBMv6F.', 'Vera Irianti', '0895331465675', 'img/iriantyv@gmail.com/MTXX_20191002091429.jpg', ' -', '', '', 1, 0, '2017-12-15 21:40:45', '2019-10-12 22:47:40', 1, '1679091c5a880faf6fb5e6087eb1b2dc'),
(7, 3, 1, 'risti.silvianti@gmail.com', '$2y$12$NjyKqNxmBeMY/SV5eC1GYu8Jx4qv.egBIzqNd9ywPeML2xNBMv6F.', 'Risti silvianti', '082120494555', 'img/default_avatar.png', 'Kinagara regency', '', '', 1, 0, '2017-12-15 21:40:58', '2017-12-15 21:40:58', 1, '8f14e45fceea167a5a36dedd4bea2543'),
(8, 3, 1, 'fa14fa25@gmail.com', '$2y$12$NjyKqNxmBeMY/SV5eC1GYu8Jx4qv.egBIzqNd9ywPeML2xNBMv6F.', 'wulan sari', '08812094742', 'img/fa14fa25@gmail.com/IMG_20190119_164130.jpg', ' kinagara regency  c-6', '', '', 1, 0, '2017-12-15 21:42:32', '2019-08-24 04:36:06', 1, 'c9f0f895fb98ab9159f51fd0297e236d'),
(9, 3, 1, 'endahsundhari@gmail.com', '$2y$12$NjyKqNxmBeMY/SV5eC1GYu8Jx4qv.egBIzqNd9ywPeML2xNBMv6F.', 'endah sundhari', '082129293981', 'img/default_avatar.png', 'kinagara Regency  H-24', '', '', 1, 0, '2017-12-15 21:44:07', '2019-10-22 03:28:13', 1, '45c48cce2e2d7fbdea1afc51c7c6ad26'),
(10, 3, 1, 'Aneeydiana@gmail.com', '$2y$12$NjyKqNxmBeMY/SV5eC1GYu8Jx4qv.egBIzqNd9ywPeML2xNBMv6F.', 'Ani diana', '081380801993', 'img/default_avatar.png', ' -', '', '', 0, 0, '2017-12-15 21:45:23', '2019-08-24 04:33:38', 1, 'd3d9446802a44259755d38e6d163e820'),
(11, 3, 1, 'ibuiistati21@gmail.com', '$2y$12$NjyKqNxmBeMY/SV5eC1GYu8Jx4qv.egBIzqNd9ywPeML2xNBMv6F.', 'Iis Tati', '081395240510', 'img/ibuiistati21@gmail.com/IMG_20190129_175153.jpg', 'Kinagara Regency L-2', '', '', 1, 0, '2017-12-15 21:46:02', '2019-08-24 05:05:06', 1, '6512bd43d9caa6e02c990b0a82652dca'),
(13, 2, 1, 'edehrobiahadawiah@gmail.com', '$2y$12$NjyKqNxmBeMY/SV5eC1GYu8Jx4qv.egBIzqNd9ywPeML2xNBMv6F.', 'Edeh Robiah Adawiyah', '081322066205', 'img/default_avatar.png', ' -', '', '', 1, 0, '2018-02-11 00:06:09', '2019-08-23 23:16:06', 1, 'c51ce410c124a10e0db5e4b97fc2af39'),
(14, 3, 1, 'ummi@gmail.com', '$2y$12$NjyKqNxmBeMY/SV5eC1GYu8Jx4qv.egBIzqNd9ywPeML2xNBMv6F.', 'Nurhayati', '085283931971', 'img/default_avatar.png', ' -', '', '', 0, 0, '2018-02-23 21:38:25', '2019-08-24 04:35:18', 1, 'aab3238922bcc25a6f606eb525ffdc56'),
(15, 4, 1, 'Lia@gmail.com', '$2y$12$NjyKqNxmBeMY/SV5eC1GYu8Jx4qv.egBIzqNd9ywPeML2xNBMv6F.', 'Lia', '00', 'img/default_avatar.png', 'kinagara Regency T6', '', '', 1, 0, '2017-12-15 21:45:29', '2019-08-23 18:14:12', 1, '9bf31c7ff062936a96d3c8bd1f8f2ff3'),
(16, 4, 1, 'RiskyTami@gmail.com', '$2y$12$NjyKqNxmBeMY/SV5eC1GYu8Jx4qv.egBIzqNd9ywPeML2xNBMv6F.', 'Risky Tami', '085720100039', 'img/default_avatar.png', 'Kinagara regency T8', '', '', 1, 0, '2017-12-15 21:48:42', '2019-08-23 18:14:12', 1, 'c74d97b01eae257e44aa9d5bade97baf'),
(17, 4, 1, 'Normalina@gmail.com', '$2y$12$NjyKqNxmBeMY/SV5eC1GYu8Jx4qv.egBIzqNd9ywPeML2xNBMv6F.', 'Normalina', '0000', 'img/default_avatar.png', 'Kunagara L11', '', '', 0, 0, '2017-12-15 21:51:23', '2019-09-21 01:21:31', 1, '70efdf2ec9b086079795c442636b55fb'),
(18, 4, 1, 'Fitri@gmail.com', '$2y$12$NjyKqNxmBeMY/SV5eC1GYu8Jx4qv.egBIzqNd9ywPeML2xNBMv6F.', 'Fitri', '0', 'img/default_avatar.png', 'Kinagara regency N12', '', '', 1, 0, '2017-12-15 21:53:44', '2019-08-23 18:14:12', 1, '6f4922f45568161a8cdf4ad2299f6d23'),
(19, 4, 1, 'Yani@gmail.com', '$2y$12$NjyKqNxmBeMY/SV5eC1GYu8Jx4qv.egBIzqNd9ywPeML2xNBMv6F.', 'Yani', '00', 'img/default_avatar.png', 'Kinagara Regency G61', '', '', 1, 0, '2018-02-11 00:33:30', '2019-08-23 18:14:13', 1, '1f0e3dad99908345f7439f8ffabdffc4'),
(20, 4, 1, 'PuspaIndah@gmail.com', '$2y$12$NjyKqNxmBeMY/SV5eC1GYu8Jx4qv.egBIzqNd9ywPeML2xNBMv6F.', 'Puspa Indah', '00', 'img/default_avatar.png', 'Kinagara Regency N20', '', '', 1, 0, '2018-02-11 00:41:32', '2019-08-23 18:14:13', 1, '98f13708210194c475687be6106a3b84'),
(21, 4, 1, 'F3tiek_fm46@yahoo.co.id', '$2y$12$NjyKqNxmBeMY/SV5eC1GYu8Jx4qv.egBIzqNd9ywPeML2xNBMv6F.', 'Fetik Mawaria', '081298006646', 'img/default_avatar.png', 'Kinagarq H-6', '', '', 0, 0, '2018-02-11 00:43:44', '2019-09-21 03:51:02', 1, '3c59dc048e8850243be8079a5c74d079'),
(22, 4, 1, 'sofianisiti@gmail.com', '$2y$12$NjyKqNxmBeMY/SV5eC1GYu8Jx4qv.egBIzqNd9ywPeML2xNBMv6F.', 'Mariam', '085222770881', 'img/default_avatar.png', 'kinagara N-04', '', '', 0, 0, '2018-02-11 00:45:15', '2019-09-21 03:09:54', 1, 'b6d767d2f8ed5d21a44b0e5886680cb9'),
(23, 4, 1, 'GinaP@gmail.com', '$2y$12$NjyKqNxmBeMY/SV5eC1GYu8Jx4qv.egBIzqNd9ywPeML2xNBMv6F.', 'Gina P', '00', 'img/default_avatar.png', 'Kinagara Regency O3', '', '', 1, 0, '2018-02-11 00:47:00', '2019-08-23 18:14:14', 1, '37693cfc748049e45d87b8c7d8b9aacd'),
(24, 4, 1, 'Dina@gmail.com', '$2y$12$NjyKqNxmBeMY/SV5eC1GYu8Jx4qv.egBIzqNd9ywPeML2xNBMv6F.', 'Dina', '081219254998', 'img/default_avatar.png', 'Kinagara Regency M19', '', '', 1, 0, '2018-02-11 00:48:56', '2019-08-23 18:14:14', 1, '1ff1de774005f8da13f42943881c655f'),
(25, 4, 1, 'MaulidinaMutiatillah@gmail.com', '$2y$12$NjyKqNxmBeMY/SV5eC1GYu8Jx4qv.egBIzqNd9ywPeML2xNBMv6F.', 'Maulidina Mutiatillah', '00', 'img/default_avatar.png', 'Kinagara Regency M7', '', '', 1, 0, '2018-02-11 00:50:48', '2019-08-23 18:14:14', 1, '8e296a067a37563370ded05f5a3bf3ec'),
(26, 4, 1, 'Nana@gmail.com', '$2y$12$NjyKqNxmBeMY/SV5eC1GYu8Jx4qv.egBIzqNd9ywPeML2xNBMv6F.', 'Nana', '00', 'img/default_avatar.png', 'Kinagara Regency I3', '', '', 1, 0, '2018-02-11 00:52:10', '2019-08-23 18:14:14', 1, '4e732ced3463d06de0ca9a15b6153677'),
(27, 4, 1, 'Nori@gmail.com', '$2y$12$NjyKqNxmBeMY/SV5eC1GYu8Jx4qv.egBIzqNd9ywPeML2xNBMv6F.', 'Nori', '00', 'img/default_avatar.png', 'Kinagara Regency O19', '', '', 1, 0, '2018-02-11 00:53:55', '2019-08-23 18:14:14', 1, '02e74f10e0327ad868d138f2b4fdd6f0'),
(28, 4, 1, 'ClaraNapitupulu@gmail.com', '$2y$12$NjyKqNxmBeMY/SV5eC1GYu8Jx4qv.egBIzqNd9ywPeML2xNBMv6F.', 'Clara Napitupulu', '00', 'img/default_avatar.png', 'Kinagara Regency N22', '', '', 1, 0, '2018-02-11 00:55:48', '2019-08-23 18:14:15', 1, '33e75ff09dd601bbe69f351039152189'),
(29, 4, 1, 'SriHarnani@gmail.com', '$2y$12$NjyKqNxmBeMY/SV5eC1GYu8Jx4qv.egBIzqNd9ywPeML2xNBMv6F.', 'Sri Harnani', '00', 'img/default_avatar.png', 'Kinagara Regency S1', '', '', 1, 0, '2018-02-11 00:59:31', '2019-08-23 18:14:15', 1, '6ea9ab1baa0efb9e19094440c317e21b'),
(30, 4, 1, 'Dewi@gmail.com', '$2y$12$NjyKqNxmBeMY/SV5eC1GYu8Jx4qv.egBIzqNd9ywPeML2xNBMv6F.', 'Dewi', '00', 'img/default_avatar.png', 'Kinagara Regency I27', '', '', 1, 0, '2018-02-11 01:11:01', '2019-08-23 18:14:15', 1, '34173cb38f07f89ddbebc2ac9128303f'),
(31, 4, 1, 'JiliArmi@gmail.com', '$2y$12$NjyKqNxmBeMY/SV5eC1GYu8Jx4qv.egBIzqNd9ywPeML2xNBMv6F.', 'Jili Armi', '00', 'img/default_avatar.png', 'Kinagara Regency K34', '', '', 1, 0, '2018-02-11 01:12:18', '2019-08-23 18:14:15', 1, 'c16a5320fa475530d9583c34fd356ef5'),
(32, 4, 1, 'Veranica@gmail.com', '$2y$12$NjyKqNxmBeMY/SV5eC1GYu8Jx4qv.egBIzqNd9ywPeML2xNBMv6F.', 'Veranica', '00', 'img/default_avatar.png', 'Kinagara Regency D14', '', '', 1, 0, '2018-02-11 01:14:01', '2019-08-23 18:14:15', 1, '6364d3f0f495b6ab9dcf8d3b5c6e0b01'),
(34, 4, 1, 'Mega@gmail.com', '$2y$12$NjyKqNxmBeMY/SV5eC1GYu8Jx4qv.egBIzqNd9ywPeML2xNBMv6F.', 'Mega', '00', 'img/default_avatar.png', 'Kinagara Regency I41', '', '', 1, 0, '2018-02-11 01:16:26', '2019-08-23 18:14:16', 1, 'e369853df766fa44e1ed0ff613f563bd'),
(35, 4, 1, 'Iyan@gmail.com', '$2y$12$NjyKqNxmBeMY/SV5eC1GYu8Jx4qv.egBIzqNd9ywPeML2xNBMv6F.', 'Iyan', '00', 'img/default_avatar.png', 'Kinagara Regency K40', '', '', 1, 0, '2018-02-11 01:18:19', '2019-08-23 18:14:16', 1, '1c383cd30b7c298ab50293adfecb7b18'),
(36, 4, 1, 'MiasariHandayani@gmail.com', '$2y$12$NjyKqNxmBeMY/SV5eC1GYu8Jx4qv.egBIzqNd9ywPeML2xNBMv6F.', 'Miasari Handayani', '081802435643', 'img/default_avatar.png', 'Kinagara Regency RAYA3', '', '', 1, 0, '2018-02-11 01:20:49', '2019-08-23 18:14:16', 1, '19ca14e7ea6328a42e0eb13d585e4c22'),
(37, 4, 1, 'Lea@gmail.com', '$2y$12$NjyKqNxmBeMY/SV5eC1GYu8Jx4qv.egBIzqNd9ywPeML2xNBMv6F.', 'Lea', '00', 'img/default_avatar.png', 'Kinagara Regency N13', '', '', 1, 0, '2018-02-11 01:22:17', '2019-08-23 18:14:16', 1, 'a5bfc9e07964f8dddeb95fc584cd965d'),
(38, 4, 1, 'Irsya@gmail.com', '$2y$12$NjyKqNxmBeMY/SV5eC1GYu8Jx4qv.egBIzqNd9ywPeML2xNBMv6F.', 'Irsya', '00', 'img/default_avatar.png', 'Kinagara Regency D110', '', '', 1, 0, '2018-02-11 01:24:01', '2019-08-23 18:14:17', 1, 'a5771bce93e200c36f7cd9dfd0e5deaa'),
(41, 4, 1, 'Rahmadita@gmail.com', '$2y$12$NjyKqNxmBeMY/SV5eC1GYu8Jx4qv.egBIzqNd9ywPeML2xNBMv6F.', 'Rahmadita', '00', 'img/default_avatar.png', 'Kinagara Regency N19', '', '', 1, 0, '2018-02-11 01:29:53', '2019-08-23 18:14:17', 1, '3416a75f4cea9109507cacd8e2f2aefc'),
(42, 4, 1, 'Linda@gmail.com', '$2y$12$NjyKqNxmBeMY/SV5eC1GYu8Jx4qv.egBIzqNd9ywPeML2xNBMv6F.', 'Linda', '00', 'img/default_avatar.png', 'Kinagara Regency N4', '', '', 1, 0, '2018-02-11 01:31:14', '2019-08-23 18:14:17', 1, 'a1d0c6e83f027327d8461063f4ac58a6'),
(43, 4, 1, 'IkaArum@gmail.com', '$2y$12$NjyKqNxmBeMY/SV5eC1GYu8Jx4qv.egBIzqNd9ywPeML2xNBMv6F.', 'Ika Arum', '00', 'img/default_avatar.png', 'Kinagara Regency G21', '', '', 1, 0, '2018-02-11 01:32:36', '2019-08-23 18:14:17', 1, '17e62166fc8586dfa4d1bc0e1742c08b'),
(45, 4, 1, 'Andina@gmail.com', '$2y$12$NjyKqNxmBeMY/SV5eC1GYu8Jx4qv.egBIzqNd9ywPeML2xNBMv6F.', 'Andina', '00', 'img/default_avatar.png', 'Kinagara Regency N6', '', '', 1, 0, '2018-02-11 01:35:37', '2019-08-23 18:14:17', 1, '6c8349cc7260ae62e3b1396831a8398f'),
(46, 4, 1, 'Devi@gmail.com', '$2y$12$NjyKqNxmBeMY/SV5eC1GYu8Jx4qv.egBIzqNd9ywPeML2xNBMv6F.', 'Devi', '00', 'img/default_avatar.png', 'Kinagara Regency K48', '', '', 1, 0, '2018-02-11 01:36:42', '2019-08-23 18:14:18', 1, 'd9d4f495e875a2e075a1a4a6e1b9770f'),
(47, 4, 1, 'Tita@gmail.com', '$2y$12$NjyKqNxmBeMY/SV5eC1GYu8Jx4qv.egBIzqNd9ywPeML2xNBMv6F.', 'Tita', '00', 'img/default_avatar.png', 'Kinagara Regency G12', '', '', 1, 0, '2018-02-11 01:37:55', '2019-08-23 18:14:18', 1, '67c6a1e7ce56d3d6fa748ab6d9af3fd7'),
(48, 4, 1, 'Belia@gmail.com', '$2y$12$NjyKqNxmBeMY/SV5eC1GYu8Jx4qv.egBIzqNd9ywPeML2xNBMv6F.', 'Belia', '00', 'img/default_avatar.png', 'Kinagara Regency K22', '', '', 1, 0, '2018-02-11 01:39:17', '2019-08-23 18:14:18', 1, '642e92efb79421734881b53e1e1b18b6'),
(49, 4, 1, 'linna@gmail.com', '$2y$12$NjyKqNxmBeMY/SV5eC1GYu8Jx4qv.egBIzqNd9ywPeML2xNBMv6F.', 'linna', '00', 'img/default_avatar.png', 'Kinagara Regengy H4', '', '', 1, 0, '2018-02-11 01:41:40', '2019-08-23 18:14:18', 1, 'f457c545a9ded88f18ecee47145a72c0'),
(51, 4, 1, 'RiekePrimasanti@gmail.com', '$2y$12$NjyKqNxmBeMY/SV5eC1GYu8Jx4qv.egBIzqNd9ywPeML2xNBMv6F.', 'Rieke Primasanti', '00', 'img/default_avatar.png', 'Kinagara Regency R18', '', '', 1, 0, '2018-02-11 01:45:52', '2019-08-23 18:14:18', 1, '2838023a778dfaecdc212708f721b788'),
(52, 4, 1, 'Riesty@gmail.com', '$2y$12$NjyKqNxmBeMY/SV5eC1GYu8Jx4qv.egBIzqNd9ywPeML2xNBMv6F.', 'Riesty', '082120494555', 'img/default_avatar.png', 'Kinagara Regency I24', '', '', 1, 0, '2018-02-11 01:49:55', '2019-08-23 18:14:18', 1, '9a1158154dfa42caddbd0694a4e9bdc8'),
(53, 4, 1, 'virarania@gmail.com', '$2y$12$NjyKqNxmBeMY/SV5eC1GYu8Jx4qv.egBIzqNd9ywPeML2xNBMv6F.', 'Noffi Lestari', '081321474074', 'img/default_avatar.png', 'Kinagara Regency N-2', '', '', 1, 0, '2018-02-11 01:51:05', '2019-12-13 11:09:21', 1, 'd82c8d1619ad8176d665453cfb2e55f0'),
(54, 4, 1, 'Suci@gmail.com', '$2y$12$NjyKqNxmBeMY/SV5eC1GYu8Jx4qv.egBIzqNd9ywPeML2xNBMv6F.', 'Suci', '00', 'img/default_avatar.png', 'Kinagara Regency D11', '', '', 1, 0, '2018-02-11 01:52:24', '2019-08-23 18:14:19', 1, 'a684eceee76fc522773286a895bc8436'),
(55, 4, 1, 'Ayu@gmail.com', '$2y$12$NjyKqNxmBeMY/SV5eC1GYu8Jx4qv.egBIzqNd9ywPeML2xNBMv6F.', 'Ayu', '081380434288', 'img/default_avatar.png', 'Kinagara Regency A5', '', '', 1, 0, '2018-02-11 01:53:47', '2019-08-23 18:14:19', 1, 'b53b3a3d6ab90ce0268229151c9bde11'),
(56, 4, 1, 'Dilla@gmail.com', '$2y$12$NjyKqNxmBeMY/SV5eC1GYu8Jx4qv.egBIzqNd9ywPeML2xNBMv6F.', 'Dilla', '081572480008', 'img/default_avatar.png', 'Kinagara Regency B5', '', '', 1, 0, '2018-02-11 01:55:16', '2019-08-23 18:14:19', 1, '9f61408e3afb633e50cdf1b20de6f466'),
(57, 4, 1, 'Widi@gmail.com', '$2y$12$NjyKqNxmBeMY/SV5eC1GYu8Jx4qv.egBIzqNd9ywPeML2xNBMv6F.', 'Widi', '08112336624', 'img/default_avatar.png', 'Kinagara Regency Q1', '', '', 1, 0, '2018-02-11 01:56:44', '2019-08-23 18:14:19', 1, '72b32a1f754ba1c09b3695e0cb6cde7f'),
(58, 4, 1, 'Reni@gmail.com', '$2y$12$NjyKqNxmBeMY/SV5eC1GYu8Jx4qv.egBIzqNd9ywPeML2xNBMv6F.', 'Reni', '00', 'img/default_avatar.png', 'Kinagara Regency B124', '', '', 1, 0, '2018-02-11 02:00:10', '2019-08-23 18:14:20', 1, '66f041e16a60928b05a7e228a89c3799'),
(61, 4, 1, 'KartikaSari@gmail.com', '$2y$12$NjyKqNxmBeMY/SV5eC1GYu8Jx4qv.egBIzqNd9ywPeML2xNBMv6F.', 'Kartika Sari', '00', 'img/default_avatar.png', 'Kinagara Regency K7', '', '', 1, 0, '2018-02-11 02:09:35', '2019-08-23 18:14:20', 1, '7f39f8317fbdb1988ef4c628eba02591'),
(62, 4, 1, 'Anastasia@gmail.com', '$2y$12$NjyKqNxmBeMY/SV5eC1GYu8Jx4qv.egBIzqNd9ywPeML2xNBMv6F.', 'Anastasia', '00', 'img/default_avatar.png', 'KINAGARA REGENCY G37', '', '', 1, 0, '2018-02-11 02:13:35', '2019-08-23 18:14:20', 1, '44f683a84163b3523afe57c2e008bc8c'),
(63, 4, 1, 'Wulan@gmail.com', '$2y$12$NjyKqNxmBeMY/SV5eC1GYu8Jx4qv.egBIzqNd9ywPeML2xNBMv6F.', 'Wulan', '00', 'img/default_avatar.png', 'Kinagara Regency L24', '', '', 1, 0, '2018-02-11 02:15:52', '2019-08-23 18:14:21', 1, '03afdbd66e7929b125f8597834fa83a4'),
(64, 4, 1, 'Mariwalufi@gmail.com', '$2y$12$NjyKqNxmBeMY/SV5eC1GYu8Jx4qv.egBIzqNd9ywPeML2xNBMv6F.', 'Mariwalufi', '00', 'img/default_avatar.png', 'Kinagara Regency I34', '', '', 1, 0, '2018-02-11 02:17:58', '2019-08-23 18:14:21', 1, 'ea5d2f1c4608232e07d3aa3d998e5135'),
(65, 4, 1, 'Shinta@gmail.com', '$2y$12$NjyKqNxmBeMY/SV5eC1GYu8Jx4qv.egBIzqNd9ywPeML2xNBMv6F.', 'Shinta', '00', 'img/default_avatar.png', 'Kinagara Regency O9', '', '', 1, 0, '2018-02-11 02:19:32', '2019-08-23 18:14:21', 1, 'fc490ca45c00b1249bbe3554a4fdf6fb'),
(66, 4, 1, 'Novina@gmail.com', '$2y$12$NjyKqNxmBeMY/SV5eC1GYu8Jx4qv.egBIzqNd9ywPeML2xNBMv6F.', 'Novina', '00', 'img/default_avatar.png', 'Kinagara Regency I36', '', '', 1, 0, '2018-02-11 02:21:01', '2019-08-23 18:14:21', 1, '3295c76acbf4caaed33c36b1b5fc2cb1'),
(68, 4, 1, 'Adistya@gmail.com', '$2y$12$NjyKqNxmBeMY/SV5eC1GYu8Jx4qv.egBIzqNd9ywPeML2xNBMv6F.', 'Adistya', '00', 'img/default_avatar.png', 'Kinagara Regency G63', '', '', 1, 0, '2018-02-11 02:23:53', '2019-08-23 18:14:21', 1, 'a3f390d88e4c41f2747bfa2f1b5f87db'),
(69, 4, 1, 'Kiki@gmail.com', '$2y$12$NjyKqNxmBeMY/SV5eC1GYu8Jx4qv.egBIzqNd9ywPeML2xNBMv6F.', 'Kiki', '00', 'img/default_avatar.png', 'Kinagara Regency RAYA5', '', '', 1, 0, '2018-02-11 02:25:10', '2019-08-23 18:14:22', 1, '14bfa6bb14875e45bba028a21ed38046'),
(70, 4, 1, 'EkaPrasetyawatiLubis@gmail.com', '$2y$12$NjyKqNxmBeMY/SV5eC1GYu8Jx4qv.egBIzqNd9ywPeML2xNBMv6F.', 'Eka Prasetyawati Lubis', '00', 'img/default_avatar.png', 'Kinagara Regency I59', '', '', 1, 0, '2018-02-11 02:27:10', '2019-08-23 18:14:22', 1, '7cbbc409ec990f19c78c75bd1e06f215'),
(71, 4, 1, 'NaretaR@gmail.com', '$2y$12$NjyKqNxmBeMY/SV5eC1GYu8Jx4qv.egBIzqNd9ywPeML2xNBMv6F.', 'Nareta R', '00', 'img/default_avatar.png', 'Kinagara Regency H15', '', '', 1, 0, '2018-02-11 02:28:35', '2019-08-23 18:14:22', 1, 'e2c420d928d4bf8ce0ff2ec19b371514'),
(72, 4, 1, 'Elfrida@gmail.com', '$2y$12$NjyKqNxmBeMY/SV5eC1GYu8Jx4qv.egBIzqNd9ywPeML2xNBMv6F.', 'Elfrida', '00', 'img/default_avatar.png', 'Kinagara Regency L6', '', '', 1, 0, '2018-02-11 02:30:21', '2019-08-23 18:14:22', 1, '32bb90e8976aab5298d5da10fe66f21d'),
(73, 4, 1, 'Rani@gmail.com', '$2y$12$NjyKqNxmBeMY/SV5eC1GYu8Jx4qv.egBIzqNd9ywPeML2xNBMv6F.', 'Rani', '081321811756', 'img/default_avatar.png', 'kinagara B1-8', '', '', 0, 0, '2018-02-11 02:31:49', '2019-09-21 03:51:55', 1, 'd2ddea18f00665ce8623e36bd4e3c7c5'),
(75, 4, 1, 'EkaMaulidia@gmail.com', '$2y$12$NjyKqNxmBeMY/SV5eC1GYu8Jx4qv.egBIzqNd9ywPeML2xNBMv6F.', 'Eka Maulidia', '00', 'img/default_avatar.png', 'Kinagara Regency L13', '', '', 1, 0, '2018-02-11 02:34:53', '2019-08-23 18:14:23', 1, 'd09bf41544a3365a46c9077ebb5e35c3'),
(76, 4, 1, 'Oktalia@gmail.com', '$2y$12$NjyKqNxmBeMY/SV5eC1GYu8Jx4qv.egBIzqNd9ywPeML2xNBMv6F.', 'Oktalia', '081804512473', 'img/default_avatar.png', 'Kinagara Regency ROW 95', '', '', 1, 0, '2018-02-11 02:36:54', '2019-08-23 18:14:23', 1, 'fbd7939d674997cdb4692d34de8633c4'),
(77, 4, 1, 'Septi@gmail.com', '$2y$12$NjyKqNxmBeMY/SV5eC1GYu8Jx4qv.egBIzqNd9ywPeML2xNBMv6F.', 'Septi', '00', 'img/default_avatar.png', 'KInagara RegencyC C18', '', '', 1, 0, '2018-02-11 02:38:21', '2019-08-23 18:14:23', 1, '28dd2c7955ce926456240b2ff0100bde'),
(78, 4, 1, 'Oktaria@gmail.com', '$2y$12$NjyKqNxmBeMY/SV5eC1GYu8Jx4qv.egBIzqNd9ywPeML2xNBMv6F.', 'Oktaria', '00', 'img/default_avatar.png', 'Kinagara Regency ROW 95', '', '', 1, 0, '2018-02-11 02:39:43', '2019-08-23 18:14:23', 1, '35f4a8d465e6e1edc05f3d8ab658c551'),
(79, 4, 1, 'Nimas@gmail.com', '$2y$12$NjyKqNxmBeMY/SV5eC1GYu8Jx4qv.egBIzqNd9ywPeML2xNBMv6F.', 'Nimas', '00', 'img/default_avatar.png', 'Kinagara Regency G75', '', '', 1, 0, '2018-02-11 02:41:07', '2019-08-23 18:14:24', 1, 'd1fe173d08e959397adf34b1d77e88d7'),
(80, 4, 1, 'Tia@gmail.com', '$2y$12$NjyKqNxmBeMY/SV5eC1GYu8Jx4qv.egBIzqNd9ywPeML2xNBMv6F.', 'Tia', '00', 'img/default_avatar.png', 'Kinagara Regency K2', '', '', 1, 0, '2018-02-11 02:42:29', '2019-08-23 18:14:24', 1, 'f033ab37c30201f73f142449d037028d'),
(81, 4, 1, 'Wanti@gmail.com', '$2y$12$NjyKqNxmBeMY/SV5eC1GYu8Jx4qv.egBIzqNd9ywPeML2xNBMv6F.', 'Wanti', '00', 'img/default_avatar.png', 'Kinagara Regency B130', '', '', 1, 0, '2018-02-11 02:43:52', '2019-08-23 18:14:24', 1, '43ec517d68b6edd3015b3edc9a11367b'),
(84, 4, 1, 'Anggiseptiani@gmail.com', '$2y$12$NjyKqNxmBeMY/SV5eC1GYu8Jx4qv.egBIzqNd9ywPeML2xNBMv6F.', 'Anggi septiani', '00', 'img/default_avatar.png', 'KInagara Regency T12', '', '', 1, 0, '2018-02-11 02:48:11', '2019-08-23 18:14:24', 1, '68d30a9594728bc39aa24be94b319d21'),
(86, 4, 1, 'Arnacita@gmail.com', '$2y$12$NjyKqNxmBeMY/SV5eC1GYu8Jx4qv.egBIzqNd9ywPeML2xNBMv6F.', 'Arnacita', '00', 'img/default_avatar.png', 'Kinagara Regency C27', '', '', 1, 0, '2018-02-11 02:51:56', '2019-08-23 18:14:25', 1, '93db85ed909c13838ff95ccfa94cebd9'),
(87, 4, 1, 'Syafitri@gmail.com', '$2y$12$NjyKqNxmBeMY/SV5eC1GYu8Jx4qv.egBIzqNd9ywPeML2xNBMv6F.', 'Syafitri', '00', 'img/default_avatar.png', 'Kinagara Regency B20', '', '', 1, 0, '2018-02-11 02:53:52', '2019-08-23 18:14:25', 1, 'c7e1249ffc03eb9ded908c236bd1996d'),
(88, 4, 1, 'FitriYuliani@gmail.com', '$2y$12$NjyKqNxmBeMY/SV5eC1GYu8Jx4qv.egBIzqNd9ywPeML2xNBMv6F.', 'Fitri Yuliani', '081214971903', 'img/default_avatar.png', 'Kinagara Regency K17', '', '', 1, 0, '2018-02-11 02:55:30', '2019-08-23 18:14:25', 1, '2a38a4a9316c49e5a833517c45d31070'),
(89, 4, 1, 'Evisulistyani@gmail.com', '$2y$12$NjyKqNxmBeMY/SV5eC1GYu8Jx4qv.egBIzqNd9ywPeML2xNBMv6F.', 'Evi Sulistyani', '082218521774', 'img/default_avatar.png', 'Kinagara J-17', '', '', 0, 0, '2018-02-11 02:56:58', '2019-09-21 03:53:46', 1, '7647966b7343c29048673252e490f736'),
(90, 4, 1, 'Wina@gmail.com', '$2y$12$NjyKqNxmBeMY/SV5eC1GYu8Jx4qv.egBIzqNd9ywPeML2xNBMv6F.', 'Wina', '081808652880', 'img/default_avatar.png', 'Kinagara Regency A22', '', '', 1, 0, '2018-02-11 02:58:29', '2019-08-23 18:14:26', 1, '8613985ec49eb8f757ae6439e879bb2a'),
(91, 4, 1, 'Kharisma@gmail.com', '$2y$12$NjyKqNxmBeMY/SV5eC1GYu8Jx4qv.egBIzqNd9ywPeML2xNBMv6F.', 'Kharisma', '085624424997', 'img/default_avatar.png', 'Kinagara Regency B6', '', '', 0, 0, '2018-02-11 03:00:03', '2019-09-21 01:37:31', 1, '54229abfcfa5649e7003b83dd4755294'),
(92, 4, 1, 'Anggitasari424@gmail.com', '$2y$12$NjyKqNxmBeMY/SV5eC1GYu8Jx4qv.egBIzqNd9ywPeML2xNBMv6F.', 'Anggita Sari', '082390191586', 'img/default_avatar.png', ' -', '', '', 0, 0, '2018-02-11 03:01:43', '2019-09-21 01:36:53', 1, '92cc227532d17e56e07902b254dfad10'),
(93, 4, 1, 'ReniPrastiwi@gmail.com', '$2y$12$NjyKqNxmBeMY/SV5eC1GYu8Jx4qv.egBIzqNd9ywPeML2xNBMv6F.', 'Reni Prastiwi', '00', 'img/default_avatar.png', 'Kinagara Regency M15', '', '', 1, 0, '2018-02-11 03:03:46', '2019-08-23 18:14:26', 1, '98dce83da57b0395e163467c9dae521b'),
(94, 4, 1, 'Resti@gmail.com', '$2y$12$NjyKqNxmBeMY/SV5eC1GYu8Jx4qv.egBIzqNd9ywPeML2xNBMv6F.', 'Resti', '00', 'img/default_avatar.png', 'Kinagara Regency Q13', '', '', 1, 0, '2018-02-11 03:05:13', '2019-08-23 18:14:26', 1, 'f4b9ec30ad9f68f89b29639786cb62ef'),
(95, 4, 1, 'Mulyanti@gmail.com', '$2y$12$NjyKqNxmBeMY/SV5eC1GYu8Jx4qv.egBIzqNd9ywPeML2xNBMv6F.', 'Mulyanti', '081395330095', 'img/default_avatar.png', 'Kinagara Regency C115', '', '', 1, 0, '2018-02-11 03:06:42', '2019-08-23 18:14:27', 1, '812b4ba287f5ee0bc9d43bbf5bbe87fb'),
(96, 4, 1, 'Yayu@gmail.com', '$2y$12$NjyKqNxmBeMY/SV5eC1GYu8Jx4qv.egBIzqNd9ywPeML2xNBMv6F.', 'Yayu', '00', 'img/default_avatar.png', 'Kinagara Regency B3', '', '', 1, 0, '2018-02-11 03:08:02', '2019-08-23 18:14:27', 1, '26657d5ff9020d2abefe558796b99584'),
(98, 4, 1, 'Leli@gmail.com', '$2y$12$NjyKqNxmBeMY/SV5eC1GYu8Jx4qv.egBIzqNd9ywPeML2xNBMv6F.', 'Leli', '00', 'img/default_avatar.png', 'Kinagara Regency I21', '', '', 1, 0, '2018-02-11 03:10:27', '2019-08-23 18:14:27', 1, 'ed3d2c21991e3bef5e069713af9fa6ca'),
(99, 4, 1, 'Nurni.frims@gmail.com', '$2y$12$NjyKqNxmBeMY/SV5eC1GYu8Jx4qv.egBIzqNd9ywPeML2xNBMv6F.', 'Nurni Trimuliasari', '081573443455', 'img/default_avatar.png', 'kinagara p-4', '', '', 0, 0, '2018-02-11 03:11:38', '2019-09-21 01:49:59', 1, 'ac627ab1ccbdb62ec96e702f07f6425b'),
(100, 4, 1, 'Sri@gmail.com', '$2y$12$NjyKqNxmBeMY/SV5eC1GYu8Jx4qv.egBIzqNd9ywPeML2xNBMv6F.', 'Sri', '085771008064', 'img/default_avatar.png', 'Kinagara Regency R17', '', '', 1, 0, '2018-02-11 03:13:04', '2019-08-23 18:14:28', 1, 'f899139df5e1059396431415e770c6dd'),
(101, 4, 1, 'Mitasaritriningrum@gmail.com', '$2y$12$NjyKqNxmBeMY/SV5eC1GYu8Jx4qv.egBIzqNd9ywPeML2xNBMv6F.', 'Mita', '082214849900', 'img/default_avatar.png', 'kinagara q-6', '', '', 0, 0, '2018-02-11 04:22:36', '2019-09-21 02:40:40', 1, '38b3eff8baf56627478ec76a704e9b52'),
(102, 4, 1, 'Cahya@gmail.com', '$2y$12$NjyKqNxmBeMY/SV5eC1GYu8Jx4qv.egBIzqNd9ywPeML2xNBMv6F.', 'Cahya', '08129694765', 'img/default_avatar.png', 'Kinagara Regency J23', '', '', 1, 0, '2018-02-11 04:27:45', '2019-08-23 18:14:28', 1, 'ec8956637a99787bd197eacd77acce5e'),
(103, 4, 1, 'Irmawati@gmail.com', '$2y$12$NjyKqNxmBeMY/SV5eC1GYu8Jx4qv.egBIzqNd9ywPeML2xNBMv6F.', 'Irmawati', '00', 'img/default_avatar.png', 'Kinagara Regency H34', '', '', 1, 0, '2018-02-11 04:32:36', '2019-08-23 18:14:29', 1, '6974ce5ac660610b44d9b9fed0ff9548'),
(105, 4, 1, 'IraSipayung@gmail.com', '$2y$12$NjyKqNxmBeMY/SV5eC1GYu8Jx4qv.egBIzqNd9ywPeML2xNBMv6F.', 'Ira Sipayung', '081265001105', 'img/default_avatar.png', 'Kinagara Regency E5', '', '', 1, 0, '2018-02-11 05:38:09', '2019-08-23 18:14:29', 1, '65b9eea6e1cc6bb9f0cd2a47751a186f'),
(106, 4, 1, 'Nurwina@gmail.com', '$2y$12$NjyKqNxmBeMY/SV5eC1GYu8Jx4qv.egBIzqNd9ywPeML2xNBMv6F.', 'Nurwina', '00', 'img/default_avatar.png', 'Kinagara Regency C7', '', '', 1, 0, '2018-02-11 05:42:28', '2019-08-23 18:14:29', 1, 'f0935e4cd5920aa6c7c996a5ee53a70f'),
(109, 4, 1, 'GenissansiscaS.W@gmail.com', '$2y$12$NjyKqNxmBeMY/SV5eC1GYu8Jx4qv.egBIzqNd9ywPeML2xNBMv6F.', 'Genissansisca S.W', '00', 'img/default_avatar.png', 'Kinagara Regency K3', '', '', 1, 0, '2018-02-11 05:58:00', '2019-08-23 18:14:30', 1, '2723d092b63885e0d7c260cc007e8b9d'),
(110, 4, 1, 'maharani.itang@gmail.com', '$2y$12$NjyKqNxmBeMY/SV5eC1GYu8Jx4qv.egBIzqNd9ywPeML2xNBMv6F.', 'Intan maharani', '081320062125', 'img/default_avatar.png', 'kinagara  q-11', '', '', 0, 0, '2018-02-11 07:20:29', '2019-09-21 03:04:14', 1, '5f93f983524def3dca464469d2cf9f3e'),
(111, 4, 1, 'Renti@gmail.com', '$2y$12$NjyKqNxmBeMY/SV5eC1GYu8Jx4qv.egBIzqNd9ywPeML2xNBMv6F.', 'Renti', '00', 'img/default_avatar.png', 'Kinagara Regency Q8', '', '', 1, 0, '2018-02-11 07:22:59', '2019-08-23 18:14:30', 1, '698d51a19d8a121ce581499d7b701668'),
(112, 4, 1, 'Lisa@gmail.com', '$2y$12$NjyKqNxmBeMY/SV5eC1GYu8Jx4qv.egBIzqNd9ywPeML2xNBMv6F.', 'Lisa', '085225356278', 'img/default_avatar.png', 'Kinagara Regency I19', '', '', 1, 0, '2018-02-11 08:36:11', '2019-08-23 18:14:30', 1, '7f6ffaa6bb0b408017b62254211691b5'),
(113, 4, 1, 'Nita@gmail.com', '$2y$12$NjyKqNxmBeMY/SV5eC1GYu8Jx4qv.egBIzqNd9ywPeML2xNBMv6F.', 'Nita', '081322357429', 'img/default_avatar.png', 'Kinagara Regency P2', '', '', 1, 0, '2018-02-11 08:38:09', '2019-08-23 18:14:30', 1, '73278a4a86960eeb576a8fd4c9ec6997'),
(114, 4, 1, 'Avioktora@gmail.com', '$2y$12$NjyKqNxmBeMY/SV5eC1GYu8Jx4qv.egBIzqNd9ywPeML2xNBMv6F.', 'Avioktora', '082122110024', 'img/default_avatar.png', 'Kinagara Regency O8', '', '', 1, 0, '2018-02-11 08:40:09', '2019-08-23 18:14:31', 1, '5fd0b37cd7dbbb00f97ba6ce92bf5add'),
(116, 4, 1, 'Hefy@gmail.com', '$2y$12$NjyKqNxmBeMY/SV5eC1GYu8Jx4qv.egBIzqNd9ywPeML2xNBMv6F.', 'Hefy', '00', 'img/default_avatar.png', 'Kinagara Regency C11', '', '', 1, 0, '2018-02-11 08:44:10', '2019-08-23 18:14:31', 1, 'c45147dee729311ef5b5c3003946c48f'),
(117, 4, 1, 'Isnin@gmail.com', '$2y$12$NjyKqNxmBeMY/SV5eC1GYu8Jx4qv.egBIzqNd9ywPeML2xNBMv6F.', 'Isnin', '085221098221', 'img/default_avatar.png', 'Kinagara Regency M16', '', '', 1, 0, '2018-02-11 08:45:31', '2019-08-23 18:14:31', 1, 'eb160de1de89d9058fcb0b968dbbbd68'),
(119, 4, 1, 'LiaAmalia@gmail.com', '$2y$12$NjyKqNxmBeMY/SV5eC1GYu8Jx4qv.egBIzqNd9ywPeML2xNBMv6F.', 'Lia Amalia', '00', 'img/default_avatar.png', 'Kinagara Regency A19', '', '', 1, 0, '2018-02-11 08:48:56', '2019-08-23 18:14:32', 1, '07e1cd7dca89a1678042477183b7ac3f'),
(120, 4, 1, 'Anita@gmail.com', '$2y$12$NjyKqNxmBeMY/SV5eC1GYu8Jx4qv.egBIzqNd9ywPeML2xNBMv6F.', 'Anita', '081221952741', 'img/default_avatar.png', 'Kinagara Regency J27', '', '', 1, 0, '2018-02-11 08:50:42', '2019-08-23 18:14:32', 1, 'da4fb5c6e93e74d3df8527599fa62642'),
(123, 4, 1, 'Eni@gmail.com', '$2y$12$NjyKqNxmBeMY/SV5eC1GYu8Jx4qv.egBIzqNd9ywPeML2xNBMv6F.', 'Eni', '081320119900', 'img/default_avatar.png', 'Kinagara Regency I14', '', '', 1, 0, '2018-02-11 08:55:01', '2019-08-23 18:14:33', 1, '202cb962ac59075b964b07152d234b70'),
(124, 4, 1, 'Berlianprimadani@gmail.com', '$2y$12$NjyKqNxmBeMY/SV5eC1GYu8Jx4qv.egBIzqNd9ywPeML2xNBMv6F.', 'Berlian', '085233235636', 'img/default_avatar.png', 'kinagara G-27', '', '', 0, 0, '2018-02-11 08:56:56', '2019-09-21 02:53:27', 1, 'c8ffe9a587b126f152ed3d89a146b445'),
(125, 4, 1, 'LeviErlikaMariam@gmail.com', '$2y$12$NjyKqNxmBeMY/SV5eC1GYu8Jx4qv.egBIzqNd9ywPeML2xNBMv6F.', 'Levi Erlika Mariam', '00', 'img/default_avatar.png', 'Kinagara Regency T17', '', '', 1, 0, '2018-02-11 08:59:02', '2019-08-23 18:14:33', 1, '3def184ad8f4755ff269862ea77393dd'),
(126, 4, 1, 'WulanSarinah@gmail.com', '$2y$12$NjyKqNxmBeMY/SV5eC1GYu8Jx4qv.egBIzqNd9ywPeML2xNBMv6F.', 'Wulan Sarinah', '00', 'img/default_avatar.png', 'Kinagara Regency Q9', '', '', 1, 0, '2018-02-11 09:00:38', '2019-08-23 18:14:33', 1, '069059b7ef840f0c74a814ec9237b6ec'),
(127, 4, 1, 'NononSukmawati@gmail.com', '$2y$12$NjyKqNxmBeMY/SV5eC1GYu8Jx4qv.egBIzqNd9ywPeML2xNBMv6F.', 'Nonon Sukmawati', '00', 'img/default_avatar.png', 'Kinagara Regency D22', '', '', 1, 0, '2018-02-11 09:03:28', '2019-08-23 18:14:33', 1, 'ec5decca5ed3d6b8079e2e7e7bacc9f2'),
(128, 4, 1, 'Irma@gmail.com', '$2y$12$NjyKqNxmBeMY/SV5eC1GYu8Jx4qv.egBIzqNd9ywPeML2xNBMv6F.', 'Irma', '08112229209', 'img/default_avatar.png', 'Kinagara Regency J25', '', '', 1, 0, '2018-02-11 09:04:56', '2019-08-23 18:14:34', 1, '76dc611d6ebaafc66cc0879c71b5db5c'),
(129, 4, 1, 'Eka@gmail.com', '$2y$12$NjyKqNxmBeMY/SV5eC1GYu8Jx4qv.egBIzqNd9ywPeML2xNBMv6F.', 'Eka', '00', 'img/default_avatar.png', 'Kinagara Regency L13', '', '', 1, 0, '2018-02-11 09:06:16', '2019-08-23 18:14:34', 1, 'd1f491a404d6854880943e5c3cd9ca25'),
(130, 4, 1, 'Ika@gmail.com', '$2y$12$NjyKqNxmBeMY/SV5eC1GYu8Jx4qv.egBIzqNd9ywPeML2xNBMv6F.', 'Ika', '00', 'img/default_avatar.png', 'Kinagara Regency H27', '', '', 1, 0, '2018-02-11 09:08:11', '2019-08-23 18:14:34', 1, '9b8619251a19057cff70779273e95aa6'),
(132, 4, 1, 'Indriani@gmail.com', '$2y$12$NjyKqNxmBeMY/SV5eC1GYu8Jx4qv.egBIzqNd9ywPeML2xNBMv6F.', 'Indriani', '08122086099', 'img/default_avatar.png', 'kinagara G-41', '', '', 0, 0, '2018-02-11 09:12:30', '2019-09-21 02:03:37', 1, '65ded5353c5ee48d0b7d48c591b8f430'),
(135, 4, 1, 'DiniSriwahyuni@gmail.com', '$2y$12$NjyKqNxmBeMY/SV5eC1GYu8Jx4qv.egBIzqNd9ywPeML2xNBMv6F.', 'Dini Sriwahyuni', '08156028185', 'img/default_avatar.png', 'Kinagara Regency M17', '', '', 1, 0, '2018-02-11 09:17:36', '2019-08-23 18:14:35', 1, '7f1de29e6da19d22b51c68001e7e0e54'),
(136, 4, 1, 'YuliFitriani@gmail.com', '$2y$12$NjyKqNxmBeMY/SV5eC1GYu8Jx4qv.egBIzqNd9ywPeML2xNBMv6F.', 'Yuli Fitriani', '00', 'img/default_avatar.png', 'Kinagara Regency ROW 91', '', '', 1, 0, '2018-02-11 09:19:38', '2019-08-23 18:14:36', 1, '42a0e188f5033bc65bf8d78622277c4e'),
(138, 4, 1, 'Agustin@gmail.com', '$2y$12$NjyKqNxmBeMY/SV5eC1GYu8Jx4qv.egBIzqNd9ywPeML2xNBMv6F.', 'Agustin', '00', 'img/default_avatar.png', 'Kinagara Regency C17', '', '', 1, 0, '2018-02-11 09:22:08', '2019-08-23 18:14:37', 1, '013d407166ec4fa56eb1e1f8cbe183b9'),
(139, 4, 1, 'IdaSolihat@gmail.com', '$2y$12$NjyKqNxmBeMY/SV5eC1GYu8Jx4qv.egBIzqNd9ywPeML2xNBMv6F.', 'Ida Solihat', '081320456368', 'img/default_avatar.png', 'Kinagara Regency B7', '', '', 1, 0, '2018-02-11 09:23:30', '2019-08-23 18:14:37', 1, 'e00da03b685a0dd18fb6a08af0923de0'),
(140, 4, 1, 'NengRatna@gmail.com', '$2y$12$NjyKqNxmBeMY/SV5eC1GYu8Jx4qv.egBIzqNd9ywPeML2xNBMv6F.', 'Neng Ratna', '00', 'img/default_avatar.png', 'Kinagara Regency B15', '', '', 1, 0, '2018-02-11 09:25:19', '2019-08-23 18:14:37', 1, '1385974ed5904a438616ff7bdb3f7439'),
(141, 4, 1, 'Andini.nfr@gmail.com', '$2y$12$NjyKqNxmBeMY/SV5eC1GYu8Jx4qv.egBIzqNd9ywPeML2xNBMv6F.', 'Andini Nur Fadhillah', '081910608077', 'img/default_avatar.png', ' -', '', '', 0, 0, '2018-02-11 09:28:28', '2019-09-21 03:48:15', 1, '0f28b5d49b3020afeecd95b4009adf4c'),
(142, 4, 1, 'Fina@gmail.com', '$2y$12$NjyKqNxmBeMY/SV5eC1GYu8Jx4qv.egBIzqNd9ywPeML2xNBMv6F.', 'Fina', '00', 'img/default_avatar.png', 'Kinagara Regency C114', '', '', 1, 0, '2018-02-11 09:29:52', '2019-08-23 18:14:38', 1, 'a8baa56554f96369ab93e4f3bb068c22'),
(143, 4, 1, 'IIs@gmail.com', '$2y$12$NjyKqNxmBeMY/SV5eC1GYu8Jx4qv.egBIzqNd9ywPeML2xNBMv6F.', 'IIs', '00', 'img/default_avatar.png', 'Kinagara Regency C111', '', '', 1, 0, '2018-02-11 09:31:01', '2019-08-23 18:14:39', 1, '903ce9225fca3e988c2af215d4e544d3'),
(144, 4, 1, 'DinaSiti@gmail.com', '$2y$12$NjyKqNxmBeMY/SV5eC1GYu8Jx4qv.egBIzqNd9ywPeML2xNBMv6F.', 'Dina Siti', '00', 'img/default_avatar.png', 'Kinagara Regency R14', '', '', 1, 0, '2018-02-11 09:32:28', '2019-08-23 18:14:39', 1, '0a09c8844ba8f0936c20bd791130d6b6'),
(145, 4, 1, 'SantiRubianti@gmail.com', '$2y$12$NjyKqNxmBeMY/SV5eC1GYu8Jx4qv.egBIzqNd9ywPeML2xNBMv6F.', 'Santi Rubianti', '085624274647', 'img/default_avatar.png', 'Kinagara Regency J5', '', '', 1, 0, '2018-02-11 09:33:48', '2019-08-23 18:14:39', 1, '2b24d495052a8ce66358eb576b8912c8'),
(146, 4, 1, 'AgustinaWulandari@gmail.com', '$2y$12$NjyKqNxmBeMY/SV5eC1GYu8Jx4qv.egBIzqNd9ywPeML2xNBMv6F.', 'Agustina Wulandari', '00', 'img/default_avatar.png', 'Kinagara Regency A19', '', '', 1, 0, '2018-02-11 09:36:08', '2019-08-23 18:14:40', 1, 'a5e00132373a7031000fd987a3c9f87b'),
(147, 4, 1, 'Ratna@gmail.com', '$2y$12$NjyKqNxmBeMY/SV5eC1GYu8Jx4qv.egBIzqNd9ywPeML2xNBMv6F.', 'Ratna', '081222694829', 'img/default_avatar.png', 'KInagara Regency R16', '', '', 1, 0, '2018-02-11 09:37:22', '2019-08-23 18:14:40', 1, '8d5e957f297893487bd98fa830fa6413'),
(148, 4, 1, 'HerlinaSetiyaningsih@gmail.com', '$2y$12$NjyKqNxmBeMY/SV5eC1GYu8Jx4qv.egBIzqNd9ywPeML2xNBMv6F.', 'Herlina Setiyaningsih', '081329119930', 'img/default_avatar.png', 'Kinagara Regency K5', '', '', 1, 0, '2018-02-11 09:38:46', '2019-08-23 18:14:41', 1, '47d1e990583c9c67424d369f3414728e'),
(149, 4, 1, 'Nurhayati@gmail.com', '$2y$12$NjyKqNxmBeMY/SV5eC1GYu8Jx4qv.egBIzqNd9ywPeML2xNBMv6F.', 'Nurhayati', '00', 'img/default_avatar.png', 'Kinagara Regency A11', '', '', 1, 0, '2018-02-11 09:40:17', '2019-08-23 18:14:41', 1, 'f2217062e9a397a1dca429e7d70bc6ca'),
(150, 4, 1, 'Vianurnanda123@gmail.com', '$2y$12$NjyKqNxmBeMY/SV5eC1GYu8Jx4qv.egBIzqNd9ywPeML2xNBMv6F.', 'Via nurnanda', '085294258389', 'img/default_avatar.png', 'kinagara p-16', '', '', 0, 0, '2018-02-11 09:41:51', '2019-09-21 01:48:12', 1, '7ef605fc8dba5425d6965fbd4c8fbe1f'),
(151, 4, 1, 'Ais@gmail.com', '$2y$12$NjyKqNxmBeMY/SV5eC1GYu8Jx4qv.egBIzqNd9ywPeML2xNBMv6F.', 'Ais', '00', 'img/default_avatar.png', 'Kinagara Regency I5', '', '', 1, 0, '2018-02-11 09:43:07', '2019-08-23 18:14:43', 1, 'a8f15eda80c50adb0e71943adc8015cf'),
(152, 4, 1, 'Pantrian@gmail.com', '$2y$12$NjyKqNxmBeMY/SV5eC1GYu8Jx4qv.egBIzqNd9ywPeML2xNBMv6F.', 'Pantrian', '00', 'img/default_avatar.png', 'Kinagara Regency T14', '', '', 1, 0, '2018-02-11 09:44:59', '2019-08-23 18:14:43', 1, '37a749d808e46495a8da1e5352d03cae'),
(156, 4, 1, 'Imas@gmail.com', '$2y$12$NjyKqNxmBeMY/SV5eC1GYu8Jx4qv.egBIzqNd9ywPeML2xNBMv6F.', 'Imas', '00', 'img/default_avatar.png', 'Kinagara Regency R15', '', '', 1, 0, '2018-02-11 09:50:02', '2019-08-23 18:14:44', 1, '1c9ac0159c94d8d0cbedc973445af2da'),
(157, 4, 1, 'Lina@gmail.com', '$2y$12$NjyKqNxmBeMY/SV5eC1GYu8Jx4qv.egBIzqNd9ywPeML2xNBMv6F.', 'Lina', '00', 'img/default_avatar.png', 'Kinagara Regency E4', '', '', 1, 0, '2018-02-11 09:51:26', '2019-08-23 18:14:44', 1, '6c4b761a28b734fe93831e3fb400ce87'),
(160, 4, 1, 'NuriSitiNurlaela@gmail.com', '$2y$12$NjyKqNxmBeMY/SV5eC1GYu8Jx4qv.egBIzqNd9ywPeML2xNBMv6F.', 'Nuri Siti Nurlaela', '081320348014', 'img/default_avatar.png', 'Kinagara Regency P1', '', '', 1, 0, '2018-02-11 09:54:57', '2019-08-23 18:14:44', 1, 'b73ce398c39f506af761d2277d853a92'),
(163, 4, 1, 'Feny_jasmaniar@gmail.com', '$2y$12$NjyKqNxmBeMY/SV5eC1GYu8Jx4qv.egBIzqNd9ywPeML2xNBMv6F.', 'Feny jasmaniar ', '081394481849', 'img/default_avatar.png', 'kinagara A-27', '', '', 0, 0, '2018-02-11 09:59:19', '2019-09-21 02:15:17', 1, '0777d5c17d4066b82ab86dff8a46af6f'),
(165, 4, 1, 'Shera@gmail.com', '$2y$12$NjyKqNxmBeMY/SV5eC1GYu8Jx4qv.egBIzqNd9ywPeML2xNBMv6F.', 'Shera', '087722644155', 'img/default_avatar.png', 'Kinagara Regency K36', '', '', 1, 0, '2018-02-11 10:01:44', '2019-08-23 18:14:45', 1, '9766527f2b5d3e95d4a733fcfb77bd7e'),
(166, 4, 1, 'Nandastiani@gmail.com', '$2y$12$NjyKqNxmBeMY/SV5eC1GYu8Jx4qv.egBIzqNd9ywPeML2xNBMv6F.', 'Nanda setiani', '081320753687', 'img/default_avatar.png', 'kinagara k-30', '', '', 0, 0, '2018-02-11 10:03:06', '2019-09-21 02:04:55', 1, '7e7757b1e12abcb736ab9a754ffb617a'),
(168, 4, 1, 'Putri@c-aio.com', '$2y$12$NjyKqNxmBeMY/SV5eC1GYu8Jx4qv.egBIzqNd9ywPeML2xNBMv6F.', 'Putri', '085222142414', 'img/default_avatar.png', 'kinagara B-32', '', '', 1, 0, '2018-02-11 10:05:29', '2019-09-21 03:08:39', 1, '006f52e9102a8d3be2fe5614f42ba989'),
(169, 4, 1, 'Anggi@gmail.com', '$2y$12$NjyKqNxmBeMY/SV5eC1GYu8Jx4qv.egBIzqNd9ywPeML2xNBMv6F.', 'Anggi', '00', 'img/default_avatar.png', 'Kinagara Regency K18', '', '', 1, 0, '2018-02-11 10:06:50', '2019-08-23 18:14:46', 1, '3636638817772e42b59d74cff571fbb3'),
(170, 4, 1, 'ResiAyu@gmail.com', '$2y$12$NjyKqNxmBeMY/SV5eC1GYu8Jx4qv.egBIzqNd9ywPeML2xNBMv6F.', 'Resi Ayu', '082116585227', 'img/default_avatar.png', 'Kinagara Regency G69', '', '', 0, 0, '2018-02-11 10:08:31', '2019-09-21 03:41:14', 1, '149e9677a5989fd342ae44213df68868'),
(171, 4, 1, 'Dini@gmail.com', '$2y$12$NjyKqNxmBeMY/SV5eC1GYu8Jx4qv.egBIzqNd9ywPeML2xNBMv6F.', 'Dini', '085223701741', 'img/default_avatar.png', 'Kinagara Regency Q14', '', '', 1, 0, '2018-02-11 10:09:56', '2019-08-23 18:14:46', 1, 'a4a042cf4fd6bfb47701cbc8a1653ada'),
(172, 4, 1, 'DewiHardianti@gmail.com', '$2y$12$NjyKqNxmBeMY/SV5eC1GYu8Jx4qv.egBIzqNd9ywPeML2xNBMv6F.', 'Dewi Hardianti', '081214430223', 'img/default_avatar.png', 'Kinagara Regency Q12', '', '', 1, 0, '2018-02-11 10:11:17', '2019-08-23 18:14:47', 1, '1ff8a7b5dc7a7d1f0ed65aaa29c04b1e'),
(176, 4, 1, 'Ressi@gmail.com', '$2y$12$NjyKqNxmBeMY/SV5eC1GYu8Jx4qv.egBIzqNd9ywPeML2xNBMv6F.', 'Ressi', '00', 'img/default_avatar.png', 'Kinagara Regency G69', '', '', 1, 0, '2018-02-12 03:02:21', '2019-08-23 18:14:47', 1, '38af86134b65d0f10fe33d30dd76442e'),
(177, 4, 1, 'AuliaMiftah@gmail.com', '$2y$12$NjyKqNxmBeMY/SV5eC1GYu8Jx4qv.egBIzqNd9ywPeML2xNBMv6F.', 'Aulia Miftah', '00', 'img/default_avatar.png', 'Kinagara Regency B2', '', '', 1, 0, '2018-02-12 03:06:24', '2019-08-23 18:14:47', 1, '96da2f590cd7246bbde0051047b0d6f7'),
(178, 4, 1, 'Gina@gmail.com', '$2y$12$NjyKqNxmBeMY/SV5eC1GYu8Jx4qv.egBIzqNd9ywPeML2xNBMv6F.', 'Gina', '00', 'img/default_avatar.png', 'Kinagara Regency M27', '', '', 1, 0, '2018-02-12 03:08:25', '2019-08-23 18:14:48', 1, '8f85517967795eeef66c225f7883bdcb'),
(179, 4, 1, 'LiaYuliawati@gmail.com', '$2y$12$NjyKqNxmBeMY/SV5eC1GYu8Jx4qv.egBIzqNd9ywPeML2xNBMv6F.', 'Lia Yuliawati', '081291900425', 'img/default_avatar.png', 'Kinagara Regeny T6', '', '', 1, 0, '2018-02-12 03:11:26', '2019-08-23 18:14:48', 1, '8f53295a73878494e9bc8dd6c3c7104f'),
(181, 4, 1, 'Rika@gmail.com', '$2y$12$NjyKqNxmBeMY/SV5eC1GYu8Jx4qv.egBIzqNd9ywPeML2xNBMv6F.', 'Rika', '00', 'img/default_avatar.png', 'Kinagara Regency L12', '', '', 1, 0, '2018-02-12 03:14:42', '2019-08-23 18:14:48', 1, 'fc221309746013ac554571fbd180e1c8'),
(182, 4, 1, 'Hera@gmail.com', '$2y$12$NjyKqNxmBeMY/SV5eC1GYu8Jx4qv.egBIzqNd9ywPeML2xNBMv6F.', 'Hera', '00', 'img/default_avatar.png', 'Kinagara Regency D14', '', '', 1, 0, '2018-02-12 03:15:53', '2019-08-23 18:14:48', 1, '4c5bde74a8f110656874902f07378009'),
(184, 4, 1, 'Martina@gmail.com', '$2y$12$NjyKqNxmBeMY/SV5eC1GYu8Jx4qv.egBIzqNd9ywPeML2xNBMv6F.', 'Martina', '00', 'img/default_avatar.png', 'Kinagara Regency M1', '', '', 1, 0, '2018-02-12 03:19:01', '2019-08-23 18:14:49', 1, '6cdd60ea0045eb7a6ec44c54d29ed402'),
(186, 4, 1, 'Ardina@gmail.com', '$2y$12$NjyKqNxmBeMY/SV5eC1GYu8Jx4qv.egBIzqNd9ywPeML2xNBMv6F.', 'Ardina', '00', 'img/default_avatar.png', 'Kinagara Regency N6', '', '', 1, 0, '2018-02-12 03:22:30', '2019-08-23 18:14:49', 1, '9872ed9fc22fc182d371c3e9ed316094'),
(187, 4, 1, 'LyraVega@gmail.com', '$2y$12$NjyKqNxmBeMY/SV5eC1GYu8Jx4qv.egBIzqNd9ywPeML2xNBMv6F.', 'Lyra Vega', '082225557373', 'img/default_avatar.png', 'Kinagara Regency I37', '', '', 1, 0, '2018-02-12 03:24:06', '2019-08-23 18:14:49', 1, '31fefc0e570cb3860f2a6d4b38c6490d'),
(188, 4, 1, 'ErwinaKartikaYuliana@gmail.com', '$2y$12$NjyKqNxmBeMY/SV5eC1GYu8Jx4qv.egBIzqNd9ywPeML2xNBMv6F.', 'Erwina Kartika Yuliana', '082115777447', 'img/default_avatar.png', 'Kinagara Regency I61', '', '', 1, 0, '2018-02-12 03:25:26', '2019-08-23 18:14:49', 1, '9dcb88e0137649590b755372b040afad'),
(190, 4, 1, 'Hasna@gmail.com', '$2y$12$NjyKqNxmBeMY/SV5eC1GYu8Jx4qv.egBIzqNd9ywPeML2xNBMv6F.', 'Hasna', '00', 'img/default_avatar.png', 'Kinagara Regency C25', '', '', 1, 0, '2018-02-12 03:28:15', '2019-08-23 18:14:50', 1, 'cfecdb276f634854f3ef915e2e980c31'),
(191, 4, 1, 'Vilan@gmail.com', '$2y$12$NjyKqNxmBeMY/SV5eC1GYu8Jx4qv.egBIzqNd9ywPeML2xNBMv6F.', 'Vilan', '00', 'img/default_avatar.png', 'Kinagara Regency B8', '', '', 1, 0, '2018-02-12 03:29:42', '2019-08-23 18:14:50', 1, '0aa1883c6411f7873cb83dacb17b0afc'),
(193, 4, 1, 'Windi@gmail.com', '$2y$12$NjyKqNxmBeMY/SV5eC1GYu8Jx4qv.egBIzqNd9ywPeML2xNBMv6F.', 'Windi', '00', 'img/default_avatar.png', 'Kinagara Regency S4', '', '', 1, 0, '2018-02-12 03:42:47', '2019-08-23 18:14:50', 1, 'bd686fd640be98efaae0091fa301e613'),
(195, 4, 1, 'PebriYanida@gmail.com', '$2y$12$NjyKqNxmBeMY/SV5eC1GYu8Jx4qv.egBIzqNd9ywPeML2xNBMv6F.', 'Pebri Yanida', '085220002516', 'img/default_avatar.png', 'KInagara Regency J7', '', '', 1, 0, '2018-02-12 03:46:10', '2019-08-23 18:14:51', 1, '0336dcbab05b9d5ad24f4333c7658a0e'),
(196, 4, 1, 'Siti@gmail.com', '$2y$12$NjyKqNxmBeMY/SV5eC1GYu8Jx4qv.egBIzqNd9ywPeML2xNBMv6F.', 'Siti', '00', 'img/default_avatar.png', 'Kinagara Regency A23', '', '', 1, 0, '2018-02-12 03:47:39', '2019-08-23 18:14:51', 1, '084b6fbb10729ed4da8c3d3f5a3ae7c9'),
(197, 4, 1, 'Ana@gmail.com', '$2y$12$NjyKqNxmBeMY/SV5eC1GYu8Jx4qv.egBIzqNd9ywPeML2xNBMv6F.', 'Ana', '082216194827', 'img/default_avatar.png', 'Kinagara Regency K20', '', '', 0, 0, '2018-02-12 03:50:03', '2019-09-21 02:12:13', 1, '85d8ce590ad8981ca2c8286f79f59954'),
(198, 4, 1, 'Titin@gmail.com', '$2y$12$NjyKqNxmBeMY/SV5eC1GYu8Jx4qv.egBIzqNd9ywPeML2xNBMv6F.', 'Titin', '00', 'img/default_avatar.png', 'Kinagara Regency J4', '', '', 1, 0, '2018-02-12 03:51:25', '2019-08-23 18:14:52', 1, '0e65972dce68dad4d52d063967f0a705'),
(199, 4, 1, 'Winda@gmail.com', '$2y$12$NjyKqNxmBeMY/SV5eC1GYu8Jx4qv.egBIzqNd9ywPeML2xNBMv6F.', 'Winda', '081267009267', 'img/default_avatar.png', 'Kinagara Regency R7', '', '', 1, 0, '2018-02-12 03:52:46', '2019-08-23 18:14:52', 1, '84d9ee44e457ddef7f2c4f25dc8fa865'),
(200, 4, 1, 'Prehatiska@gmail.com', '$2y$12$NjyKqNxmBeMY/SV5eC1GYu8Jx4qv.egBIzqNd9ywPeML2xNBMv6F.', 'Prehatiska', '00', 'img/default_avatar.png', 'Kinagara Regency M24', '', '', 1, 0, '2018-02-12 03:54:13', '2019-08-23 18:14:52', 1, '3644a684f98ea8fe223c713b77189a77'),
(201, 4, 1, 'tya.athari@gmail.com', '$2y$12$NjyKqNxmBeMY/SV5eC1GYu8Jx4qv.egBIzqNd9ywPeML2xNBMv6F.', 'Nurdinintya', '081321147347', 'img/default_avatar.png', 'kinagara  h -19', '', '', 0, 0, '2018-02-12 04:16:51', '2019-09-21 02:42:41', 1, '757b505cfd34c64c85ca5b5690ee5293'),
(203, 4, 1, 'Novi@gmail.com', '$2y$12$NjyKqNxmBeMY/SV5eC1GYu8Jx4qv.egBIzqNd9ywPeML2xNBMv6F.', 'Novi', '00', 'img/default_avatar.png', 'Kinagara Regency D19', '', '', 1, 0, '2018-02-12 04:19:39', '2019-08-23 18:14:53', 1, 'e2c0be24560d78c5e599c2a9c9d0bbd2'),
(204, 4, 1, 'RirisRisnawati@gmail.com', '$2y$12$NjyKqNxmBeMY/SV5eC1GYu8Jx4qv.egBIzqNd9ywPeML2xNBMv6F.', 'Riris Risnawati', '00', 'img/default_avatar.png', 'Kinagara Regency G45', '', '', 1, 0, '2018-02-12 04:21:33', '2019-08-23 18:14:53', 1, '274ad4786c3abca69fa097b85867d9a4'),
(206, 4, 1, 'Rini@gmail.com', '$2y$12$NjyKqNxmBeMY/SV5eC1GYu8Jx4qv.egBIzqNd9ywPeML2xNBMv6F.', 'Rini', '00', 'img/default_avatar.png', 'Kinagara Regency Q2', '', '', 1, 0, '2018-02-12 04:24:57', '2019-08-23 18:14:53', 1, '7eabe3a1649ffa2b3ff8c02ebfd5659f'),
(207, 4, 1, 'Kemila@gmail.com', '$2y$12$NjyKqNxmBeMY/SV5eC1GYu8Jx4qv.egBIzqNd9ywPeML2xNBMv6F.', 'Kemila', '081394431789', 'img/default_avatar.png', 'Kinagara Regency D124', '', '', 1, 0, '2018-02-12 04:26:46', '2019-08-23 18:14:54', 1, '69adc1e107f7f7d035d7baf04342e1ca'),
(208, 4, 1, 'NovaRiyanti@gmail.com', '$2y$12$NjyKqNxmBeMY/SV5eC1GYu8Jx4qv.egBIzqNd9ywPeML2xNBMv6F.', 'Nova Riyanti', '00', 'img/default_avatar.png', 'Kinagara Regency Q4', '', '', 1, 0, '2018-02-12 04:30:05', '2019-08-23 18:14:54', 1, '091d584fced301b442654dd8c23b3fc9'),
(210, 4, 1, 'RinaRosalina@gmail.com', '$2y$12$NjyKqNxmBeMY/SV5eC1GYu8Jx4qv.egBIzqNd9ywPeML2xNBMv6F.', 'Rina Rosalina', '00', 'img/default_avatar.png', 'Kinagara Regency A15', '', '', 1, 0, '2018-02-12 04:33:44', '2019-08-23 18:14:54', 1, '6f3ef77ac0e3619e98159e9b6febf557'),
(213, 4, 1, 'Lilian@gmail.com', '$2y$12$NjyKqNxmBeMY/SV5eC1GYu8Jx4qv.egBIzqNd9ywPeML2xNBMv6F.', 'Lilian', '00', 'img/default_avatar.png', 'Kinagara Regency N10', '', '', 1, 0, '2018-02-12 04:39:19', '2019-08-23 18:14:55', 1, '979d472a84804b9f647bc185a877a8b5'),
(218, 4, 1, 'CicinSukaesih@gmail.com', '$2y$12$NjyKqNxmBeMY/SV5eC1GYu8Jx4qv.egBIzqNd9ywPeML2xNBMv6F.', 'Cicin Sukaesih', '00', 'img/default_avatar.png', 'Kinagara Regency O20', '', '', 1, 0, '2018-02-12 04:50:28', '2019-08-23 18:14:56', 1, 'e96ed478dab8595a7dbda4cbcbee168f'),
(219, 4, 1, 'LeslyHadriansyah@gmail.com', '$2y$12$NjyKqNxmBeMY/SV5eC1GYu8Jx4qv.egBIzqNd9ywPeML2xNBMv6F.', 'Lesly Hadriansyah', '00', 'img/default_avatar.png', 'Kinagara Regency A124', '', '', 1, 0, '2018-02-12 04:52:40', '2019-08-23 18:14:56', 1, 'c0e190d8267e36708f955d7ab048990d'),
(220, 4, 1, 'Picky@gmail.com', '$2y$12$NjyKqNxmBeMY/SV5eC1GYu8Jx4qv.egBIzqNd9ywPeML2xNBMv6F.', 'Picky', '00', 'img/default_avatar.png', 'Kinagara Regency D9', '', '', 1, 0, '2018-02-12 04:54:14', '2019-08-23 18:14:56', 1, 'ec8ce6abb3e952a85b8551ba726a1227'),
(221, 4, 1, 'Leni@gmail.com', '$2y$12$NjyKqNxmBeMY/SV5eC1GYu8Jx4qv.egBIzqNd9ywPeML2xNBMv6F.', 'Leni', '00', 'img/default_avatar.png', 'Kinagara Regency O17', '', '', 1, 0, '2018-02-12 04:55:36', '2019-08-23 18:14:57', 1, '060ad92489947d410d897474079c1477'),
(222, 4, 1, 'Nina@gmail.com', '$2y$12$NjyKqNxmBeMY/SV5eC1GYu8Jx4qv.egBIzqNd9ywPeML2xNBMv6F.', 'Nina', '00', 'img/default_avatar.png', 'Kinagara Regency C29', '', '', 1, 0, '2018-02-12 04:57:17', '2019-08-23 18:14:57', 1, 'bcbe3365e6ac95ea2c0343a2395834dd'),
(224, 4, 1, 'DeudeuR@gmail.com', '$2y$12$NjyKqNxmBeMY/SV5eC1GYu8Jx4qv.egBIzqNd9ywPeML2xNBMv6F.', 'Deudeu R', '00', 'img/default_avatar.png', 'Kinagara Regency J8', '', '', 1, 0, '2018-02-12 05:00:25', '2019-08-23 18:14:57', 1, '13fe9d84310e77f13a6d184dbf1232f3'),
(225, 4, 1, 'Murni@gmail.com', '$2y$12$NjyKqNxmBeMY/SV5eC1GYu8Jx4qv.egBIzqNd9ywPeML2xNBMv6F.', 'Murni', '00', 'img/default_avatar.png', 'Kinagara Regency G6', '', '', 1, 0, '2018-02-12 05:01:56', '2019-08-23 18:14:58', 1, 'd1c38a09acc34845c6be3a127a5aacaf'),
(226, 4, 1, 'Laila@gmail.com', '$2y$12$NjyKqNxmBeMY/SV5eC1GYu8Jx4qv.egBIzqNd9ywPeML2xNBMv6F.', 'Laila', '00', 'img/default_avatar.png', 'Kinagara Regency D13', '', '', 1, 0, '2018-02-12 05:03:06', '2019-08-23 18:14:58', 1, '9cfdf10e8fc047a44b08ed031e1f0ed1'),
(227, 4, 1, 'Anisa@gmail.com', '$2y$12$NjyKqNxmBeMY/SV5eC1GYu8Jx4qv.egBIzqNd9ywPeML2xNBMv6F.', 'Anisa', '00', 'img/default_avatar.png', 'Kinagara Regency O17', '', '', 1, 0, '2018-02-12 05:04:24', '2019-08-23 18:14:58', 1, '705f2172834666788607efbfca35afb3'),
(228, 4, 1, 'Yurita@gmail.com', '$2y$12$NjyKqNxmBeMY/SV5eC1GYu8Jx4qv.egBIzqNd9ywPeML2xNBMv6F.', 'Yurita', '00', 'img/default_avatar.png', 'Kinagara Regency C16', '', '', 1, 0, '2018-02-12 05:06:13', '2019-08-23 18:14:58', 1, '74db120f0a8e5646ef5a30154e9f6deb'),
(230, 4, 1, 'Refa@gmail.com', '$2y$12$NjyKqNxmBeMY/SV5eC1GYu8Jx4qv.egBIzqNd9ywPeML2xNBMv6F.', 'Refa', '00', 'img/default_avatar.png', 'Kinagara Regency A112', '', '', 1, 0, '2018-02-12 05:09:33', '2019-08-23 18:14:59', 1, '6da9003b743b65f4c0ccd295cc484e57'),
(231, 4, 1, 'NoviR@gmail.com', '$2y$12$NjyKqNxmBeMY/SV5eC1GYu8Jx4qv.egBIzqNd9ywPeML2xNBMv6F.', 'Novi R', '00', 'img/default_avatar.png', 'KInagara Regency M14', '', '', 1, 0, '2018-02-12 05:11:02', '2019-08-23 18:14:59', 1, '9b04d152845ec0a378394003c96da594'),
(240, 4, 1, 'Mala@gmail.com', '$2y$12$NjyKqNxmBeMY/SV5eC1GYu8Jx4qv.egBIzqNd9ywPeML2xNBMv6F.', 'Mala', '085624600782', 'img/default_avatar.png', 'Kinagara Regency M25', '', '', 1, 0, '2018-02-12 05:31:41', '2019-08-23 18:15:00', 1, '335f5352088d7d9bf74191e006d8e24c'),
(241, 4, 1, 'Nurul@gmail.com', '$2y$12$NjyKqNxmBeMY/SV5eC1GYu8Jx4qv.egBIzqNd9ywPeML2xNBMv6F.', 'Nurul', '00', 'img/default_avatar.png', 'Kinagara Regency B13', '', '', 1, 0, '2018-02-12 05:33:10', '2019-08-23 18:15:00', 1, 'f340f1b1f65b6df5b5e3f94d95b11daf'),
(242, 4, 1, 'Silvi@gmail.com', '$2y$12$NjyKqNxmBeMY/SV5eC1GYu8Jx4qv.egBIzqNd9ywPeML2xNBMv6F.', 'Silvi', '00', 'img/default_avatar.png', 'Kinagara Regency K48', '', '', 1, 0, '2018-02-12 05:34:30', '2019-08-23 18:15:01', 1, 'e4a6222cdb5b34375400904f03d8e6a5'),
(243, 4, 1, 'Yusi@gmail.com', '$2y$12$NjyKqNxmBeMY/SV5eC1GYu8Jx4qv.egBIzqNd9ywPeML2xNBMv6F.', 'Yusi', '00', 'img/default_avatar.png', 'Kinagara Regency D3', '', '', 1, 0, '2018-02-12 05:35:50', '2019-08-23 18:15:01', 1, 'cb70ab375662576bd1ac5aaf16b3fca4'),
(244, 4, 1, 'haula.silva165@gmail.com', '$2y$12$NjyKqNxmBeMY/SV5eC1GYu8Jx4qv.egBIzqNd9ywPeML2xNBMv6F.', 'Haula Silva', '081320634477', 'img/default_avatar.png', 'kinagara E-8', '', '', 1, 0, '2018-02-12 05:37:20', '2019-09-21 02:25:42', 1, '9188905e74c28e489b44e954ec0b9bca'),
(246, 4, 1, 'HerikaKusumadewi@gmail.com', '$2y$12$NjyKqNxmBeMY/SV5eC1GYu8Jx4qv.egBIzqNd9ywPeML2xNBMv6F.', 'Herika Kusumadewi', '00', 'img/default_avatar.png', 'Kinagara Regency A116', '', '', 1, 0, '2018-02-12 05:40:53', '2019-08-23 18:15:01', 1, '38db3aed920cf82ab059bfccbd02be6a'),
(247, 4, 1, 'Tami@gmail.com', '$2y$12$NjyKqNxmBeMY/SV5eC1GYu8Jx4qv.egBIzqNd9ywPeML2xNBMv6F.', 'Tami', '083120362677', 'img/default_avatar.png', 'KInagara Regency B15', '', '', 1, 0, '2018-02-13 05:48:27', '2019-08-23 18:15:02', 1, '3cec07e9ba5f5bb252d13f5f431e4bbb'),
(251, 4, 1, 'Grisnamailbox@yahoo.co.id', '$2y$12$NjyKqNxmBeMY/SV5eC1GYu8Jx4qv.egBIzqNd9ywPeML2xNBMv6F.', 'Grisna', '085624339086', 'img/default_avatar.png', 'kinagara O-5', '', '', 0, 0, '2018-02-23 18:11:50', '2019-09-21 02:54:44', 1, '19f3cd308f1455b3fa09a282e0d496f4'),
(254, 4, 1, 'SusiSumiarsih@gmail.com', '$2y$12$NjyKqNxmBeMY/SV5eC1GYu8Jx4qv.egBIzqNd9ywPeML2xNBMv6F.', 'Susi Sumiarsih', '08122342596', 'img/default_avatar.png', 'Kinagara Regency C110', '', '', 1, 0, '2018-02-23 19:05:56', '2019-08-23 18:15:04', 1, 'c52f1bd66cc19d05628bd8bf27af3ad6'),
(255, 4, 1, 'l3na_tan@yahoo.com', '$2y$12$NjyKqNxmBeMY/SV5eC1GYu8Jx4qv.egBIzqNd9ywPeML2xNBMv6F.', 'Lena', '08188873590', 'img/default_avatar.png', 'kinagara O-06', '', '', 0, 0, '2018-02-23 19:22:47', '2019-09-21 03:11:16', 1, 'fe131d7f5a6b38b23cc967316c13dae2');
INSERT INTO `users` (`id`, `role_id`, `posyandu_id`, `email`, `password`, `nama`, `telepon`, `photo`, `alamat`, `token`, `firebase_token`, `active`, `creator_id`, `created_at`, `updated_at`, `verified`, `verification_code`) VALUES
(256, 4, 1, 'Vera@gmail.com', '$2y$12$NjyKqNxmBeMY/SV5eC1GYu8Jx4qv.egBIzqNd9ywPeML2xNBMv6F.', 'Vera', '081220122332', 'img/default_avatar.png', 'Kinagara Regency R2', '', '', 1, 0, '2018-02-23 19:25:26', '2019-08-23 18:15:05', 1, 'f718499c1c8cef6730f9fd03c8125cab'),
(257, 4, 1, 'RessiAyu@gmail.com', '$2y$12$NjyKqNxmBeMY/SV5eC1GYu8Jx4qv.egBIzqNd9ywPeML2xNBMv6F.', 'Ressi Ayu', '082116585227', 'img/default_avatar.png', 'Kinagara Regency G69', '', '', 1, 0, '2018-02-23 19:56:17', '2019-08-23 18:15:05', 1, 'd96409bf894217686ba124d7356686c9'),
(258, 4, 1, 'SitiNurulAzizahApandi@gmail.com', '$2y$12$NjyKqNxmBeMY/SV5eC1GYu8Jx4qv.egBIzqNd9ywPeML2xNBMv6F.', 'Siti Nurul Azizah Apandi', '085846901880', 'img/default_avatar.png', 'Kinagara Regency S10', '', '', 1, 0, '2018-02-23 19:59:00', '2019-08-23 18:15:05', 1, '502e4a16930e414107ee22b6198c578f'),
(259, 4, 1, 'AnisaNurul@gmail.com', '$2y$12$NjyKqNxmBeMY/SV5eC1GYu8Jx4qv.egBIzqNd9ywPeML2xNBMv6F.', 'Anisa Nurul', '089650446006', 'img/default_avatar.png', 'Kinagara Rgency C32', '', '', 1, 0, '2018-02-23 20:43:56', '2019-08-23 18:15:06', 1, 'cfa0860e83a4c3a763a7e62d825349f7'),
(260, 4, 1, 'LinaSupartini@gmail.com', '$2y$12$NjyKqNxmBeMY/SV5eC1GYu8Jx4qv.egBIzqNd9ywPeML2xNBMv6F.', 'Lina Supartini', '089683071397', 'img/default_avatar.png', 'Kinagara Regency E4', '', '', 1, 0, '2018-02-23 20:48:02', '2019-08-23 18:15:06', 1, 'a4f23670e1833f3fdb077ca70bbd5d66'),
(261, 4, 1, 'DeliSahidah@gmail.com', '$2y$12$NjyKqNxmBeMY/SV5eC1GYu8Jx4qv.egBIzqNd9ywPeML2xNBMv6F.', 'Deli Sahidah', '08121452135', 'img/default_avatar.png', 'KInagara Regency I18', '', '', 1, 0, '2018-02-23 20:54:46', '2019-08-23 18:15:06', 1, 'b1a59b315fc9a3002ce38bbe070ec3f5'),
(264, 4, 1, 'Nurlita@gmail.com', '$2y$12$NjyKqNxmBeMY/SV5eC1GYu8Jx4qv.egBIzqNd9ywPeML2xNBMv6F.', 'Nurlita', '0', 'img/default_avatar.png', 'Kinagara Regency N16', '', '', 1, 0, '2018-03-16 19:18:37', '2019-08-23 18:15:06', 1, 'd6baf65e0b240ce177cf70da146c8dc8'),
(268, 4, 1, 'Yusriani@gmail.com', '$2y$12$NjyKqNxmBeMY/SV5eC1GYu8Jx4qv.egBIzqNd9ywPeML2xNBMv6F.', 'Yusriani', '081312032894', 'img/default_avatar.png', 'KInagra Regency N11', '', '', 1, 0, '2018-03-16 20:01:52', '2019-08-23 18:15:07', 1, '8f121ce07d74717e0b1f21d122e04521'),
(272, 4, 1, 'hasanahPutri@gmail.com', '$2y$12$NjyKqNxmBeMY/SV5eC1GYu8Jx4qv.egBIzqNd9ywPeML2xNBMv6F.', 'hasanah Putri', '085273699996', 'img/default_avatar.png', 'Kinagara Regency I31', '', '', 1, 0, '2018-04-27 18:47:12', '2019-08-23 18:15:08', 1, '7a614fd06c325499f1680b9896beedeb'),
(274, 4, 1, 'PuteraPersadaS@gmail.com', '$2y$12$NjyKqNxmBeMY/SV5eC1GYu8Jx4qv.egBIzqNd9ywPeML2xNBMv6F.', 'Putera Persada S', '087719184930', 'img/default_avatar.png', 'Kinagara Regency M22', '', '', 1, 0, '2018-04-27 18:57:08', '2019-08-23 18:15:08', 1, 'd947bf06a885db0d477d707121934ff8'),
(276, 4, 1, 'AyuNataliaSasmita@gmail.com', '$2y$12$NjyKqNxmBeMY/SV5eC1GYu8Jx4qv.egBIzqNd9ywPeML2xNBMv6F.', 'Ayu Natalia Sasmita', '085287924799', 'img/default_avatar.png', 'Kinagara Regency H39', '', '', 1, 0, '2018-04-27 20:10:05', '2019-08-23 18:15:09', 1, 'db8e1af0cb3aca1ae2d0018624204529'),
(277, 4, 1, 'IrmaEkaliasariPutri@gmail.com', '$2y$12$NjyKqNxmBeMY/SV5eC1GYu8Jx4qv.egBIzqNd9ywPeML2xNBMv6F.', 'Irma Ekaliasari Putri', '085721729729', 'img/default_avatar.png', 'Kinagara Regency ROW 920', '', '', 1, 0, '2018-04-27 20:20:29', '2019-08-23 18:15:09', 1, '20f07591c6fcb220ffe637cda29bb3f6'),
(279, 4, 1, 'SriNurfadilah@gmail.com', '$2y$12$NjyKqNxmBeMY/SV5eC1GYu8Jx4qv.egBIzqNd9ywPeML2xNBMv6F.', 'Sri Nurfadilah', '00', 'img/default_avatar.png', 'Kinagara Regency K12', '', '', 1, 0, '2018-04-27 20:37:34', '2019-08-23 18:15:09', 1, 'd395771085aab05244a4fb8fd91bf4ee'),
(281, 4, 1, 'NoviMeidiana@gmail.com', '$2y$12$NjyKqNxmBeMY/SV5eC1GYu8Jx4qv.egBIzqNd9ywPeML2xNBMv6F.', 'Novi Meidiana', '081322711883', 'img/default_avatar.png', 'kinagara regency K16', '', '', 1, 0, '2018-05-11 22:44:58', '2019-08-23 18:15:10', 1, 'e3796ae838835da0b6f6ea37bcf8bcb7'),
(282, 4, 1, 'Novi.R@gmail.com', '$2y$12$NjyKqNxmBeMY/SV5eC1GYu8Jx4qv.egBIzqNd9ywPeML2xNBMv6F.', 'Novi. R', '0', 'img/default_avatar.png', 'kinagara regency M14', '', '', 1, 0, '2018-05-11 22:51:41', '2019-08-23 18:15:10', 1, '6a9aeddfc689c1d0e3b9ccc3ab651bc5'),
(283, 4, 1, 'Yayu_nurafianti@gmail.com', '$2y$12$NjyKqNxmBeMY/SV5eC1GYu8Jx4qv.egBIzqNd9ywPeML2xNBMv6F.', 'Yayu Nur Afianty', '082316113762', 'img/default_avatar.png', 'kinagara E-7', '', '', 0, 0, '2018-05-11 23:14:04', '2019-09-21 02:25:29', 1, '0f49c89d1e7298bb9930789c8ed59d48'),
(284, 4, 1, 'TriHandayani@gmail.com', '$2y$12$NjyKqNxmBeMY/SV5eC1GYu8Jx4qv.egBIzqNd9ywPeML2xNBMv6F.', 'Tri Handayani', '0', 'img/default_avatar.png', 'kinagara regency L54', '', '', 1, 0, '2018-05-11 23:33:31', '2019-08-23 18:15:10', 1, '46ba9f2a6976570b0353203ec4474217'),
(285, 4, 1, 'Nia@gmail.com', '$2y$12$NjyKqNxmBeMY/SV5eC1GYu8Jx4qv.egBIzqNd9ywPeML2xNBMv6F.', 'Nia', '0', 'img/default_avatar.png', 'kinagara regency K26', '', '', 1, 0, '2018-05-12 01:12:04', '2019-08-23 18:15:11', 1, '0e01938fc48a2cfb5f2217fbfb00722d'),
(286, 4, 1, 'Nareta@gmail.com', '$2y$12$NjyKqNxmBeMY/SV5eC1GYu8Jx4qv.egBIzqNd9ywPeML2xNBMv6F.', 'Nareta', '0', 'img/default_avatar.png', 'Kinagara Regency H15', '', '', 1, 0, '2018-05-12 01:15:41', '2019-08-23 18:15:11', 1, '16a5cdae362b8d27a1d8f8c7b78b4330'),
(287, 4, 1, 'RagylPeunawa@gmail.com', '$2y$12$NjyKqNxmBeMY/SV5eC1GYu8Jx4qv.egBIzqNd9ywPeML2xNBMv6F.', 'Ragyl Peunawa', '0', 'img/default_avatar.png', 'Kinagara Regency M13', '', '', 1, 0, '2018-05-12 01:17:28', '2019-08-23 18:15:11', 1, '918317b57931b6b7a7d29490fe5ec9f9'),
(288, 4, 1, 'AlifiaMetaZakiyatin@gmail.com', '$2y$12$NjyKqNxmBeMY/SV5eC1GYu8Jx4qv.egBIzqNd9ywPeML2xNBMv6F.', 'Alifia Meta Zakiyatin', '0', 'img/default_avatar.png', 'Kinagara Regency J24', '', '', 1, 0, '2018-05-12 09:44:09', '2019-08-23 18:15:11', 1, '48aedb8880cab8c45637abc7493ecddd'),
(289, 4, 1, 'DewiKusumawati@gmail.com', '$2y$12$NjyKqNxmBeMY/SV5eC1GYu8Jx4qv.egBIzqNd9ywPeML2xNBMv6F.', 'Dewi Kusumawati', '082320940499', 'img/default_avatar.png', 'Kinagara Regency C25', '', '', 1, 0, '2018-05-12 09:54:06', '2019-08-23 18:15:11', 1, '839ab46820b524afda05122893c2fe8e'),
(290, 4, 1, 'CristWulan@gmail.com', '$2y$12$NjyKqNxmBeMY/SV5eC1GYu8Jx4qv.egBIzqNd9ywPeML2xNBMv6F.', 'Crist Wulan', '08112292678', 'img/default_avatar.png', 'Kinagara Regency H37', '', '', 1, 0, '2018-05-12 10:20:50', '2019-08-23 18:15:12', 1, 'f90f2aca5c640289d0a29417bcb63a37'),
(291, 4, 1, 'Fauziahriyadi@gmail.com', '$2y$12$NjyKqNxmBeMY/SV5eC1GYu8Jx4qv.egBIzqNd9ywPeML2xNBMv6F.', 'Fauziah', '082111008734', 'img/default_avatar.png', ' -', '', '', 1, 0, '2018-05-12 10:24:51', '2019-08-24 01:34:53', 1, '9c838d2e45b2ad1094d42f4ef36764f6'),
(292, 4, 1, 'HUmairah@gmail.com', '$2y$12$NjyKqNxmBeMY/SV5eC1GYu8Jx4qv.egBIzqNd9ywPeML2xNBMv6F.', 'HUmairah', '083871579294', 'img/default_avatar.png', 'Kinagara Regency O4', '', '', 1, 0, '2018-05-12 10:34:51', '2019-08-23 18:15:12', 1, '1700002963a49da13542e0726b7bb758'),
(294, 4, 1, 'Eva@gmail.com', '$2y$12$NjyKqNxmBeMY/SV5eC1GYu8Jx4qv.egBIzqNd9ywPeML2xNBMv6F.', 'Eva', '089655418816', 'img/default_avatar.png', 'Kinagara Regency K28', '', '', 1, 0, '2018-05-12 10:55:02', '2019-08-23 18:15:13', 1, '6883966fd8f918a4aa29be29d2c386fb'),
(295, 4, 1, 'SantiEkawati@gmail.com', '$2y$12$NjyKqNxmBeMY/SV5eC1GYu8Jx4qv.egBIzqNd9ywPeML2xNBMv6F.', 'Santi Ekawati', '087822962444', 'img/default_avatar.png', 'Kinagara Regency M4', '', '', 1, 0, '2018-05-12 11:10:33', '2019-08-23 18:15:13', 1, '49182f81e6a13cf5eaa496d51fea6406'),
(296, 4, 1, 'NilaArmeliaWindasari@gmail.com', '$2y$12$NjyKqNxmBeMY/SV5eC1GYu8Jx4qv.egBIzqNd9ywPeML2xNBMv6F.', 'Nila Armelia Windasari', '085132447668', 'img/default_avatar.png', 'Kinagara regency Q10', '', '', 1, 0, '2018-05-12 11:15:04', '2019-08-23 18:15:13', 1, 'd296c101daa88a51f6ca8cfc1ac79b50'),
(297, 4, 1, 'Novianti@gmail.com', '$2y$12$NjyKqNxmBeMY/SV5eC1GYu8Jx4qv.egBIzqNd9ywPeML2xNBMv6F.', 'Novianti', '08122146611', 'img/default_avatar.png', 'Kinagara Regency A16', '', '', 1, 0, '2018-05-12 11:22:55', '2019-08-23 18:15:13', 1, '9fd81843ad7f202f26c1a174c7357585'),
(298, 4, 1, 'Riska@gmail.com', '$2y$12$NjyKqNxmBeMY/SV5eC1GYu8Jx4qv.egBIzqNd9ywPeML2xNBMv6F.', 'Riska', '085263383000', 'img/default_avatar.png', 'Kinagara Regency O16', '', '', 1, 0, '2018-05-12 11:31:47', '2019-08-23 18:15:13', 1, '26e359e83860db1d11b6acca57d8ea88'),
(300, 4, 1, 'EnggelinaNalle@gmail.com', '$2y$12$NjyKqNxmBeMY/SV5eC1GYu8Jx4qv.egBIzqNd9ywPeML2xNBMv6F.', 'Enggelina Nalle', '08122159993', 'img/default_avatar.png', 'Kinagara Regency N15', '', '', 1, 0, '2018-05-12 12:05:29', '2019-08-23 18:15:14', 1, '94f6d7e04a4d452035300f18b984988c'),
(302, 4, 1, 'DewiKusuma@gmail.com', '$2y$12$NjyKqNxmBeMY/SV5eC1GYu8Jx4qv.egBIzqNd9ywPeML2xNBMv6F.', 'Dewi Kusuma', '0', 'img/default_avatar.png', 'kinagara regency C25', '', '', 1, 0, '2018-05-12 14:44:36', '2019-08-23 18:15:14', 1, '577bcc914f9e55d5e4e4f82f9f00e7d4'),
(303, 4, 1, 'Yuli@gmail.com', '$2y$12$NjyKqNxmBeMY/SV5eC1GYu8Jx4qv.egBIzqNd9ywPeML2xNBMv6F.', 'Yuli', '0', 'img/default_avatar.png', 'kinagara regency N9', '', '', 1, 0, '2018-05-12 16:38:36', '2019-08-23 18:15:14', 1, '11b9842e0a271ff252c1903e7132cd68'),
(304, 4, 1, 'Yulianti@gmail.com', '$2y$12$NjyKqNxmBeMY/SV5eC1GYu8Jx4qv.egBIzqNd9ywPeML2xNBMv6F.', 'Yulianti', '0', 'img/default_avatar.png', 'kinagara regency R12', '', '', 1, 0, '2018-05-12 16:41:21', '2019-08-23 18:15:14', 1, '37bc2f75bf1bcfe8450a1a41c200364c'),
(305, 4, 1, 'utami.sadiahm@gmail.com', '$2y$12$NjyKqNxmBeMY/SV5eC1GYu8Jx4qv.egBIzqNd9ywPeML2xNBMv6F.', 'Utami sadiah', '082121297378', 'img/default_avatar.png', 'kinagara N-18', '', '', 0, 0, '2018-05-12 16:43:21', '2019-09-21 03:34:06', 1, '496e05e1aea0a9c4655800e8a7b9ea28'),
(306, 4, 1, 'Sela@gmail.com', '$2y$12$NjyKqNxmBeMY/SV5eC1GYu8Jx4qv.egBIzqNd9ywPeML2xNBMv6F.', 'Sela', '0', 'img/default_avatar.png', 'kinagara regency B9', '', '', 1, 0, '2018-05-12 16:44:52', '2019-08-23 18:15:15', 1, 'b2eb7349035754953b57a32e2841bda5'),
(312, 4, 1, 'HaulaSifa@gmail.com', '$2y$12$NjyKqNxmBeMY/SV5eC1GYu8Jx4qv.egBIzqNd9ywPeML2xNBMv6F.', 'Haula Sifa', '0', 'img/default_avatar.png', 'kinagara regency E8', '', '', 1, 0, '2018-10-19 19:44:58', '2019-08-23 18:15:16', 1, '950a4152c2b4aa3ad78bdd6b366cc179'),
(313, 4, 1, 'Rihandayani@gmail.com', '$2y$12$NjyKqNxmBeMY/SV5eC1GYu8Jx4qv.egBIzqNd9ywPeML2xNBMv6F.', 'Rihandayani', '0', 'img/default_avatar.png', 'kinagara regency M7', '', '', 1, 0, '2018-10-19 20:10:05', '2019-08-23 18:15:16', 1, '158f3069a435b314a80bdcb024f8e422'),
(314, 4, 1, 'Wynda@gmail.com', '$2y$12$NjyKqNxmBeMY/SV5eC1GYu8Jx4qv.egBIzqNd9ywPeML2xNBMv6F.', 'Wynda', '0', 'img/default_avatar.png', 'kinagara regency Q5', '', '', 1, 0, '2018-10-19 20:17:59', '2019-08-23 18:15:17', 1, '758874998f5bd0c393da094e1967a72b'),
(315, 4, 1, 'Safitri@gmail.com', '$2y$12$NjyKqNxmBeMY/SV5eC1GYu8Jx4qv.egBIzqNd9ywPeML2xNBMv6F.', 'Safitri', '0', 'img/default_avatar.png', 'Kinagara Regency B20', '', '', 1, 0, '2018-11-16 19:48:20', '2019-08-23 18:15:17', 1, 'ad13a2a07ca4b7642959dc0c4c740ab6'),
(316, 4, 1, 'DianayuS@gmail.com', '$2y$12$NjyKqNxmBeMY/SV5eC1GYu8Jx4qv.egBIzqNd9ywPeML2xNBMv6F.', 'Dian ayu S', '0', 'img/default_avatar.png', 'Kinagara Regency L5', '', '', 1, 0, '2018-11-16 20:37:31', '2019-08-23 18:15:17', 1, '3fe94a002317b5f9259f82690aeea4cd'),
(317, 4, 1, 'Ariirahmawati030682@gmail.com', '$2y$12$NjyKqNxmBeMY/SV5eC1GYu8Jx4qv.egBIzqNd9ywPeML2xNBMv6F.', 'Ari Rahmawati', '081320939502', 'img/default_avatar.png', 'kinagara  D1 -8', '', '', 0, 0, '2018-12-21 20:33:45', '2019-09-21 02:51:34', 1, '5b8add2a5d98b1a652ea7fd72d942dac'),
(318, 4, 1, 'FarrahRandPaz@gmail.com', '$2y$12$NjyKqNxmBeMY/SV5eC1GYu8Jx4qv.egBIzqNd9ywPeML2xNBMv6F.', 'Farrah Rand Paz', '081220062065', 'img/default_avatar.png', 'Kinagara Regency P10', '', '', 1, 0, '2018-12-21 20:36:47', '2019-08-23 18:15:18', 1, '432aca3a1e345e339f35a30c8f65edce'),
(319, 4, 1, '0@gmail.com', '$2y$12$NjyKqNxmBeMY/SV5eC1GYu8Jx4qv.egBIzqNd9ywPeML2xNBMv6F.', '0', '0', 'img/default_avatar.png', '0 00', '', '', 1, 0, '2019-01-18 18:41:39', '2019-08-23 18:15:18', 1, '8d3bba7425e7c98c50f52ca1b52d3735'),
(320, 4, 1, 'SitiMariyam@gmail.com', '$2y$12$NjyKqNxmBeMY/SV5eC1GYu8Jx4qv.egBIzqNd9ywPeML2xNBMv6F.', 'Siti Mariyam', '085222770881', 'img/default_avatar.png', 'Kinagara Regency N4', '', '', 1, 0, '2019-01-18 19:55:57', '2019-08-23 18:15:18', 1, '320722549d1751cf3f247855f937b982'),
(321, 4, 1, 'Silvariyani@gmail.com', '$2y$12$NjyKqNxmBeMY/SV5eC1GYu8Jx4qv.egBIzqNd9ywPeML2xNBMv6F.', 'Silvariyani', '0', 'img/default_avatar.png', 'Kinagara Regency N3', '', '', 1, 0, '2019-01-18 20:22:01', '2019-08-23 18:15:19', 1, 'caf1a3dfb505ffed0d024130f58c5cfa'),
(325, 4, 1, 'MorintaR@gmail.com', '$2y$12$NjyKqNxmBeMY/SV5eC1GYu8Jx4qv.egBIzqNd9ywPeML2xNBMv6F.', 'Morinta R', '0', 'img/default_avatar.png', 'Kinagara Regency O14', '', '', 1, 0, '2019-03-15 19:51:45', '2019-08-23 18:15:20', 1, '89f0fd5c927d466d6ec9a21b9ac34ffa'),
(326, 4, 1, 'SallyMardiiyyaa@gmail.com', '$2y$12$NjyKqNxmBeMY/SV5eC1GYu8Jx4qv.egBIzqNd9ywPeML2xNBMv6F.', 'Sally Mardiiyyaa', '0', 'img/default_avatar.png', 'Kinagara Regency R13', '', '', 1, 0, '2019-04-12 19:13:46', '2019-08-23 18:15:20', 1, 'a666587afda6e89aec274a3657558a27'),
(327, 4, 1, 'Dimas@gmail.com', '$2y$12$NjyKqNxmBeMY/SV5eC1GYu8Jx4qv.egBIzqNd9ywPeML2xNBMv6F.', 'Dimas', '0', 'img/default_avatar.png', 'Kinagara Regency K1', '', '', 1, 0, '2019-04-12 19:24:14', '2019-08-23 18:15:21', 1, 'b83aac23b9528732c23cc7352950e880'),
(328, 4, 1, 'diahadniskm@gmail.com', '$2y$12$NjyKqNxmBeMY/SV5eC1GYu8Jx4qv.egBIzqNd9ywPeML2xNBMv6F.', 'Diah Adni', '081289915034', 'img/default_avatar.png', 'Kinagara  N-21', '', '', 0, 0, '2019-04-12 19:42:14', '2019-09-21 02:13:55', 1, 'cd00692c3bfe59267d5ecfac5310286c'),
(330, 4, 1, 'RimaSundari@gmail.com', '$2y$12$NjyKqNxmBeMY/SV5eC1GYu8Jx4qv.egBIzqNd9ywPeML2xNBMv6F.', 'Rima Sundari', '0', 'img/default_avatar.png', 'Kinagara Regency P15', '', '', 1, 0, '2019-04-12 20:50:24', '2019-08-23 18:15:22', 1, 'fe73f687e5bc5280214e0486b273a5f9'),
(331, 4, 1, '-@gmail.com', '$2y$12$NjyKqNxmBeMY/SV5eC1GYu8Jx4qv.egBIzqNd9ywPeML2xNBMv6F.', '-', '0', 'img/default_avatar.png', 'Kinagara Regency G73', '', '', 1, 0, '2019-04-12 20:52:28', '2019-08-23 18:15:22', 1, '6da37dd3139aa4d9aa55b8d237ec5d4a'),
(333, 4, 1, 'AndinaGitaIntania@gmail.com', '$2y$12$NjyKqNxmBeMY/SV5eC1GYu8Jx4qv.egBIzqNd9ywPeML2xNBMv6F.', 'Andina Gita Intania', '081322577610', 'img/default_avatar.png', '0 N6', '', '', 1, 0, '2019-06-25 19:40:09', '2019-08-23 18:15:23', 1, '310dcbbf4cce62f762a2aaa148d556bd'),
(334, 4, 1, 'SiscaPermata@gmail.com', '$2y$12$NjyKqNxmBeMY/SV5eC1GYu8Jx4qv.egBIzqNd9ywPeML2xNBMv6F.', 'Sisca Permata', '08977067366', 'img/default_avatar.png', 'Kinagara Regency G19', '', '', 1, 0, '2019-06-25 19:42:21', '2019-08-23 18:15:23', 1, '2f2b265625d76a6704b08093c652fd79'),
(339, 4, 1, 'Ida@gmail.com', '$2y$12$NjyKqNxmBeMY/SV5eC1GYu8Jx4qv.egBIzqNd9ywPeML2xNBMv6F.', 'Ida', '0', 'img/default_avatar.png', 'Kinagara Regency M26', '', '', 1, 0, '2019-06-26 04:08:11', '2019-08-23 18:15:24', 1, '04025959b191f8f9de3f924f0940515f'),
(341, 3, 1, 'daradira1910@gmail.com', '$2y$10$QZb5JtzbNY7dF4pAYPV4pew5qZ7ot7/klMprp2nUVa4gQZ9D0L3Tm', 'risty', '082120494555', 'img/default_avatar.png', 'kinagara i-24', '81fe2acf-3df0-4e64-9566-41d69d780df4', '', 1, 0, '2019-08-24 01:27:27', '0000-00-00 00:00:00', 1, '3dd48ab31d016ffcbf3314df2b3cb9ce'),
(342, 3, 1, 'nonon.sukmawatie@gmail.com', '$2y$10$VHzqb9wvYm7.HfNKyF9tA.nuR3sDx42u5g0fOvH5Y26ex7HX./D16', 'Nonon Sukmawati', '085294223081', 'img/default_avatar.png', 'Kinagara Regency  D-22', 'aa2bb29d-b80c-45ac-85de-d88b1b3c9b09', '', 1, 0, '2019-08-24 01:37:45', '0000-00-00 00:00:00', 0, '58238e9ae2dd305d79c2ebc8c1883422'),
(343, 4, 1, 'nunuhfidya@gmail.com', '$2y$10$piHse4lqaMx9WqjxKBucLe48fbByxe/7lV27Yq9DFaqhTNPhaPXl.', 'nunuh destri', '082136493245', 'img/default_avatar.png', 'kianagara revency T-2', 'e87843e6-6154-4e0c-8319-97bbb3ad2ef3', '', 0, 0, '2019-08-24 01:44:03', '2019-09-21 03:24:15', 1, '3ad7c2ebb96fcba7cda0cf54a2e802f5'),
(346, 4, 1, 'dewipurnamaalftih@gmail.com', '$2y$10$//iHTmBDB65Nu/gIrfqAW.tqsCul9NQ2jA.MHp1OPl3KI/sT6ewpS', 'Dewi Kusumawati', '082320940499', 'img/default_avatar.png', 'Kinagara Regency  C-25', '1ba8e429-07e7-48f4-922f-90c0ed72fb7d', '', 1, 0, '2019-08-24 02:30:58', '0000-00-00 00:00:00', 0, '13f9896df61279c928f19721878fac41'),
(347, 4, 1, 'ibudanayahaldan@gmail.com', '$2y$10$RsizldQAdcpe7jy2FwfdAOd9IlgLEVnR8VX4jP/VKk4BW.7WoZUSC', 'Sri Noviana', '085771008064', 'img/default_avatar.png', 'Kinagara Regency R-17', '2952a79a-cbc0-477e-9f29-64433966ac6b', '', 1, 0, '2019-08-24 02:56:09', '0000-00-00 00:00:00', 1, 'c5ff2543b53f4cc0ad3819a36752467b'),
(348, 4, 1, 'yayu_nurafianti@yahoo.com', '$2y$10$sBL/mX6kVt2nlshqlh9M3u1rnYQAA/e0h5D0kVtCX1VmY82h.1qui', 'Yayu Nur Afianti', '082316113762', 'img/default_avatar.png', 'Kinagara Regency  E-7', 'ea819882-79f5-41ec-a627-0b15e5a4d0ce', '', 1, 0, '2019-08-24 03:03:56', '0000-00-00 00:00:00', 0, '01386bd6d8e091c2ab4c7c7de644d37b'),
(349, 4, 1, 'Anna@gmail.com', '$2y$10$dNZp717vaN9MLQzAowqH0urHArrcNwia0ukn5R.mXmrMyFxaKfYB6', 'Anna', '081081081081', 'img/default_avatar.png', 'Kinagara Regency p-7', 'bf46721b-783d-4ac3-88b5-08a55ff93c21', '', 1, 0, '2019-08-24 05:16:18', '0000-00-00 00:00:00', 0, '0bb4aec1710521c12ee76289d9440817'),
(350, 4, 1, 'wini@gmail.com', '$2y$10$RI0gckarEqiMraHt/GYSYOk2YlEKivrk7XjSw4MuSycbu6omCnUpy', 'Wini', '081081081081', 'img/default_avatar.png', 'kinagara Regency Q-1', '777b654f-4fbc-42dd-9bfa-a221223032c4', '', 1, 0, '2019-08-24 05:20:24', '0000-00-00 00:00:00', 0, '9de6d14fff9806d4bcd1ef555be766cd'),
(351, 4, 1, 'wiwin@gmail.com', '$2y$10$zvx8J8H/eWrx703gC2RqsOyO6DJII2I4uginD5GEXQ2wyP2aKH/ei', 'wiwin', '081081081081', 'img/default_avatar.png', 'kinagara regency  s-12', 'b76d8121-e19d-4f32-8904-58625b925ef1', '', 1, 0, '2019-08-24 05:23:50', '0000-00-00 00:00:00', 0, 'efe937780e95574250dabe07151bdc23'),
(352, 2, 56, 'ufyluffy@gmail.com', '$2y$10$rX2FOTi4Eq7nU6xSJSMHD.b13yZE2BGi7jpKXQeG2LKhHedIHpBVO', 'yanti', '081321466477', 'img/default_avatar.png', 'Amerta A-12', '0', '', 1, 0, '2019-09-17 03:05:58', '0000-00-00 00:00:00', 0, '371bce7dc83817b7893bcdeed13799b5'),
(353, 2, 57, 'Desi@gmail.com', '$2y$10$GElqTf7LvgzvqFj03jF2Butnjwx1yMQR6jL1Sf84stBYO.yore/EK', 'Desi Rtanasari', '081321321321', 'img/default_avatar.png', 'Komp. Amerta A-13', '0', '', 1, 0, '2019-09-17 03:09:23', '0000-00-00 00:00:00', 0, '138bb0696595b338afbab333c555292a'),
(354, 4, 1, 'septianierlinda84@gmail.com', '$2y$10$XaV.ulavAdQcMMa7Ky6ejeYbl/mpiCK7CJHBo1daaWeebpyO8jrLm', 'Erlinda', '081931323801', 'img/default_avatar.png', 'kinagara i-29', '83f5c4d9-4a31-4e33-b39d-8383b110a30f', '', 1, 0, '2019-09-21 01:41:03', '0000-00-00 00:00:00', 0, '8dd48d6a2e2cad213179a3992c0be53c'),
(355, 4, 1, 'yesikasundayani@gmail.com', '$2y$10$9PaqL0ojtgnf8SPyq8pSdOsB6TtV.oAGkLH5BK4fInboXiTMjJaEO', 'yesika sundayani', '082126623626', 'img/default_avatar.png', 'kinagara T-3', 'ce1cf2bb-76d0-463b-aa8a-fb5d788fa89b', '', 1, 0, '2019-09-21 02:19:15', '0000-00-00 00:00:00', 1, '82cec96096d4281b7c95cd7e74623496'),
(356, 4, 1, 'nana_frogygirls@yahoo.com', '$2y$10$NVzEdqxoJWPSUXAnA3RTs.6wyKlhYvA6rKkcvfUO5uYb4toRDoQCa', 'Fatchona Ade saputri ', '0815199300921', 'img/default_avatar.png', 'kinagara I-3', '4cc63505-7980-4ce2-abf4-5c3d6ad84e87', '', 1, 0, '2019-09-21 02:31:40', '0000-00-00 00:00:00', 1, '6c524f9d5d7027454a783c841250ba71'),
(357, 4, 1, 'swahyuningsih1992@gmail.com', '$2y$10$VHgfgbEe/f.A6B1728cMteEPZxqDMFKi52gwUNl96NofzabUfhHIC', 'sri wahyuningsih', '082119423946', 'img/default_avatar.png', 'kinagara A-2', '99c21db0-54a0-4f3c-aabf-a8231f9787da', '', 1, 0, '2019-09-21 02:48:48', '0000-00-00 00:00:00', 0, 'fb7b9ffa5462084c5f4e7e85a093e6d7'),
(358, 4, 1, 'yaniyulianti.yy@gmail.com', '$2y$10$EwcKPjgyDUcwtRCCbC5vTO4vMw9ioaWqa0qjmQIBo7CsUYB7PB2ya', 'yani yulianti', '082126844419', 'img/default_avatar.png', 'kinagara  A-8', 'da728e7d-9cc1-426a-8f18-8a227b40e859', '', 1, 0, '2019-09-21 02:57:51', '0000-00-00 00:00:00', 0, 'aa942ab2bfa6ebda4840e7360ce6e7ef'),
(359, 4, 1, 'icharisa21@gmail.com', '$2y$10$jDAgi/jKdv/xR333BZA8oOPPHUDXwYqXnNNgmKaLLL/ia2/cGC/2.', 'Risa Icha', '085722525782', 'img/default_avatar.png', 'Kinagara J-8', 'fb5e6f73-fca4-41a2-a3f5-dd86bdc9f5a2', '', 1, 0, '2019-09-21 04:08:50', '0000-00-00 00:00:00', 0, 'c058f544c737782deacefa532d9add4c'),
(360, 4, 1, 'novimediana.pasyasaribs@gmail.com', '$2y$10$oCQqr/RN4J8EfaR9Kpxe3eqEznpXVjXXrpxUs1kSAolT0HCohFvMS', 'novi mediana', '081322711883', 'img/default_avatar.png', 'kinagara  k -16', 'b8f84176-8f43-4192-8cc5-7522399df3f1', '', 1, 0, '2019-10-19 02:03:50', '0000-00-00 00:00:00', 0, 'e7b24b112a44fdd9ee93bdf998c6ca0e'),
(361, 2, 2, 'lutfiahintan99@gmail.com', '$2y$10$ljTf0TOem8rdA.kywweABOVS29oXmVc94Ao8PQpDOuQ3k4Ng3zfue', 'Lutfiah Intan', '123456789', 'img/default_avatar.png', 'telkom university, jl sukabirus no 40 bandung C-40', '0', '', 1, 0, '2020-05-07 22:54:46', '0000-00-00 00:00:00', 0, '52720e003547c70561bf5e03b95aa99f'),
(365, 2, 5, 'asd', '$2y$10$m2W1qZVnn7H7GeL5KFlCh.G0gW8TYKBPaGwwapzIvWJdfrS4wIdZa', 'asd', 'asd', 'img/default_avatar.png', 'asd asd-asd', '0', '', 1, 0, '2020-05-29 13:25:25', '0000-00-00 00:00:00', 0, '9be40cee5b0eee1462c82c6964087ff9'),
(366, 2, 6, 'as', '$2y$10$RuRDtsOnYaDnUp8cleT.KOCSrcgd5MwJ4FtiVekWZtVCYpTkf3LH6', 'dasd', 'asd', 'img/default_avatar.png', 'asd asd-asd', '0', '', 1, 0, '2020-05-29 13:55:06', '0000-00-00 00:00:00', 0, '5ef698cd9fe650923ea331c15af3b160'),
(371, 3, 11, 'bmb', '$2y$10$eFTHskrgc.oylYKdne.sde8iDjYB1tC2t/4h3DAUfaGCCeYvYV3Ka', 'nmn', 'nm', 'img/default_avatar.png', 'jnm 0980-9', '0', '', 1, 0, '2020-05-29 14:59:19', '0000-00-00 00:00:00', 0, '41f1f19176d383480afa65d325c06ed0'),
(372, 3, 13, 'gfhf', '$2y$10$jbeZKuNEPPq7pYneiGpD8eDo0mFu2F9Lm5SvAHrPiDNM2sTkmmxoG', 'zbmz', '57585', 'img/default_avatar.png', 'hvjhv 75-78', '0', '', 1, 0, '2020-05-30 06:50:46', '0000-00-00 00:00:00', 0, '24b16fede9a67c9251d3e7c7161c83ac'),
(373, 3, 14, 'bjhsbcjhab', '$2y$10$Y6iJ3L9WMmXGNnE3rq/p2.CoQUFWrOgrxi5R7AK8PfNkjkO0.Dsd2', 'bhsbjhabj', '7q984791', 'img/default_avatar.png', 'bhjsabv hb-hbh', '0', '', 1, 0, '2020-05-30 08:57:46', '0000-00-00 00:00:00', 0, 'ffd52f3c7e12435a724a8f30fddadd9c');

-- --------------------------------------------------------

--
-- Table structure for table `vitamin`
--

CREATE TABLE `vitamin` (
  `id` int(11) NOT NULL,
  `nama` varchar(255) NOT NULL,
  `deskripsi` varchar(255) NOT NULL,
  `jarak` varchar(255) NOT NULL,
  `created_at` timestamp NOT NULL DEFAULT CURRENT_TIMESTAMP,
  `updated_at` timestamp NOT NULL DEFAULT CURRENT_TIMESTAMP ON UPDATE CURRENT_TIMESTAMP
) ENGINE=InnoDB DEFAULT CHARSET=latin1;

--
-- Dumping data for table `vitamin`
--

INSERT INTO `vitamin` (`id`, `nama`, `deskripsi`, `jarak`, `created_at`, `updated_at`) VALUES
(1, 'Biru', '1 Kapsul biru di bulan februari atau agustus', '6 - 11', '2018-04-17 16:03:45', '2018-06-03 19:44:01'),
(2, 'Merah', '1 Kapsul merah setiap bulan februari atau agustus', '12 - 23', '2018-04-17 16:05:11', '2018-06-03 19:47:56'),
(3, 'Merah', '1 Kapsul merah setiap bulan februari atau agustus', '24 - 35', '2018-04-17 16:05:28', '2018-06-03 19:48:39'),
(4, 'Merah', '1 Kapsul merah setiap bulan februari atau agustus', '36 - 47', '2018-04-17 16:05:38', '2018-06-03 19:48:39'),
(5, 'Merah', '1 Kapsul merah setiap bulan februari atau agustus', '48 - 59', '2018-04-17 16:04:34', '2018-06-03 19:48:39');

--
-- Indexes for dumped tables
--

--
-- Indexes for table `admin`
--
ALTER TABLE `admin`
  ADD PRIMARY KEY (`id`);

--
-- Indexes for table `balita`
--
ALTER TABLE `balita`
  ADD PRIMARY KEY (`id`);

--
-- Indexes for table `balita_imunisasi`
--
ALTER TABLE `balita_imunisasi`
  ADD PRIMARY KEY (`id`);

--
-- Indexes for table `balita_kondisi`
--
ALTER TABLE `balita_kondisi`
  ADD PRIMARY KEY (`id`);

--
-- Indexes for table `balita_vitamin`
--
ALTER TABLE `balita_vitamin`
  ADD PRIMARY KEY (`id`);

--
-- Indexes for table `imunisasi`
--
ALTER TABLE `imunisasi`
  ADD PRIMARY KEY (`id`);

--
-- Indexes for table `jadwal`
--
ALTER TABLE `jadwal`
  ADD PRIMARY KEY (`id`);

--
-- Indexes for table `kelurahan`
--
ALTER TABLE `kelurahan`
  ADD PRIMARY KEY (`id`);

--
-- Indexes for table `logs`
--
ALTER TABLE `logs`
  ADD PRIMARY KEY (`id`);

--
-- Indexes for table `posyandu`
--
ALTER TABLE `posyandu`
  ADD PRIMARY KEY (`id`);

--
-- Indexes for table `role`
--
ALTER TABLE `role`
  ADD PRIMARY KEY (`id`);

--
-- Indexes for table `users`
--
ALTER TABLE `users`
  ADD PRIMARY KEY (`id`),
  ADD UNIQUE KEY `email` (`email`);

--
-- Indexes for table `vitamin`
--
ALTER TABLE `vitamin`
  ADD PRIMARY KEY (`id`);

--
-- AUTO_INCREMENT for dumped tables
--

--
-- AUTO_INCREMENT for table `admin`
--
ALTER TABLE `admin`
  MODIFY `id` int(11) NOT NULL AUTO_INCREMENT;

--
-- AUTO_INCREMENT for table `balita`
--
ALTER TABLE `balita`
  MODIFY `id` int(11) NOT NULL AUTO_INCREMENT, AUTO_INCREMENT=388;

--
-- AUTO_INCREMENT for table `balita_imunisasi`
--
ALTER TABLE `balita_imunisasi`
  MODIFY `id` int(11) NOT NULL AUTO_INCREMENT, AUTO_INCREMENT=73;

--
-- AUTO_INCREMENT for table `balita_kondisi`
--
ALTER TABLE `balita_kondisi`
  MODIFY `id` int(11) NOT NULL AUTO_INCREMENT, AUTO_INCREMENT=1577;

--
-- AUTO_INCREMENT for table `balita_vitamin`
--
ALTER TABLE `balita_vitamin`
  MODIFY `id` int(11) NOT NULL AUTO_INCREMENT, AUTO_INCREMENT=26;

--
-- AUTO_INCREMENT for table `imunisasi`
--
ALTER TABLE `imunisasi`
  MODIFY `id` int(11) NOT NULL AUTO_INCREMENT, AUTO_INCREMENT=12;

--
-- AUTO_INCREMENT for table `jadwal`
--
ALTER TABLE `jadwal`
  MODIFY `id` int(11) NOT NULL AUTO_INCREMENT, AUTO_INCREMENT=12;

--
-- AUTO_INCREMENT for table `kelurahan`
--
ALTER TABLE `kelurahan`
  MODIFY `id` int(11) NOT NULL AUTO_INCREMENT, AUTO_INCREMENT=3;

--
-- AUTO_INCREMENT for table `logs`
--
ALTER TABLE `logs`
  MODIFY `id` int(11) NOT NULL AUTO_INCREMENT;

--
-- AUTO_INCREMENT for table `posyandu`
--
ALTER TABLE `posyandu`
  MODIFY `id` int(11) NOT NULL AUTO_INCREMENT, AUTO_INCREMENT=15;

--
-- AUTO_INCREMENT for table `role`
--
ALTER TABLE `role`
  MODIFY `id` int(11) NOT NULL AUTO_INCREMENT, AUTO_INCREMENT=5;

--
-- AUTO_INCREMENT for table `users`
--
ALTER TABLE `users`
  MODIFY `id` int(11) NOT NULL AUTO_INCREMENT, AUTO_INCREMENT=374;

--
-- AUTO_INCREMENT for table `vitamin`
--
ALTER TABLE `vitamin`
  MODIFY `id` int(11) NOT NULL AUTO_INCREMENT, AUTO_INCREMENT=6;
COMMIT;

/*!40101 SET CHARACTER_SET_CLIENT=@OLD_CHARACTER_SET_CLIENT */;
/*!40101 SET CHARACTER_SET_RESULTS=@OLD_CHARACTER_SET_RESULTS */;
/*!40101 SET COLLATION_CONNECTION=@OLD_COLLATION_CONNECTION */;
